Sequence,pIC50,y_pred_pmic,ape_pmic,MIC,y_pred_mic,ape_mic
SNNTIAIPTNFSISITTEVM,8.185012292283764,11.973209473436825,46.282119633764005,278.801,6.31104381064293,97.73636256303135
FKLPLGINITNFRAILTAFS,8.230383999814125,15.72024037152923,91.00251424337256,266.434,0.14886285791397294,99.94412767968278
VLYNSTFFSTFKCYGVSATK,8.244623487739776,11.8554738847152,43.79642566267537,262.66700000000003,7.099587425320445,97.29711481635667
GIGVTQNVLYENQKQIANQF,8.245110915539666,13.251904118233632,60.72438871935124,262.539,1.7569975938352702,99.33076701220189
PALNCYWPLNDYGFYTTSGI,8.26127272058809,11.742939723275429,42.14443851987362,258.33,7.945222738815014,96.92439022226803
FGGASCCLYCRCHIDHPNPKGFCDLKGKY,8.740336742730447,11.867732098954273,35.781176953221596,160.0,7.013090394332082,95.61681850354243
GGASCCLYCRCH,8.740336742730447,13.544238067393962,54.96242840596546,160.0,1.31163242916259,99.18022973177338
IEEINKKVEEIQKKIEELNKKAEELNKKLEELQKK,9.210340371976184,14.22548536847466,54.45124494809978,100.0,0.663666967357951,99.33633303264205
GWWYKGRARAVSAVA,9.326874188232134,11.396073754223245,22.185348748478383,89.0,11.239527472189215,87.37131744697841
AETVESCLAKPHTEN,9.625855815937848,11.881775265610896,23.4360403148554,66.0,6.915292699036006,89.52228378933938
YQDVNCTDVSTAIHADQLTP,9.693161799332577,11.584866188173903,19.51586518417117,61.70399999999999,9.305860563364448,84.9185456966089
PTTFMLKYDENGTITDAVDC,9.720866040733176,14.037180473418154,44.40257086764081,60.018,0.8011797777561678,98.66510084015434
GAWYKGRARPVSAVA,9.845218644412153,10.80572693319931,9.756088955244403,53.0,20.283010709189796,61.730168473226804
DFRRLPGAFWQLRQP,9.864266839382847,11.883706590931993,20.472274163210816,52.0,6.901949907926126,86.72701940783438
CNDFRSKTC,9.944309547056383,11.900400319014798,19.67045336533634,48.0,6.7876870232435325,85.85898536824264
AVASVPRARGKYWWG,10.031320924046012,11.058221011757427,10.236937841853301,44.0,15.757076188855073,64.18846320714756
ALNCYWPLNDYGFYTTTGIGYQPYRVVVLSFEL,10.087410390697057,11.785157035203907,16.830351683446608,41.6,7.616778587461221,81.6904360878336
KKKKYRNIRRPG,10.292420080009933,13.244165396980188,28.67882669016952,33.889,1.7706472558008866,94.77515637581254
QYGSFCTQLNRALSGIAAEQ,11.186936558363861,14.952690291199673,33.662063900955644,13.854000000000001,0.3207222698757652,97.68498433755042
TLKPIFKLPLGINITNFR,11.417615285165903,13.983564792794581,22.473602793066906,11.0,0.8453079883061315,92.31538192448971
RAVWRHSVATPSHSV,11.943708381062683,10.7785497802643,9.755417359702099,6.5,20.84180400545758,220.64313854550122
GWWYKGRARPVSAVA,12.652359748158593,10.621381207738667,16.05217193350444,3.2,24.388930229227135,662.154069663348
LLFLKVPAQNAISTTFPYT,12.716898269296165,15.634239207777895,22.940664277588777,3.0,0.16223187340168413,94.59227088661054
FLKVPAQNAISTTFPYT,12.716898269296165,12.52538804533431,1.5059507429122014,3.0,3.6332316452518385,21.107721508394615
KVPAQNAISTTFPYT,12.716898269296165,10.67875858569706,16.027018856634353,3.0,23.02894659584165,667.6315531947216
MDVNPTLLF,12.716898269296165,14.935893216322242,17.44918375563046,3.0,0.3261549648176983,89.12816783941004
MDVNPTLL,12.716898269296165,16.400142295044002,28.96338358419291,3.0,0.07542385029472323,97.48587165684256
MDVNPTLLFIDVPAQ,12.716898269296165,16.93450108422864,33.16534209537169,3.0,0.04420176642792429,98.52660778573585
MDVNPTFLFLKVPAQ,12.716898269296165,16.69011157276307,31.243572287276052,3.0,0.05643865319956555,98.11871156001449
GYHLMSFPQAAPHGVVFLHVTW,13.122363377404328,13.645332761586424,3.9853292363676474,2.0,1.185515612965352,40.7242193517324
GVFVFNGTSWFITQRNFFS,13.122363377404328,11.541236269909641,12.04910321426751,2.0,9.720861906551697,386.04309532758487
FFVIFYRRKK,13.42211803109038,16.934138177917234,26.16591612956891,1.482,0.04421781043899661,97.01634207564126
IQKEIDRLNEVAKNLNESLIDLQELGK,13.641557250840837,15.19945774015865,11.420254012581939,1.19,0.2505874839266083,78.94222824146149
YENQKQIANQFNKAISQIQESLTTTSTA,13.667090552846,13.094908685854923,4.1865667369265145,1.16,2.055670088877816,77.21293869636345
GINASVVNIQKEIDRLNEVAKNL,13.776289844810993,14.820324613914245,7.5784901512978875,1.04,0.36611270495432585,64.7968552928533
LFGLIPSLIGGLVSAFK,13.78595175572273,11.70547894969697,15.091252623614679,1.03,8.248502001362361,700.825437025472
MDVNPTLLFLK,13.92198280247479,16.231065212250687,16.585873165749287,0.899,0.08931778468815935,90.06476254859184
GINASVVNIQKEIDRLNEVAKNLNESLIDL,14.038654109278484,15.133274930419041,7.797192042911693,0.8,0.2677331850781869,66.53335186522663
VNPTLLFLKVPAQNAISTTFPYT,14.228000281009402,13.53853931776562,4.8458036943113445,0.662,1.3191284326177388,99.26411368848018
MDVNPTLLFLKV,14.255567110842058,16.143281321813927,13.241943980861826,0.644,0.09751288422126986,84.85824779172827
GINASVVNIQKEIDRLNEVAKNLNESLIDLQELGKYE,14.293546358907275,15.090792888814244,5.577667780187744,0.62,0.27935208737441375,54.94321171380423
PTLLFLKVPAQNAISTTFPYT,14.543249183293838,12.52941608707386,13.8472020305704,0.483,3.6186262718100544,649.1979858819989
MDVNPHLLFLKVPAQ,15.046512034678129,18.023107068564272,19.78262488360026,0.292,0.014882094343355051,94.9033923481661
RRKKIFYFFR,15.679840720027164,16.758543695108045,6.8795531430565,0.155,0.05270562266746373,65.99637247260405
NGIGVTQNVLYENQKQIANQFNKAISQIQESLTTTSTA,15.781623414337107,12.742486542273072,19.25744134347468,0.14,2.924208996870742,1988.72071205053
MDVNPTLLFLKVP,15.796012151789206,15.327251313725169,2.9675897534109015,0.138,0.2205257621525677,59.80127692215049
WLVFFVIFYFFR,16.179971054676408,18.653733967866867,15.289044120233335,0.094,0.007921114131322255,91.57328283901889
MNINPYPLFIDVPIQ,16.916603347176093,12.020070705341922,28.945128885176313,0.045,6.02212298592908,13282.495524286845
MDVNPCLLFLKVPAQ,16.93907620302815,16.525045122091758,2.444236485944718,0.044000000000000004,0.06656778253977554,51.290414863126195
MDVNPTLLFLKVPAQ,16.96206572125285,16.27375331303439,4.057951546290896,0.043,0.08558521308675084,99.03537927151358
MDVNPTLLFLKVPA,17.167917775457,15.490417506281672,9.771134106743318,0.035,0.18732560963416298,435.21602752617986
MDVNPTLLFLKVPAQNAIST,17.196905312330248,16.098194755576703,6.389001606968002,0.034,0.10201002383721819,200.02948187417113
MDVNPTLLFLKVPAQNAI,17.355970006959936,16.91179892103854,2.5591832997134674,0.028999999999999998,0.04521671936541296,55.91972194969987
MDVNPYLLFLKVPAQ,17.632223383588094,16.81897655413532,4.612276125141078,0.022000000000000002,0.04961480528358021,125.52184219809185
MNINPTLLFLKVPAQ,18.158316479484874,16.69618546219788,8.052128725363373,0.013000000000000001,0.05609689002674101,331.5145386672385
MNINPTLLFLKVPIQ,18.7773556878911,13.6845307202884,27.122162738211827,0.006999999999999999,1.1399447971437981,16184.925673482834
ISGINASVVNIQKEIDRLNEVAKNLNESLIDLQEL,19.11382792451231,14.287412627880071,25.250909005216364,0.005,0.6238146001428837,12376.292002857674
ISGINASVVNIQEEIKKLNEEAKKLNESLIDLQEL,19.33697147582652,14.25022203599437,26.305822740604356,0.004,0.647451444098171,16086.286102454273
MDVNPFLLFLKVPAQ,19.624653548278303,15.783208537731618,19.574587653720393,0.003,0.13977825851500547,4559.2752838335155
MDVNPWLLFLKVPAQ,19.624653548278303,16.48690486002028,15.988810607733253,0.003,0.06915573407381033,2205.1911357936774
WLVFFVIAYFAR,20.86252790427992,17.951577052119504,13.953011185970599,0.0008699999999999999,0.01598560747854964,1737.4261469597288
WLVFFVIFYFFRRRKK,24.229823734266393,17.64710192061295,27.16784854007832,2.9999999999999997e-05,0.0216750952329383,72150.31744312767
RRKKWLVFFVIFYFFR,23.942141661814613,17.69504893268824,26.092455793501035,4e-05,0.020660360325249687,51550.900813124215
AGDDQGLDKCVPNSKEK,26.32268829627837,10.825071778968073,58.87550824169211,3.7000000000000006e-06,19.894409825912625,537686652.0516925
QKQIANQFNKAISQIQESLTTTSTALGKLQDVVNQNAQALNTLVKQ,12.436744463265175,11.794348830130067,5.165303790172524,3.97,7.547087504436332,90.1029598094794
QNQSANQFQKEISQINEVLTTTNTSLGKLQDDVNQNNQSLNTLQKE,12.192169740361182,12.090104902436115,0.8371343255432976,5.07,5.6147982417263576,10.74552745022401
PKEELDKYFKNHTSPDVDLGDISGINASVVNIQKEIDRLNEVAKNLNESLIDLQELGKYE,10.637456727616328,15.700141160696068,47.59299673517169,24.0,0.15188515502936092,99.36714518737766
