ID,CeTD_11_HB,CeTD_11_VW,CeTD_11_PO,CeTD_11_PZ,CeTD_11_CH,CeTD_11_SS,CeTD_11_SA,CeTD_12_HB,CeTD_12_VW,CeTD_12_PO,CeTD_12_PZ,CeTD_12_CH,CeTD_12_SS,CeTD_12_SA,CeTD_1-3_HB,CeTD_1-3_VW,CeTD_1-3_PO,CeTD_1-3_PZ,CeTD_1-3_CH,CeTD_1-3_SS,CeTD_1-3_SA,CeTD_21_HB,CeTD_21_VW,CeTD_21_PO,CeTD_21_PZ,CeTD_21_CH,CeTD_21_SS,CeTD_21_SA,CeTD_22_HB,CeTD_22_VW,CeTD_22_PO,CeTD_22_PZ,CeTD_22_CH,CeTD_22_SS,CeTD_22_SA,CeTD_23_HB,CeTD_23_VW,CeTD_23_PO,CeTD_23_PZ,CeTD_23_CH,CeTD_23_SS,CeTD_23_SA,CeTD_31_HB,CeTD_31_VW,CeTD_31_PO,CeTD_31_PZ,CeTD_31_CH,CeTD_31_SS,CeTD_31_SA,CeTD_32_HB,CeTD_32_VW,CeTD_32_PO,CeTD_32_PZ,CeTD_32_CH,CeTD_32_SS,CeTD_32_SA,CeTD_33_HB,CeTD_33_VW,CeTD_33_PO,CeTD_33_PZ,CeTD_33_CH,CeTD_33_SS,CeTD_33_SA
Seq1,4,2,2,5,1,0,0,2,0,2,2,2,3,2,1,1,2,1,0,2,0,0,1,5,2,2,4,2,1,2,2,4,1,1,2,1,1,3,0,3,8,1,0,0,0,4,2,2,0,0,2,3,0,3,3,4,0,3,4,1,0,1,0
Seq2,1,0,3,2,0,0,1,2,2,0,0,1,1,1,2,1,3,2,2,2,1,0,0,1,3,0,2,0,0,1,1,1,2,1,3,2,0,3,0,3,5,0,0,0,0,6,3,0,2,0,0,0,0,0,2,2,0,2,1,1,0,1,2
Seq3,1,1,1,2,1,0,0,1,0,2,1,0,2,1,0,0,1,0,0,1,0,0,1,2,1,1,1,1,1,0,2,2,0,0,1,0,0,1,0,0,5,1,0,0,0,0,1,1,0,0,1,1,0,3,1,1,0,1,1,1,0,1,1
Seq4,2,1,2,3,0,0,0,2,0,1,1,1,3,2,0,0,2,0,0,2,0,0,0,3,2,1,2,1,0,1,2,4,0,0,2,0,0,2,0,1,6,1,0,0,0,0,2,1,0,0,2,2,0,3,2,2,0,2,2,1,0,1,0
Seq5,3,2,2,5,2,0,0,2,0,3,2,2,3,1,1,1,2,1,0,2,0,0,2,5,2,2,3,2,2,2,3,2,1,1,2,1,1,3,0,3,8,1,0,0,0,4,2,2,0,0,2,3,0,3,3,4,0,3,3,1,0,1,1
Seq6,2,0,1,0,2,2,1,1,1,2,1,1,0,1,2,1,1,0,1,1,1,2,2,0,1,0,2,2,2,0,0,1,3,1,1,0,0,1,0,1,6,1,0,1,0,3,2,1,2,1,0,0,1,0,6,1,0,1,2,0,0,0,0
Seq7,2,0,1,0,2,2,1,1,1,2,1,1,0,1,2,1,1,0,1,1,1,2,2,0,1,0,2,2,2,0,0,1,3,1,1,0,0,1,0,1,6,1,0,1,0,2,2,1,1,1,1,1,1,0,6,1,0,1,2,0,0,0,0
Seq8,0,1,1,1,1,2,1,1,2,1,2,1,0,0,2,2,0,1,2,1,1,2,1,1,1,1,0,1,3,0,0,0,3,2,0,1,0,1,0,1,6,1,0,1,0,2,2,1,2,2,0,0,1,0,6,2,0,2,0,0,0,0,0
Seq9,1,1,0,0,1,3,1,1,2,1,1,2,1,0,1,1,1,1,2,1,1,3,1,0,0,1,1,1,2,1,1,0,2,1,1,1,0,1,0,1,8,0,0,0,0,2,2,1,2,2,0,0,1,0,7,1,0,1,1,0,0,0,0
Seq10,2,0,1,0,1,2,1,1,2,1,1,1,0,1,2,1,1,1,2,1,1,2,1,0,1,0,2,1,2,0,0,1,3,1,1,1,0,1,0,1,6,1,0,1,0,2,2,1,2,2,0,0,1,0,6,1,0,1,2,0,0,0,0
Seq11,0,0,2,1,4,1,1,1,1,2,1,2,1,1,1,1,1,1,1,2,1,2,2,1,2,0,0,2,1,2,1,1,1,1,1,1,0,2,0,2,7,0,0,0,0,5,2,1,2,0,0,1,0,0,4,2,1,2,0,0,2,0,0
Seq12,0,0,2,2,3,1,0,2,1,2,0,3,2,0,0,0,2,2,2,2,0,1,2,2,2,0,0,2,0,3,2,0,0,0,2,2,0,2,0,2,7,0,0,0,0,4,2,1,2,1,0,1,0,0,4,2,1,2,0,0,2,0,0
Seq13,0,1,1,1,4,1,1,0,2,3,0,2,0,1,1,1,1,2,3,0,1,1,3,1,1,1,0,3,0,2,0,1,1,1,1,2,0,2,0,2,7,0,0,0,0,4,2,1,2,1,0,1,0,0,4,2,1,2,0,0,2,0,0
Seq14,0,1,1,1,3,1,1,1,2,2,0,2,1,1,1,1,2,1,3,1,1,1,2,1,1,1,0,2,0,2,1,1,1,1,2,1,0,2,0,2,7,0,0,0,0,5,1,1,2,1,0,1,0,0,4,2,1,2,0,0,2,0,0
Seq15,0,0,2,1,3,1,1,1,2,2,0,2,1,1,1,0,3,1,3,1,1,1,2,1,2,0,0,2,0,2,1,1,1,0,3,1,0,2,0,2,7,0,0,0,0,5,1,1,2,1,0,1,0,0,4,2,1,2,0,0,2,0,0
Seq16,1,2,0,2,0,1,0,1,0,0,1,1,0,0,1,2,0,2,1,0,1,1,0,1,0,2,1,0,1,1,0,0,1,2,0,2,1,2,0,2,2,0,0,0,0,1,0,2,1,1,0,1,1,0,1,1,1,2,1,0,0,1,0
Seq17,1,1,2,3,1,0,0,2,0,2,1,1,3,1,0,0,2,0,0,2,0,0,1,3,2,1,1,1,1,1,3,2,0,0,2,0,0,2,0,1,6,1,0,0,0,0,2,1,0,0,2,2,0,3,2,2,0,2,1,1,0,1,1
Seq18,1,0,1,0,2,1,1,0,1,2,2,0,1,2,0,0,0,0,1,0,1,1,2,0,1,0,1,2,2,0,1,2,0,0,0,0,0,0,0,0,5,1,0,1,0,0,1,1,0,1,1,2,0,1,4,1,0,1,1,0,0,0,0
Seq19,1,0,1,0,3,1,1,0,1,3,2,0,1,2,0,0,0,0,1,0,1,1,3,0,1,0,1,3,2,0,1,2,0,0,0,0,0,0,0,0,6,1,0,1,0,1,1,1,0,1,1,2,0,1,5,1,0,1,1,0,0,0,0
Seq20,1,2,2,2,3,2,1,3,3,3,4,0,3,5,2,2,0,0,3,3,1,2,3,2,2,2,1,1,4,0,4,6,2,1,1,0,0,1,0,1,14,1,0,2,0,3,3,1,2,2,2,1,2,3,5,2,3,3,1,1,2,1,1
Seq21,1,1,2,3,2,4,0,5,1,2,7,0,5,2,2,1,0,0,1,5,0,4,2,3,2,1,1,1,7,0,5,3,2,1,0,0,0,0,0,0,17,1,0,1,0,0,2,0,3,3,4,0,5,2,2,0,5,2,1,1,3,3,2
Seq22,2,0,1,0,2,2,1,1,1,2,1,1,0,1,2,1,1,1,1,1,1,2,2,0,1,0,2,2,1,1,0,1,2,1,1,1,0,1,0,1,6,1,0,1,0,3,2,1,2,1,0,0,1,0,6,1,0,1,2,0,0,0,0
Seq23,0,1,3,1,1,4,3,5,1,1,4,1,4,3,1,2,1,2,1,5,3,4,1,1,3,1,0,1,3,1,3,5,1,2,1,2,0,2,0,2,15,0,0,0,0,2,3,2,4,1,3,1,3,0,5,3,4,4,0,0,2,1,0
Seq24,1,0,2,0,0,0,2,1,2,0,0,0,0,0,3,1,2,2,2,1,2,0,0,0,2,0,1,0,0,0,0,0,3,1,2,2,0,2,0,2,4,0,0,0,0,5,2,0,1,0,0,0,0,0,0,1,1,1,1,1,0,1,2
Seq25,0,1,1,1,0,1,1,1,2,0,1,1,0,1,1,1,1,0,2,1,1,1,0,1,1,1,0,0,1,0,0,3,2,1,1,0,0,1,0,1,6,0,0,0,0,1,2,0,2,1,1,0,1,0,2,1,1,1,0,1,1,1,0
Seq26,0,1,1,2,5,3,1,4,2,4,1,3,2,1,1,2,1,3,4,3,2,3,4,1,1,1,0,4,1,3,2,1,2,2,2,2,0,1,0,2,16,0,0,0,0,0,3,0,3,4,4,1,3,1,3,1,5,1,0,1,4,2,2
Seq27,6,0,3,3,0,2,0,4,1,0,4,0,3,7,3,0,2,0,2,3,1,2,0,2,3,0,6,0,4,0,3,7,3,0,2,0,0,1,0,1,15,1,0,1,0,2,3,3,4,1,1,2,3,0,5,1,2,3,6,0,0,2,0
Seq28,1,1,1,0,6,5,2,3,0,4,3,2,1,2,1,3,0,2,3,3,2,4,4,0,2,0,1,3,2,2,2,4,1,2,1,2,0,0,0,0,17,1,0,1,0,1,0,2,0,5,3,2,4,2,3,2,3,1,1,1,5,0,3
Seq29,0,1,2,2,5,2,1,3,3,4,2,2,3,2,2,1,3,0,4,3,1,1,3,3,3,1,0,4,2,2,3,2,2,1,3,0,0,1,0,1,13,2,0,2,0,5,5,1,3,1,1,2,0,1,7,3,3,3,0,0,2,0,1
Seq30,0,2,1,2,4,4,1,3,1,2,3,3,3,1,1,2,1,2,1,3,2,4,2,2,2,2,0,2,3,3,3,1,1,2,1,2,0,2,0,2,14,0,0,0,0,4,5,1,4,0,1,2,1,0,6,1,3,3,0,0,1,2,2
Seq31,1,2,1,2,5,1,1,1,2,4,1,2,2,2,1,1,2,1,3,1,1,1,4,2,1,2,1,4,1,2,2,2,1,1,2,1,0,2,0,2,10,1,0,1,0,6,3,1,2,1,1,2,0,0,4,3,2,2,1,1,3,0,0
Seq32,2,1,0,0,1,2,1,1,2,1,1,1,1,1,1,1,1,1,2,1,1,2,1,0,0,1,2,1,2,0,1,1,2,1,1,1,0,1,0,1,6,1,0,1,0,3,1,1,2,2,0,0,1,0,6,1,0,1,2,0,0,0,0
Seq33,7,2,1,2,2,1,0,1,0,2,1,2,1,2,2,2,2,2,0,0,1,0,2,2,2,2,7,0,0,2,2,4,2,0,4,2,0,4,0,3,7,1,0,1,0,3,1,3,1,0,0,2,1,5,0,0,1,1,7,2,1,2,2
Seq34,5,0,3,0,0,0,2,1,2,0,0,0,0,7,3,0,2,1,3,0,2,0,0,0,3,0,5,0,0,0,0,7,3,0,2,1,1,1,1,1,6,1,1,1,0,5,3,0,2,2,0,1,0,0,2,2,1,3,5,0,0,0,0
Seq35,2,2,1,2,6,3,0,3,0,2,2,2,1,0,4,3,2,2,0,4,2,3,1,2,4,1,2,1,3,1,2,0,5,2,3,2,0,0,1,1,16,0,0,1,0,3,4,1,1,2,3,3,1,1,1,0,3,2,2,1,2,2,6
Seq36,2,2,3,2,2,1,2,2,2,2,1,2,2,2,2,2,3,2,2,1,3,0,2,2,4,2,2,0,0,2,2,5,2,0,5,2,0,2,0,1,11,2,0,2,0,0,2,2,2,2,2,1,2,5,2,2,2,3,2,2,1,2,2
Seq37,10,5,4,5,5,0,5,0,0,0,0,5,0,9,5,5,5,5,0,0,10,5,0,0,4,5,10,0,0,5,0,9,5,5,5,5,5,5,0,5,5,5,0,4,5,10,9,0,10,5,0,0,0,0,0,5,0,4,10,5,0,5,5
Seq38,0,0,0,0,4,1,0,2,2,3,0,1,1,1,1,0,1,1,4,1,0,0,3,1,0,0,0,0,1,1,2,2,1,0,1,1,0,0,0,0,9,0,0,0,0,0,2,0,1,1,1,1,0,3,2,0,4,0,0,0,3,0,0
Seq39,1,1,2,2,0,1,1,1,2,0,1,0,0,4,2,1,2,1,3,0,3,1,0,0,2,1,1,0,0,0,0,5,2,0,3,1,0,2,0,2,7,0,0,0,0,2,1,2,3,1,0,0,2,0,2,1,1,2,1,1,1,2,0
Seq40,0,1,2,1,1,3,2,3,1,0,2,1,2,0,2,1,3,2,1,2,3,2,0,1,3,1,1,0,2,1,2,1,2,1,3,2,0,2,0,2,10,0,0,0,0,1,3,1,3,1,2,1,2,0,5,2,1,2,0,1,1,1,1
Seq41,5,5,3,4,6,2,5,1,1,9,3,2,4,2,2,1,3,6,2,1,5,1,6,4,4,4,5,9,3,2,4,2,2,1,3,6,2,4,0,3,14,4,1,3,1,11,3,6,2,2,1,6,0,1,5,7,2,6,5,2,2,2,1
Seq42,3,2,2,4,0,0,0,2,0,1,1,2,3,2,0,1,2,1,0,2,0,0,0,4,2,2,3,1,0,2,2,4,0,1,2,1,1,3,0,2,6,1,0,0,0,1,2,2,0,0,2,3,0,3,2,3,0,3,3,1,0,1,0
Seq43,0,0,2,1,3,1,1,1,2,3,0,2,1,1,1,0,2,1,2,1,1,1,3,1,2,0,0,3,0,2,1,1,1,0,2,1,0,2,0,2,7,0,0,0,0,5,2,1,2,0,0,1,0,0,6,2,0,2,0,0,1,0,0
Seq44,7,2,2,2,2,1,2,1,1,2,1,2,1,3,3,2,4,2,1,0,3,0,2,2,3,2,7,0,0,2,2,5,3,0,6,2,0,4,0,3,9,2,0,2,0,3,2,3,2,1,1,2,1,5,1,2,1,2,7,2,1,2,2
Seq45,0,1,1,2,1,3,0,4,2,0,2,1,1,0,4,2,3,1,3,2,1,1,0,2,3,1,1,0,2,0,1,0,5,1,4,1,0,1,0,1,12,0,0,0,0,2,3,2,1,2,1,3,0,0,3,1,3,1,0,1,3,1,1
Seq46,0,0,2,1,3,1,1,1,2,3,0,2,1,1,1,0,2,1,2,1,1,1,3,1,2,0,0,3,0,2,1,1,1,0,2,1,0,2,0,2,7,0,0,0,0,4,1,2,2,0,0,1,1,0,4,2,1,2,0,0,2,0,0
Seq47,5,2,1,3,2,3,1,4,3,2,4,2,3,1,2,2,1,3,3,4,1,3,2,3,1,2,5,0,4,1,4,6,3,1,2,3,3,2,0,3,16,0,0,0,0,3,2,1,2,4,3,2,2,5,5,2,3,1,5,2,3,2,1
Seq48,5,2,1,3,2,4,1,5,3,3,4,2,4,1,2,2,1,3,3,5,1,4,2,3,1,2,5,0,4,1,4,8,3,1,2,3,3,2,0,3,18,0,0,0,0,3,2,1,2,4,4,2,3,5,5,2,4,1,5,2,4,2,1
Seq49,1,1,2,2,0,1,1,1,2,0,1,0,1,2,2,0,3,2,3,0,3,1,0,0,2,1,1,0,1,0,1,2,2,0,3,2,0,2,0,2,7,0,0,0,0,3,2,1,3,1,0,0,1,0,2,1,1,2,1,1,1,2,0
Seq50,0,5,2,3,4,4,4,3,3,3,3,4,2,0,2,5,1,3,5,1,5,2,3,3,4,4,1,3,2,3,2,4,5,3,5,1,0,4,0,4,16,2,0,2,0,1,4,4,3,3,3,5,2,3,7,5,3,4,0,3,3,2,1
Seq51,0,0,1,0,3,2,1,2,2,3,1,0,0,0,1,0,0,2,4,0,2,1,3,0,1,0,0,3,1,0,0,2,3,0,2,0,0,1,0,1,9,0,0,0,0,0,2,1,3,2,0,1,1,1,4,1,3,1,0,0,2,0,0
Seq52,2,2,2,4,1,0,0,2,0,2,1,2,3,1,0,1,2,1,0,2,0,0,1,4,2,2,2,1,1,2,3,2,0,1,2,1,1,3,0,2,6,1,0,0,0,1,2,2,0,0,2,3,0,3,2,3,0,3,2,1,0,1,1
Seq53,1,1,2,2,0,0,1,1,3,0,0,1,0,1,2,2,2,3,3,1,1,0,0,1,2,1,2,0,0,1,0,1,2,2,2,3,0,3,0,3,5,0,0,0,0,8,2,0,1,0,0,0,0,0,1,1,1,2,1,1,0,2,2
Seq54,0,2,1,1,3,3,2,1,1,3,2,2,1,2,1,2,1,0,1,2,2,4,1,1,1,2,0,3,2,2,1,2,1,2,1,0,0,1,0,1,8,2,0,2,0,1,2,1,3,3,1,0,2,1,5,3,0,2,0,1,2,0,1
Seq55,0,2,1,3,4,1,0,1,1,4,4,0,3,1,1,0,0,0,1,1,0,1,4,3,1,2,0,4,4,0,3,1,1,0,0,0,0,0,0,0,11,1,0,1,0,3,2,1,2,2,1,1,1,0,1,1,4,2,0,1,2,2,0
Seq56,1,1,1,1,1,3,2,3,2,1,3,1,3,2,2,1,1,1,2,3,2,3,1,1,1,1,1,1,3,1,3,2,2,1,1,1,1,2,0,3,9,0,0,0,0,2,0,2,2,2,2,1,3,1,5,3,2,2,1,0,2,0,0
Seq57,2,3,1,3,6,3,1,3,1,2,3,2,1,0,4,4,2,4,1,4,3,3,1,3,4,2,2,1,4,1,2,0,5,3,3,4,0,1,1,2,18,0,0,1,0,3,4,2,2,3,3,4,1,1,2,1,3,2,2,2,2,3,6
Seq58,0,2,1,3,3,1,0,1,1,3,4,0,3,1,1,0,0,0,1,1,0,1,3,3,1,2,0,3,4,0,3,1,1,0,0,0,0,0,0,0,10,1,0,1,0,2,2,1,2,2,1,1,1,0,0,1,4,2,0,1,2,2,0
Seq59,1,0,3,1,1,0,2,1,2,1,0,0,0,1,3,1,3,2,2,1,2,0,1,0,3,0,2,1,0,0,0,1,3,1,3,2,0,3,0,3,5,0,0,0,0,6,3,0,2,0,0,0,0,0,1,1,2,2,1,1,1,2,0
Seq60,0,0,2,1,0,0,1,0,3,0,0,0,0,3,1,0,2,1,3,0,2,0,0,0,2,0,0,0,0,0,0,3,1,0,2,1,0,1,0,1,5,0,0,0,0,3,2,0,2,0,0,0,0,0,2,1,0,1,0,1,1,1,0
Seq61,2,1,3,2,0,0,2,1,3,0,2,0,2,8,1,0,0,1,3,1,2,0,0,2,3,1,2,0,2,0,2,8,1,0,0,1,1,0,0,1,7,2,0,3,0,4,3,1,2,1,1,2,0,0,3,2,1,3,2,1,0,2,0
Seq62,3,1,1,2,2,3,1,4,1,1,2,2,3,0,3,1,4,2,3,3,1,2,1,2,1,1,4,0,2,2,3,1,3,1,4,2,1,2,1,2,11,0,1,0,0,6,2,1,2,2,2,1,1,1,5,2,3,2,3,0,2,1,0
Seq63,3,4,3,4,0,0,3,0,2,1,4,0,4,10,0,0,0,0,2,0,3,0,0,4,3,4,3,0,4,0,4,11,0,0,0,0,0,0,0,0,11,4,0,4,0,5,2,3,2,1,1,4,0,1,2,4,0,4,3,3,0,3,0
Seq64,0,0,2,1,3,1,1,1,2,2,0,2,1,1,1,0,2,2,3,1,1,1,2,1,2,0,0,2,0,2,1,1,1,0,2,2,0,2,0,2,7,0,0,0,0,6,2,0,2,1,0,0,0,0,4,2,1,2,0,0,2,0,0
Seq65,3,5,1,5,5,0,0,1,0,5,0,5,0,0,0,6,0,4,0,1,0,0,5,5,1,5,3,5,0,5,0,0,0,6,0,4,3,6,0,5,6,0,0,0,0,18,1,0,1,0,0,0,0,0,6,5,0,6,3,0,0,0,0
Seq66,10,4,6,4,4,0,6,0,1,0,0,5,0,9,6,5,6,4,1,0,10,4,0,0,6,4,10,0,0,5,0,9,6,5,6,4,4,4,1,4,5,6,1,6,4,10,9,1,10,4,0,0,1,0,0,6,0,5,10,5,1,4,4
Seq67,0,0,2,1,3,2,1,2,0,2,1,2,1,0,1,1,1,2,1,2,1,2,2,1,2,0,0,2,1,2,1,0,1,1,1,2,0,2,0,2,7,0,0,0,0,4,2,1,2,1,0,1,0,0,4,2,1,2,0,0,2,0,0
Seq68,0,0,1,1,3,2,0,2,2,2,1,2,2,1,0,0,1,2,3,2,0,2,2,1,1,0,0,2,1,2,2,1,0,0,1,2,0,1,0,1,9,0,0,0,0,4,2,1,2,1,0,1,0,0,6,1,1,1,0,0,2,0,0
Seq69,0,2,1,3,2,2,0,2,1,2,4,1,3,1,1,1,0,0,1,2,0,2,2,3,1,2,0,2,4,1,3,1,1,1,0,0,0,0,0,0,11,1,0,1,0,3,2,2,3,1,0,1,1,0,1,2,3,2,0,1,2,1,1
Seq70,2,2,6,5,3,5,4,7,0,5,8,1,9,3,3,0,4,1,2,5,5,4,3,4,6,2,3,2,8,1,10,5,3,0,4,1,0,3,0,2,19,5,1,3,1,8,3,4,2,1,4,5,3,4,6,6,5,8,2,0,3,3,1
Seq71,3,3,6,3,3,5,5,6,0,5,7,1,8,5,3,0,4,1,2,4,6,4,3,2,6,3,4,3,7,1,8,7,3,0,4,1,0,3,0,2,19,4,1,4,1,9,3,4,2,1,4,6,3,2,5,6,5,9,3,0,3,2,1
Seq72,3,2,6,4,3,5,5,6,0,4,7,2,8,5,3,0,4,1,2,4,6,4,3,3,6,2,4,2,7,2,8,7,3,0,4,1,0,3,0,3,19,4,1,3,1,10,3,4,2,1,4,5,3,2,5,7,5,8,3,0,3,2,1
Seq73,5,5,4,4,2,5,6,3,0,3,9,2,8,7,1,3,1,0,0,4,6,5,1,4,4,5,5,1,9,2,8,9,1,3,1,0,0,2,1,3,15,6,0,6,1,7,0,5,3,2,3,3,5,6,2,7,2,5,5,4,4,3,2
Seq74,5,5,5,4,1,5,6,3,0,3,9,2,8,7,2,2,1,0,0,3,6,5,1,4,5,5,5,1,9,2,8,9,2,2,1,0,0,2,1,3,14,6,0,7,1,7,1,5,3,1,3,3,5,6,2,7,2,6,5,4,4,3,1
Seq75,5,5,5,4,0,5,6,3,1,2,9,2,8,7,2,2,2,0,1,3,6,5,0,4,5,5,5,1,8,2,8,9,2,2,2,0,0,2,1,3,14,6,0,7,1,7,1,5,3,2,2,3,5,6,3,7,2,6,5,4,4,3,0
Seq76,5,5,5,3,0,5,7,3,1,2,8,2,8,7,3,2,2,0,1,3,7,5,0,3,5,5,5,1,8,2,8,8,3,2,2,0,0,2,1,4,13,6,0,7,1,7,1,5,4,2,2,3,5,5,3,8,2,6,5,4,4,2,0
Seq77,5,5,5,3,0,5,7,3,1,2,8,2,7,7,3,2,2,1,1,3,7,5,0,3,5,5,5,1,8,2,7,8,3,2,2,1,1,2,1,4,13,5,0,7,1,8,1,5,4,2,2,3,5,4,3,8,2,6,5,4,4,2,0
Seq78,5,4,4,4,2,4,4,4,3,6,5,1,3,6,5,4,2,2,4,3,5,4,2,3,4,4,5,4,5,1,4,7,5,3,3,2,1,2,0,1,20,5,1,3,1,3,5,3,1,3,6,7,2,4,5,4,4,5,5,3,3,4,1
Seq79,15,1,8,1,0,0,9,0,0,0,1,0,0,19,5,1,3,5,0,0,9,0,0,1,8,1,15,0,1,0,0,19,5,1,3,5,5,4,0,5,5,5,0,5,5,20,4,2,4,0,1,3,0,0,0,10,0,9,15,0,0,0,0
Seq80,3,2,3,2,0,2,2,2,1,1,1,3,2,2,1,2,2,3,2,1,3,2,0,1,3,2,3,1,1,3,2,2,1,2,2,3,0,2,2,2,5,2,1,3,0,6,3,2,3,1,0,1,1,0,4,3,1,5,3,0,0,1,0
Seq81,3,2,2,2,0,2,2,2,2,0,1,3,1,3,1,4,1,3,3,1,3,2,0,1,2,2,3,0,1,3,1,3,1,4,1,3,1,3,0,1,6,3,1,1,1,7,4,0,2,1,2,1,0,0,5,3,1,4,3,0,0,1,0
Seq82,1,1,0,0,0,1,0,0,4,0,0,1,0,0,3,1,2,0,4,0,0,1,0,0,0,1,1,0,0,0,0,0,4,0,3,0,0,1,0,1,5,0,0,0,0,1,0,1,1,2,0,1,1,0,3,0,1,0,1,1,1,0,0
Seq83,0,0,1,2,2,1,0,2,0,2,2,1,1,1,0,1,0,0,0,2,0,1,2,2,1,0,0,2,2,1,1,1,0,1,0,0,0,0,0,0,8,0,0,0,0,3,1,1,0,1,1,1,0,0,2,0,2,1,0,0,0,2,1
Seq84,0,0,2,1,3,1,1,1,2,2,0,2,1,1,1,0,2,2,3,1,1,1,2,1,2,0,0,2,0,2,1,1,1,0,2,2,0,2,0,2,7,0,0,0,0,5,2,1,1,1,0,1,0,0,5,2,1,2,0,0,1,0,0
Seq85,1,2,2,2,1,4,2,3,2,1,4,2,3,1,3,2,2,1,2,3,2,4,1,2,2,2,1,0,3,0,1,5,5,1,3,1,0,2,0,2,11,2,0,2,0,2,3,2,1,2,3,3,2,1,3,3,2,3,1,1,2,1,3
Seq86,1,1,2,1,2,4,2,4,2,2,3,2,3,1,3,2,2,1,2,4,2,4,2,1,2,1,1,1,2,0,1,5,5,1,3,1,0,2,0,2,13,1,0,1,0,2,3,2,1,2,3,3,2,1,5,2,2,2,1,1,2,1,3
Seq87,1,2,2,1,2,4,3,3,1,2,4,1,3,2,3,2,1,1,1,3,3,4,2,1,2,2,1,0,3,0,2,6,4,1,2,1,0,2,0,2,11,2,0,2,0,2,4,2,1,1,3,4,1,1,3,3,2,3,1,1,2,1,3
Seq88,1,2,2,1,1,5,3,4,0,1,3,3,3,2,2,3,1,1,0,4,3,5,1,1,2,2,1,0,2,1,1,6,4,2,2,1,0,2,0,2,11,2,0,2,0,2,4,2,2,0,3,3,2,1,3,3,2,3,1,1,2,1,3
Seq89,1,2,2,1,1,4,3,4,1,1,3,2,4,2,2,2,2,1,1,4,3,4,1,1,2,2,1,0,2,0,2,6,4,1,3,1,0,2,0,2,11,2,0,2,0,2,3,2,2,1,3,3,2,1,3,3,2,3,1,1,2,1,3
Seq90,5,4,4,3,2,4,5,4,3,5,5,1,3,7,5,4,2,2,4,3,6,4,2,2,4,4,5,3,5,1,4,8,5,3,3,2,1,2,0,1,21,4,1,3,1,3,5,3,1,3,7,7,2,3,5,5,4,5,5,3,3,3,1
Seq91,5,3,4,3,2,4,5,4,4,5,5,1,3,8,5,3,2,2,5,3,6,4,2,2,4,3,5,3,5,1,4,9,5,2,3,2,1,1,0,1,22,4,1,3,1,3,5,2,1,4,7,7,2,3,6,5,4,5,5,2,3,3,1
Seq92,3,2,7,5,3,4,4,6,0,4,7,2,9,4,2,0,5,1,1,5,5,3,3,4,7,2,4,2,7,2,9,6,2,0,5,1,0,3,1,3,17,4,1,4,1,11,2,4,2,0,4,5,3,3,5,7,4,9,3,0,3,2,1
Seq93,2,0,1,0,1,2,1,1,2,1,1,1,0,1,2,1,1,1,2,1,1,2,1,0,1,0,2,1,2,0,0,1,3,1,1,1,0,1,0,1,6,1,0,1,0,3,3,0,2,2,0,0,0,0,6,1,0,1,2,0,0,0,0
Seq94,1,0,3,1,0,0,2,1,3,0,0,0,0,1,3,1,3,3,3,1,2,0,0,0,3,0,2,0,0,0,0,1,3,1,3,3,0,3,0,3,5,0,0,0,0,7,2,0,2,0,0,0,0,0,1,1,1,2,1,1,1,2,1
Seq95,0,3,0,3,1,3,0,3,1,1,2,3,2,0,0,3,0,3,2,2,1,3,1,2,0,3,0,1,2,3,2,0,0,3,0,3,0,3,0,3,8,0,0,0,0,3,2,1,2,2,1,2,1,0,5,2,2,3,0,0,1,1,0
Seq96,4,2,6,4,3,4,5,6,0,4,6,2,8,5,3,0,5,1,2,4,6,3,3,3,6,2,5,2,6,2,8,7,3,0,5,1,0,3,1,3,18,4,1,3,1,11,2,4,2,1,4,5,3,2,4,7,5,8,4,0,3,2,1
Seq97,4,2,3,3,6,2,1,3,4,4,2,1,2,4,4,1,5,5,8,1,2,0,4,3,4,2,4,1,2,1,2,7,4,1,5,5,1,4,0,2,17,2,1,1,0,4,4,4,5,2,1,3,2,3,4,2,5,2,4,3,6,2,0
Seq98,5,2,3,3,2,5,3,6,5,3,4,2,4,2,4,2,4,5,5,5,4,4,2,3,4,2,5,0,4,1,4,9,5,1,5,5,3,2,0,3,24,1,0,1,0,3,4,1,4,6,5,2,4,5,7,4,5,3,5,2,5,2,1
Seq99,1,2,2,2,4,3,2,3,1,1,1,4,3,1,2,2,4,1,1,3,3,3,1,2,3,2,2,0,1,2,1,5,4,2,4,1,1,2,0,2,11,2,0,2,0,8,2,3,2,0,1,2,2,0,2,2,4,3,1,1,3,2,2
Seq100,1,0,1,1,0,1,1,1,1,0,1,0,1,4,0,0,1,0,2,1,1,0,0,1,1,0,1,0,1,0,1,4,0,0,1,0,0,0,0,0,4,2,0,1,0,4,0,1,1,0,0,1,0,0,2,2,0,1,1,0,1,0,0
Seq101,1,2,0,1,1,3,2,2,2,4,2,1,1,3,1,2,0,0,2,2,2,3,1,1,0,2,1,2,3,1,2,3,1,2,0,0,0,0,0,0,8,3,0,3,0,3,1,1,1,0,2,1,1,4,2,2,2,0,1,2,3,1,1
Seq102,5,6,4,4,0,5,7,2,1,2,8,2,6,7,3,3,2,1,1,2,7,5,0,4,4,6,5,1,8,2,6,8,3,3,2,1,1,3,1,4,13,5,0,6,1,8,1,6,4,1,2,3,4,5,3,8,1,5,5,5,4,3,0
Seq103,1,2,0,1,1,2,2,1,4,1,3,0,2,4,1,1,0,1,4,1,2,2,1,1,0,2,1,0,3,0,2,5,2,1,1,0,0,0,0,0,14,0,0,0,0,2,1,1,1,1,2,1,1,4,2,2,2,0,1,2,3,1,1
Seq104,1,1,2,2,0,1,1,1,2,0,1,0,0,4,2,1,2,1,3,0,3,1,0,0,2,1,1,0,1,0,0,4,2,1,2,1,0,2,0,2,7,0,0,0,0,3,2,1,3,1,0,0,1,0,3,1,1,3,1,0,0,2,0
Seq105,1,1,2,1,1,2,2,2,1,1,2,1,2,3,1,1,1,1,1,2,2,2,1,1,2,1,1,1,2,1,2,3,1,1,1,1,1,2,0,2,8,0,0,0,0,9,1,0,1,0,1,1,0,0,6,3,0,3,1,0,0,0,0
Seq106,1,3,0,3,2,2,1,1,1,0,4,2,3,2,0,2,0,0,1,1,1,2,0,4,0,4,1,0,4,1,3,3,1,1,1,0,0,1,0,1,6,3,0,3,0,3,2,3,3,1,0,1,1,0,2,3,0,0,1,3,2,1,2
Seq107,2,0,2,1,0,2,1,2,2,0,2,2,2,1,2,1,2,0,2,2,1,2,0,1,2,0,2,0,2,2,2,1,2,1,2,0,0,1,1,1,6,1,1,1,0,4,1,0,0,2,2,1,2,0,4,2,1,2,2,0,1,0,0
Seq108,2,0,2,0,1,2,2,1,2,1,2,1,1,1,2,1,2,1,2,1,2,2,1,0,2,0,2,1,2,1,1,1,2,1,2,1,0,2,0,0,6,2,2,0,0,1,3,1,2,1,1,2,1,0,4,2,1,2,2,0,1,0,0
Seq109,3,0,3,0,0,0,3,0,2,0,0,1,0,2,3,1,3,1,2,0,3,0,0,0,3,0,3,0,0,1,0,2,3,1,3,1,1,2,1,3,3,0,0,1,0,3,2,1,3,1,0,0,1,0,2,3,0,3,3,0,0,0,0
Seq110,5,6,4,3,0,5,7,3,1,2,7,2,7,7,3,3,2,1,1,3,7,5,0,3,4,6,5,1,7,2,7,8,3,3,2,1,1,3,1,4,13,5,0,6,1,8,1,6,4,2,2,3,4,4,3,8,2,5,5,5,4,2,0
Seq111,1,0,1,1,1,2,0,2,2,1,2,1,1,1,1,1,0,1,2,2,0,2,1,1,1,0,1,1,3,0,1,1,2,1,0,1,0,0,0,0,8,1,0,1,0,2,2,1,2,2,0,0,1,0,7,1,0,1,1,0,0,0,0
Seq112,2,0,4,3,4,1,1,4,0,5,4,0,4,2,1,1,1,0,0,3,3,1,3,2,4,1,2,4,5,0,4,3,1,1,1,0,0,0,0,0,13,3,0,3,0,2,2,2,3,1,4,1,4,0,1,2,4,4,2,0,2,2,2
Seq113,0,3,1,2,2,1,2,0,2,2,1,2,0,2,1,3,1,1,2,0,2,1,2,2,1,3,0,1,1,2,1,2,1,2,2,1,0,4,0,4,5,0,0,0,0,2,2,2,4,1,0,1,1,0,3,2,1,2,0,2,1,2,0
Seq114,2,3,1,2,3,3,2,1,2,5,3,1,3,1,1,1,1,2,2,1,3,3,3,1,2,2,2,4,4,1,4,1,1,1,1,2,0,1,0,1,10,3,0,3,1,2,2,1,1,4,3,2,3,1,1,2,3,3,2,1,3,2,2
Seq115,2,1,0,0,4,2,1,0,1,1,1,3,1,0,1,2,1,0,1,0,1,2,1,1,0,2,3,1,1,3,1,1,1,2,1,0,0,1,0,0,8,1,1,0,0,0,3,1,1,3,1,2,0,0,1,1,1,0,2,1,2,0,3
Seq116,3,0,4,0,0,0,3,0,2,0,0,1,0,2,3,1,3,2,2,0,3,0,0,0,4,0,3,0,0,1,0,2,3,1,3,2,1,4,0,2,3,1,1,0,0,3,4,0,2,1,1,1,0,0,2,3,0,4,3,0,0,0,0
Seq117,1,1,2,1,0,1,2,1,2,0,0,1,1,1,2,1,3,2,2,1,2,1,0,0,2,1,2,0,0,1,1,1,2,1,3,2,0,3,0,3,5,0,0,0,0,6,3,0,2,0,0,0,0,0,1,1,2,3,1,0,0,2,1
Seq118,1,0,3,1,0,0,2,1,3,0,0,1,0,1,3,1,3,2,3,1,2,0,0,1,3,0,1,0,0,1,0,1,3,1,3,2,0,3,0,3,5,0,0,0,0,6,3,0,2,0,0,0,0,0,1,2,1,2,1,1,0,1,2
Seq119,1,0,3,1,0,0,2,1,3,0,0,0,0,1,3,1,3,3,3,1,2,0,0,0,3,0,2,0,0,0,0,1,3,1,3,3,0,3,0,3,5,0,0,0,0,6,3,0,2,0,0,0,0,0,1,1,1,2,1,1,0,2,2
Seq120,1,0,3,1,0,1,2,2,1,0,0,1,1,0,2,1,3,3,1,2,2,1,0,0,3,0,2,0,0,1,1,0,2,1,3,3,0,3,0,3,5,0,0,0,0,6,3,0,2,0,0,0,0,0,1,1,1,2,1,1,0,2,2
Seq121,1,5,1,5,1,0,1,0,0,2,1,4,1,0,1,4,0,1,0,0,2,0,1,4,2,4,1,0,0,2,2,2,3,0,4,1,0,4,0,3,3,2,1,1,0,0,0,4,1,0,1,4,1,3,0,1,0,0,1,6,0,5,1
Seq122,1,1,1,0,0,1,2,0,1,1,1,0,1,0,1,0,2,1,1,0,2,1,0,0,1,1,1,1,1,0,1,0,1,0,2,1,0,1,0,1,2,1,0,1,1,0,2,1,2,1,0,1,0,0,2,2,0,2,1,0,0,0,0
Seq123,1,1,1,0,0,1,2,0,1,0,1,1,1,0,1,1,2,0,1,0,2,1,0,0,1,1,1,0,1,1,1,0,1,1,2,0,0,1,0,1,2,1,0,1,1,1,1,1,2,1,0,0,1,0,2,2,0,2,1,0,0,0,0
Seq124,0,3,0,3,2,3,0,3,0,2,2,3,2,0,0,3,0,2,1,2,1,3,2,2,0,3,0,2,1,3,2,1,0,2,1,2,0,3,0,3,8,0,0,0,0,2,2,2,2,1,1,3,1,0,4,2,2,2,0,1,2,1,0
Seq125,0,2,1,2,2,2,0,2,0,1,0,4,1,0,0,3,1,1,0,2,0,2,1,2,1,2,1,0,1,1,1,0,3,1,3,1,0,3,0,2,6,0,0,0,0,2,0,4,0,0,0,3,1,1,0,0,2,2,0,1,1,2,3
Seq126,2,1,3,0,2,1,3,1,1,2,0,2,2,1,1,0,3,3,1,1,3,1,2,0,3,1,2,1,0,2,1,3,1,0,3,3,1,2,0,2,8,0,0,1,0,5,1,2,2,1,0,1,1,1,3,3,1,3,2,1,1,0,0
Seq127,0,1,3,1,0,4,4,4,1,1,4,2,6,2,0,0,2,0,1,4,4,4,0,1,3,1,0,1,3,2,6,4,0,0,2,0,0,0,0,0,11,4,0,3,0,1,1,2,2,0,5,1,5,1,0,4,4,3,0,1,4,1,1
Seq128,1,2,2,2,1,3,2,2,3,5,3,1,1,5,1,2,0,0,3,2,2,3,1,2,2,2,1,3,4,1,2,5,1,2,0,0,0,0,0,0,10,4,0,4,0,3,1,1,1,1,3,1,3,4,3,2,2,2,1,2,3,2,1
Seq129,0,0,1,1,0,1,0,1,5,1,2,0,0,2,1,1,0,1,5,1,0,1,0,1,1,0,0,1,2,0,0,2,2,1,1,0,0,0,0,0,7,1,0,1,0,1,1,0,1,2,2,0,2,0,3,0,2,1,0,0,2,1,0
Seq130,0,1,1,1,1,1,1,1,5,3,2,0,1,2,1,1,0,1,5,1,1,1,1,1,1,1,0,2,3,0,1,2,2,1,1,0,0,0,0,0,8,2,0,2,0,1,1,0,1,2,3,0,2,2,3,1,2,1,0,1,2,1,1
Seq131,1,2,1,1,1,2,2,1,1,4,2,0,1,3,0,1,0,0,1,1,2,2,1,1,1,2,1,2,3,0,2,3,1,1,0,0,0,0,0,0,6,3,0,3,0,1,0,1,0,1,2,1,2,4,1,2,1,1,1,2,2,1,1
Seq132,0,1,0,0,0,1,1,1,4,1,1,0,1,1,1,1,0,1,4,1,1,1,0,0,0,1,0,1,1,0,1,1,2,1,1,0,0,0,0,0,6,1,0,1,0,1,1,0,1,1,2,0,1,1,2,1,2,0,0,1,2,0,0
Seq133,0,0,0,0,0,1,1,1,4,0,1,0,1,1,1,1,0,1,4,1,1,1,0,0,0,0,0,0,1,0,1,1,2,1,1,0,0,0,0,0,6,1,0,0,0,1,1,0,1,1,2,0,1,0,2,1,2,0,0,0,2,0,0
Seq134,3,2,1,2,0,1,1,0,0,0,2,0,1,1,2,0,2,2,1,0,1,0,0,2,2,1,3,0,1,0,0,3,2,0,2,2,1,2,0,1,2,2,1,1,0,3,1,2,2,0,0,1,1,0,0,2,0,1,3,2,1,1,0
Seq135,1,7,1,6,2,0,1,0,0,2,0,6,1,0,1,6,2,0,0,0,1,0,2,6,1,7,1,2,0,6,1,0,1,6,2,0,0,8,0,7,3,0,0,0,0,5,2,4,2,0,0,3,0,2,1,6,0,6,1,2,0,1,1
Seq136,4,0,4,1,0,0,4,0,1,0,0,1,0,0,1,0,1,11,1,0,4,0,0,1,4,0,4,0,0,1,0,0,1,0,1,11,4,4,0,5,1,0,0,0,0,5,4,0,4,0,0,1,0,0,1,5,0,4,4,0,0,0,0
Seq137,1,1,1,1,1,4,1,4,5,4,5,0,5,5,0,0,0,0,5,4,1,4,1,1,1,1,1,3,5,0,5,6,0,0,0,0,0,0,0,0,14,2,0,2,1,0,1,4,5,0,1,1,4,3,10,1,2,1,1,1,2,1,0
Seq138,1,2,1,1,0,1,2,0,0,0,0,2,1,0,0,2,0,1,0,0,2,1,0,1,1,2,1,0,1,2,1,1,0,2,0,1,0,2,0,2,2,1,0,1,0,0,1,1,1,1,1,1,1,1,0,2,0,1,1,2,1,1,0
Seq139,2,0,4,2,0,1,3,2,4,0,1,2,2,4,3,0,4,2,4,2,3,1,0,2,4,0,2,0,1,2,2,4,3,0,4,2,2,4,0,5,7,0,0,0,0,13,0,2,0,0,0,3,0,0,7,5,0,4,2,0,0,0,0
Seq140,2,3,1,4,3,2,0,2,0,1,3,3,2,1,2,3,2,0,2,1,0,1,1,5,1,4,2,0,1,0,0,6,5,0,5,0,0,3,0,3,11,0,0,0,0,0,1,4,0,2,1,5,1,3,0,1,2,1,2,3,2,3,3
Seq141,6,4,1,6,2,0,0,1,0,2,0,6,0,0,0,5,0,7,0,1,0,0,2,6,1,4,6,2,0,6,0,0,0,5,0,7,6,5,0,6,3,0,0,0,0,18,1,0,1,0,0,0,0,0,3,6,0,5,6,0,0,0,0
Seq142,2,0,1,0,1,3,1,2,0,2,1,1,0,1,2,1,1,0,0,2,1,3,1,0,1,0,2,1,2,1,1,1,2,1,1,0,0,1,0,1,6,1,0,1,0,2,2,1,2,0,1,0,2,0,6,1,0,1,2,0,0,0,0
Seq143,0,4,1,4,7,1,1,0,0,3,1,6,0,0,1,6,1,0,0,1,1,2,3,5,1,5,0,1,1,2,1,1,5,1,6,0,0,5,0,5,8,0,0,0,0,0,1,5,1,0,2,5,3,1,0,2,0,1,0,4,1,3,7
Seq144,1,0,3,3,0,0,0,2,2,0,0,1,1,3,1,0,3,2,3,1,2,0,0,1,3,0,1,0,0,1,1,3,1,0,3,2,0,2,0,2,7,0,0,0,0,5,1,1,2,1,0,0,1,0,2,1,1,2,1,1,1,2,0
Seq145,0,3,0,3,1,3,0,3,1,1,2,3,2,0,0,3,0,3,2,3,0,2,1,3,1,2,0,1,2,2,1,1,1,3,0,3,0,3,0,3,8,0,0,0,0,2,2,2,1,2,2,2,1,0,4,2,2,2,0,1,2,1,0
Seq146,0,0,2,1,0,0,2,0,2,0,0,0,0,1,2,0,2,2,2,0,2,0,0,0,2,0,1,0,0,0,0,1,2,0,2,2,0,2,0,3,2,0,0,0,0,3,2,0,2,0,0,0,0,0,1,1,1,2,0,0,0,2,0
Seq147,1,1,2,0,6,1,2,0,1,4,2,1,1,2,1,2,0,0,1,1,2,2,4,0,2,1,1,4,2,1,1,3,1,2,0,0,0,1,0,1,9,1,0,2,0,0,2,2,2,1,2,2,2,1,4,2,0,2,1,1,1,0,3
Seq148,1,2,3,2,7,6,3,5,3,3,3,5,4,6,1,3,3,3,6,5,5,7,3,0,4,1,1,3,2,4,3,9,2,2,4,3,0,1,0,1,26,2,0,2,0,2,1,4,4,8,4,1,7,1,7,3,5,3,1,2,5,2,4
Seq149,1,2,3,4,2,2,2,3,1,2,2,3,1,2,3,3,2,2,1,2,3,2,2,3,3,2,2,2,1,3,1,3,3,2,3,2,1,4,0,5,10,0,0,0,0,7,2,2,2,0,2,3,1,1,4,3,2,4,1,1,1,3,1
Seq150,6,5,0,6,3,0,0,0,0,3,0,6,0,0,0,5,0,6,0,0,0,0,3,6,0,5,6,3,0,6,0,0,0,5,0,6,6,5,0,6,3,0,0,0,0,20,0,0,0,0,0,0,0,0,3,6,0,5,6,0,0,0,0
Seq151,4,2,4,2,0,0,3,1,3,0,1,2,2,4,3,2,4,1,3,1,3,0,0,2,4,2,4,0,1,1,1,5,4,2,4,1,1,4,1,4,6,1,0,2,0,3,4,3,4,1,1,2,1,0,3,3,1,4,4,2,0,2,0
Seq152,1,0,3,2,0,0,1,1,3,0,0,1,1,4,1,0,3,1,3,1,2,0,0,1,3,0,1,0,0,1,1,4,1,0,3,1,0,2,0,2,7,0,0,0,0,4,2,1,3,0,0,0,1,0,3,2,0,2,1,1,1,1,0
Seq153,7,1,3,3,3,0,1,2,0,3,0,3,1,3,1,2,2,5,0,2,1,0,3,3,3,1,7,3,0,3,1,3,1,2,2,5,4,4,0,4,5,1,0,1,1,11,2,2,1,0,1,3,0,0,3,2,2,4,7,0,0,2,0
Seq154,2,2,2,2,8,1,2,1,2,9,2,1,1,4,2,2,1,0,2,1,2,1,8,2,2,2,2,4,3,1,3,6,2,1,2,0,0,1,1,2,15,1,0,2,0,6,1,3,1,0,0,2,0,9,5,4,1,3,2,1,1,0,5
Seq155,0,2,3,4,3,2,1,4,3,2,2,4,2,1,2,4,2,3,3,3,2,2,2,4,3,3,0,2,2,4,2,1,2,4,2,3,0,4,0,4,12,1,0,1,0,3,4,3,2,1,3,5,1,0,8,4,2,4,0,1,1,1,1
Seq156,11,2,1,1,3,2,3,1,3,2,3,0,2,16,2,1,1,0,3,2,3,2,2,1,2,1,11,2,3,0,2,16,2,1,1,0,0,1,0,0,16,5,1,3,1,9,2,3,1,1,3,5,1,2,4,3,1,1,11,2,2,1,2
Seq157,3,4,3,3,1,2,3,1,2,0,3,1,2,8,2,2,1,3,2,1,3,2,0,2,3,3,6,0,1,0,1,11,3,0,3,3,0,4,0,3,11,2,0,2,0,6,2,6,2,0,0,5,1,0,3,3,1,4,3,3,1,3,1
Seq158,3,1,3,1,1,2,3,2,4,0,3,0,1,6,4,2,2,2,5,1,4,2,0,0,3,1,4,0,3,0,1,6,4,2,2,2,1,3,0,3,11,1,0,1,0,5,3,2,2,2,2,4,0,0,5,3,2,4,3,0,1,1,1
Seq159,2,3,1,2,4,3,1,2,0,1,1,4,1,0,2,5,2,1,0,3,2,4,1,1,2,2,3,1,2,4,1,0,2,5,2,1,0,2,0,1,13,1,0,1,0,5,1,3,1,0,2,2,3,1,3,1,2,1,2,3,3,2,1
Seq160,0,1,0,0,1,1,1,1,4,2,1,0,1,1,1,1,0,1,4,1,1,1,1,0,0,1,0,1,2,0,1,1,2,1,1,0,0,0,0,0,7,1,0,1,0,1,1,0,1,1,2,0,1,2,2,1,2,0,0,1,2,0,1
Seq161,2,4,2,1,0,5,6,1,2,0,4,0,3,5,5,0,5,1,2,0,7,4,0,0,3,3,4,0,4,0,3,5,5,0,5,1,1,2,0,2,16,1,0,1,0,6,4,2,4,1,1,3,1,1,5,6,1,4,2,2,2,1,0
Seq162,6,1,4,3,0,0,3,2,3,1,1,2,2,4,4,1,4,3,3,2,3,0,0,3,4,1,6,1,1,2,2,4,4,1,4,3,2,3,2,5,6,1,1,2,0,9,3,2,2,1,1,3,0,1,5,5,0,4,6,1,0,1,0
Seq163,2,2,3,4,3,2,1,4,3,2,1,4,4,2,2,1,5,3,3,4,1,1,2,4,4,1,4,2,1,4,4,2,2,1,5,3,0,5,0,5,14,0,0,0,0,14,2,2,3,1,0,2,0,0,7,4,2,3,2,2,3,1,0
Seq164,1,1,2,2,10,2,1,2,3,10,1,1,0,0,2,1,1,5,3,2,2,3,8,1,2,1,2,2,4,1,4,4,2,1,1,5,1,2,0,2,19,0,0,0,0,2,3,1,3,1,4,1,5,4,1,1,4,2,1,1,4,2,8
Seq165,3,4,3,4,0,1,3,1,0,1,3,3,4,3,1,2,2,0,0,1,3,1,0,4,3,4,3,1,3,3,4,3,1,2,2,0,0,4,0,2,6,3,2,1,1,6,2,3,1,0,1,3,1,2,1,5,1,5,3,2,0,2,0
Seq166,1,0,3,2,1,0,1,1,2,0,0,1,0,4,1,1,2,2,2,1,3,1,0,0,3,0,1,0,0,1,0,4,1,1,2,2,0,2,0,2,7,0,0,0,0,4,2,1,3,0,0,0,1,0,2,1,1,2,1,1,1,2,0
Seq167,3,2,1,1,3,3,3,1,2,3,1,3,2,3,1,1,3,2,2,1,3,3,3,1,1,2,3,1,2,2,2,4,2,1,3,2,1,2,0,2,12,1,0,1,0,3,3,3,4,1,0,2,1,2,3,3,0,1,3,2,2,1,4
Seq168,1,3,0,3,1,1,0,1,0,1,1,2,0,0,1,3,0,2,1,0,1,1,1,2,0,3,1,1,1,2,0,0,1,3,0,2,1,3,0,3,3,0,0,0,0,1,1,2,1,1,1,2,1,0,1,2,1,2,1,1,1,1,0
Seq169,1,1,2,1,0,1,2,1,2,0,1,0,0,0,3,2,2,3,2,1,2,1,0,0,2,1,2,0,1,0,0,0,3,2,2,3,0,3,0,3,5,0,0,0,0,8,2,0,1,0,0,0,0,0,1,1,1,2,1,1,0,2,2
Seq170,0,1,2,1,0,1,2,1,3,0,0,1,0,1,2,2,2,3,3,1,2,1,0,0,2,1,1,0,0,1,0,1,2,2,2,3,0,3,0,3,5,0,0,0,0,6,3,0,2,0,0,0,0,0,1,1,2,3,0,0,0,2,2
Seq171,3,4,1,3,3,4,3,2,1,4,3,3,1,0,3,4,1,5,2,1,4,4,3,2,1,4,3,4,3,3,1,0,3,4,1,5,2,3,0,4,11,2,0,2,0,5,2,3,2,2,2,4,2,2,6,5,2,5,3,0,1,1,1
Seq172,1,0,2,2,0,1,0,2,3,0,0,1,1,4,1,0,3,1,4,1,2,1,0,0,2,0,1,0,0,1,1,4,1,0,3,1,0,1,0,1,9,0,0,0,0,3,2,1,3,1,0,0,1,0,3,0,2,2,1,0,1,2,0
Seq173,5,2,1,1,1,0,1,0,0,1,0,0,0,1,1,1,1,6,0,0,2,0,1,0,2,1,5,0,0,0,1,1,1,0,2,6,4,3,0,2,2,0,0,0,0,4,1,2,2,0,0,0,1,1,0,1,0,1,5,2,1,1,0
Seq174,3,1,2,1,1,1,2,1,2,1,1,0,1,3,2,0,2,4,3,0,3,1,1,0,2,1,3,1,1,0,1,3,2,0,2,4,3,2,0,2,5,1,0,1,0,8,2,1,2,1,0,0,0,0,4,2,1,2,3,1,0,1,0
Seq175,6,2,4,2,1,2,3,2,2,1,1,1,2,7,3,0,4,5,3,1,4,1,1,1,5,1,7,1,1,1,2,7,3,0,4,5,3,4,0,4,9,2,0,2,0,12,4,1,2,0,1,3,0,1,3,4,2,5,6,1,2,1,0
Seq176,2,0,1,0,1,3,1,2,0,2,1,1,0,1,2,1,1,0,0,2,1,3,1,0,1,0,2,1,2,1,1,1,2,1,1,0,0,1,0,1,6,1,0,1,0,2,3,1,3,0,0,0,1,0,6,1,0,1,2,0,0,0,0
Seq177,1,1,2,0,1,2,2,2,3,0,1,0,1,3,3,1,2,2,3,1,3,1,0,0,3,1,2,0,1,0,1,4,3,1,2,2,0,1,0,1,12,0,0,0,0,4,3,1,3,1,1,0,1,0,5,2,1,2,1,1,1,0,1
Seq178,5,3,2,1,0,3,4,1,0,0,0,3,0,0,5,3,5,3,1,1,4,2,0,1,3,2,5,0,0,3,0,0,5,3,5,3,1,5,1,5,4,1,1,1,0,13,1,1,2,0,0,1,1,0,0,4,0,3,5,2,2,1,2
Seq179,3,2,3,2,0,1,3,0,9,0,2,1,1,3,6,1,5,4,9,0,3,1,0,2,3,2,3,0,2,1,1,3,6,1,5,4,1,4,0,4,12,1,0,1,0,6,4,2,4,3,0,3,0,1,8,3,1,2,3,3,1,2,0
Seq180,6,3,4,3,2,4,4,4,4,5,6,1,3,8,5,3,2,1,4,3,5,4,2,3,4,3,6,4,5,1,4,9,5,2,3,1,1,2,0,1,20,4,1,3,2,6,5,3,1,2,5,8,1,3,6,4,4,5,6,2,3,3,1
Seq181,1,3,1,1,6,4,3,1,0,4,3,3,4,0,2,1,3,0,0,1,3,4,4,2,1,4,1,2,1,3,4,4,2,0,4,0,0,1,0,1,18,0,0,0,0,4,1,3,1,2,1,3,2,3,0,2,2,2,1,2,3,2,6
Seq182,1,0,2,1,1,0,1,1,2,1,2,0,2,2,1,0,1,0,2,1,1,0,1,1,2,0,1,1,2,0,2,2,1,0,1,0,0,1,0,0,4,2,1,1,0,1,1,1,1,2,1,1,1,0,4,2,0,2,1,0,0,0,0
Seq183,1,0,1,0,2,1,1,0,1,1,2,0,1,2,0,1,0,0,1,1,1,1,1,0,1,0,1,1,2,0,1,2,0,1,0,0,0,0,0,0,5,1,0,1,0,0,1,0,0,1,2,2,0,1,3,1,0,1,1,0,1,0,0
Seq184,1,2,1,0,0,3,3,0,2,1,1,2,2,2,1,0,2,1,2,0,3,3,0,0,1,2,1,1,1,2,2,2,1,0,2,1,1,1,0,1,5,2,0,2,0,2,2,1,2,1,1,1,2,0,4,3,0,2,1,1,1,0,0
Seq185,1,0,1,0,6,1,1,0,1,4,2,1,1,2,0,1,0,0,1,1,1,2,4,0,1,0,1,4,2,1,1,2,0,1,0,0,0,0,0,0,9,1,0,1,0,0,1,1,1,1,2,2,2,1,4,1,0,1,1,0,1,0,3
Seq186,1,0,1,0,0,3,2,3,2,0,0,3,1,1,0,2,0,5,2,3,2,3,0,0,1,0,1,0,0,0,0,2,3,0,2,5,1,1,0,2,8,0,0,0,0,1,1,1,3,1,2,0,3,0,2,2,3,1,1,0,3,0,0
Seq187,11,2,3,2,5,3,3,3,3,3,5,1,4,15,2,3,1,1,3,3,4,3,3,2,3,3,11,3,5,1,4,15,2,3,1,1,0,2,0,0,20,6,2,4,1,12,3,7,3,1,1,8,0,0,6,4,2,4,11,1,3,1,3
Seq188,0,1,1,2,4,1,1,2,1,1,1,2,0,0,2,2,1,3,1,3,2,1,1,2,3,0,0,1,1,1,1,0,3,1,2,3,0,0,0,1,12,0,0,0,0,0,3,0,2,1,3,2,1,1,1,1,2,1,0,1,1,2,4
Seq189,2,2,2,1,1,1,2,1,2,1,2,1,3,2,1,0,2,1,3,0,2,1,1,1,2,2,2,1,2,1,3,3,1,0,2,1,1,2,0,1,8,1,0,1,0,6,2,2,1,0,0,2,0,1,4,3,1,4,2,0,0,0,0
Seq190,2,5,0,5,2,1,0,1,0,2,2,3,0,0,2,5,0,2,1,0,1,1,2,4,0,5,2,1,2,3,1,0,2,4,1,2,1,5,0,5,5,0,0,0,0,2,2,3,2,1,1,3,1,1,1,3,1,2,2,3,2,2,0
Seq191,0,0,2,1,0,0,2,1,3,1,0,1,1,3,0,0,1,1,3,1,2,0,0,1,2,0,0,1,0,1,1,4,0,0,1,1,0,0,0,1,4,2,0,2,0,0,1,1,3,2,0,0,1,1,3,2,1,2,0,0,0,1,0
Seq192,0,0,2,1,0,0,2,1,1,1,0,1,1,2,0,0,0,1,1,1,2,0,0,1,2,0,0,1,0,1,1,3,0,0,0,1,0,0,0,1,2,2,0,2,0,0,1,1,3,0,0,0,1,1,1,2,1,2,0,0,0,1,0
Seq193,1,0,3,0,0,1,3,0,4,0,1,2,0,2,2,2,2,0,4,0,3,1,0,0,3,0,1,0,1,2,0,3,2,2,2,0,0,0,1,1,5,2,0,3,0,1,1,1,2,3,1,0,3,0,4,3,0,3,1,0,1,0,0
Seq194,1,0,2,0,0,1,3,0,4,0,1,2,0,1,2,2,2,0,4,0,3,1,0,0,2,0,1,0,1,2,0,2,2,2,2,0,0,0,1,1,5,2,0,2,0,1,0,1,2,3,1,0,3,0,4,3,0,2,1,0,1,0,0
Seq195,1,0,2,0,0,1,2,0,3,0,1,2,0,0,2,2,2,0,3,0,2,1,0,0,2,0,1,0,1,2,0,0,2,2,2,0,0,0,1,1,4,1,0,2,0,1,0,1,1,2,1,0,3,0,3,2,0,2,1,0,1,0,0
Seq196,1,0,1,0,0,1,2,0,2,0,1,1,0,0,2,2,1,0,2,0,2,1,0,0,1,0,1,0,1,1,0,0,2,2,1,0,0,0,1,1,3,1,0,1,0,1,0,1,1,1,1,0,2,0,2,2,0,1,1,0,1,0,0
Seq197,1,0,4,1,0,0,4,1,4,1,1,2,1,3,2,2,1,1,4,1,4,0,0,1,4,0,1,1,1,2,1,4,2,2,1,1,0,0,1,2,5,3,0,4,0,1,1,2,3,3,1,0,3,1,4,4,1,4,1,0,0,1,0
Seq198,0,0,4,1,0,0,3,1,4,1,1,2,1,3,1,1,1,1,4,1,3,0,0,1,4,0,0,1,1,2,1,4,1,1,1,1,0,0,0,1,5,3,0,4,0,0,1,1,3,3,1,0,3,1,4,3,1,4,0,0,0,1,0
Seq199,0,0,3,1,0,0,3,1,3,1,0,2,1,3,0,1,1,1,3,1,3,0,0,1,3,0,0,1,0,2,1,4,0,1,1,1,0,0,0,1,4,3,0,3,0,0,1,1,3,2,1,0,2,1,3,3,1,3,0,0,0,1,0
Seq200,2,3,2,2,8,2,3,1,2,9,2,1,1,5,3,2,2,0,3,1,3,1,8,2,3,2,2,4,3,1,3,7,3,1,3,0,0,1,1,2,16,2,0,3,0,6,2,3,2,1,0,2,0,9,5,5,1,3,2,2,2,0,5
Seq201,11,1,6,2,1,1,5,2,6,1,3,1,3,14,5,1,5,2,6,2,5,1,1,2,6,1,11,1,3,1,3,14,5,1,5,2,0,2,0,0,20,6,2,4,1,10,3,5,4,2,3,5,3,0,7,5,2,6,11,1,1,2,0
Seq202,1,0,3,2,6,1,1,3,0,4,3,1,2,1,2,2,1,1,1,4,1,2,3,2,3,0,1,4,2,1,1,3,2,2,1,1,0,1,0,1,13,1,0,1,0,1,2,2,3,1,2,1,3,2,2,2,3,3,1,0,2,1,3
Seq203,1,0,3,2,5,1,1,3,1,3,3,1,2,2,2,2,1,1,2,4,1,2,2,2,3,0,1,3,2,1,1,4,2,2,1,1,0,1,0,1,13,1,0,1,0,1,2,2,3,3,1,1,2,2,3,2,3,3,1,0,2,1,2
Seq204,0,1,0,0,2,4,2,2,6,2,3,1,2,3,2,1,2,1,6,2,2,4,2,0,0,1,0,2,3,1,2,3,2,1,2,1,0,0,0,0,17,0,0,0,0,5,2,3,2,1,1,2,1,0,12,2,1,1,0,0,1,0,0
Seq205,0,0,1,0,3,4,1,4,4,3,2,2,3,5,0,1,1,0,4,4,1,4,3,0,1,0,0,3,2,2,3,5,0,1,1,0,0,0,0,0,17,0,0,0,0,3,2,4,3,1,0,2,2,0,9,0,3,1,0,0,3,1,0
Seq206,0,1,1,1,1,5,1,5,2,1,3,3,3,4,0,3,0,0,2,5,1,5,1,1,1,1,0,1,3,3,3,4,0,3,0,0,0,0,0,0,17,0,0,0,0,7,0,3,0,0,1,2,2,2,8,2,1,1,0,1,3,0,1
Seq207,0,0,1,0,3,5,1,5,2,3,3,2,3,4,0,2,0,0,2,5,1,5,3,0,1,0,0,3,3,2,3,4,0,2,0,0,0,0,0,0,15,1,0,1,0,5,2,3,2,0,1,2,2,0,8,1,2,1,0,0,3,0,2
Seq208,4,2,4,2,1,5,3,5,5,2,4,2,4,3,3,2,4,3,5,4,4,4,1,2,5,2,4,0,4,1,4,9,4,1,5,3,1,2,0,1,23,2,0,2,0,1,4,1,4,6,4,0,5,6,7,3,4,4,4,2,4,2,1
Seq209,11,4,0,5,0,0,0,0,0,0,0,5,0,0,0,4,0,11,0,0,0,0,0,5,0,4,11,0,0,5,0,0,0,4,0,11,11,4,0,5,0,0,0,0,0,20,0,0,0,0,0,0,0,0,0,5,0,4,11,0,0,0,0
Seq210,3,4,0,5,2,1,0,1,0,2,2,3,0,0,2,4,0,3,1,0,1,1,2,4,0,4,3,2,2,3,0,0,2,4,0,3,2,4,0,5,5,0,0,0,0,3,1,3,2,1,1,3,2,0,1,3,1,3,3,1,1,2,1
Seq211,1,2,2,1,1,4,3,3,2,1,3,2,3,2,3,2,2,1,2,3,3,4,1,1,2,2,1,0,2,1,2,5,4,1,3,1,0,2,0,2,11,2,0,2,0,3,3,2,2,2,2,2,2,1,4,3,2,3,1,1,2,1,2
Seq212,1,2,2,1,3,3,3,2,2,3,2,2,2,2,3,2,2,1,2,2,3,3,3,1,2,2,1,1,2,0,1,5,5,1,3,1,0,2,0,2,11,2,0,2,0,2,3,3,1,2,2,4,1,1,3,3,2,3,1,1,2,1,3
Seq213,1,1,0,2,1,3,0,3,1,1,0,4,0,0,1,3,1,0,2,3,0,2,1,2,1,0,1,1,1,2,1,0,3,1,3,0,0,0,1,2,8,0,0,1,0,1,2,0,0,2,3,2,1,1,5,2,1,0,1,1,2,0,0
Seq214,1,0,1,0,3,1,1,0,2,2,2,0,1,3,0,1,0,0,2,1,1,1,2,0,1,0,1,2,2,0,1,3,0,1,0,0,0,0,0,0,7,1,0,1,0,1,1,1,1,1,1,2,0,1,5,1,0,1,1,0,1,0,0
Seq215,1,3,4,5,5,3,3,4,3,5,1,5,2,2,2,3,3,2,6,2,4,2,5,4,4,3,1,5,2,4,3,5,4,2,5,1,0,5,1,7,15,1,0,2,0,3,7,2,6,5,2,3,1,2,5,5,5,4,1,3,5,3,0
Seq216,0,0,2,1,4,3,1,4,2,3,3,1,3,1,2,1,2,1,3,4,1,3,3,1,2,0,0,3,2,1,2,3,2,1,2,1,0,1,0,1,15,0,0,0,0,1,3,1,2,3,3,2,2,0,7,1,3,2,0,0,1,1,2
Seq217,0,1,4,3,9,5,2,7,6,3,5,4,7,0,2,1,4,5,6,7,2,5,3,4,4,1,5,1,5,4,7,8,2,1,4,5,0,5,0,5,27,0,0,0,0,5,4,1,2,6,7,4,5,3,17,5,3,5,0,0,2,0,5
Seq218,0,0,2,1,3,1,1,1,2,2,0,2,1,1,1,0,2,2,3,1,1,1,2,1,2,0,0,2,0,2,1,1,1,0,2,2,0,2,0,2,7,0,0,0,0,4,2,1,2,1,0,1,0,0,4,2,1,2,0,0,2,0,0
Seq219,1,1,2,1,0,2,2,1,2,0,2,2,3,1,1,0,2,1,2,1,2,2,0,1,2,1,1,0,2,2,3,1,1,0,2,1,1,1,0,1,5,2,0,2,0,3,1,1,2,1,1,0,3,0,4,3,0,2,1,1,1,0,0
Seq220,6,4,3,4,2,4,4,4,3,6,6,1,3,6,4,4,2,2,4,3,5,4,2,3,3,4,6,4,6,1,4,7,4,3,3,2,1,2,0,1,19,5,1,3,2,3,5,3,1,3,6,8,1,4,5,4,4,4,6,3,3,4,1
Seq221,1,2,2,1,4,3,2,2,2,1,1,3,2,1,2,2,4,1,2,2,3,3,1,1,3,2,2,0,1,2,1,5,3,2,4,1,1,2,0,1,11,2,0,2,0,8,2,2,2,1,1,1,2,0,3,2,3,3,1,1,3,1,2
Seq222,8,4,0,3,8,2,0,2,0,7,4,1,4,1,0,2,0,8,0,2,0,2,7,3,0,4,9,5,4,1,5,2,0,1,1,8,7,1,0,0,17,1,0,1,0,9,1,5,3,3,0,2,2,2,0,1,3,0,8,4,4,2,5
Seq223,1,2,3,1,1,2,4,2,4,1,0,3,2,2,3,2,4,2,5,2,4,1,1,1,4,1,1,0,2,1,2,2,5,2,4,2,1,4,0,4,9,1,0,1,0,7,2,2,2,3,1,1,2,0,5,5,1,3,1,2,2,0,1
Seq224,1,2,4,2,1,2,4,2,3,1,0,4,2,1,3,2,5,2,4,2,4,1,1,2,5,1,1,0,2,2,2,1,5,2,5,2,1,5,0,5,8,1,0,1,0,7,2,2,3,3,1,1,2,0,4,5,1,4,1,2,2,1,1
Seq225,1,2,3,2,1,2,3,2,1,1,0,3,1,1,3,2,4,2,2,2,3,1,1,2,4,1,1,0,1,2,1,1,4,2,4,2,1,5,0,5,6,0,0,0,0,7,2,1,3,1,1,1,1,0,2,4,1,3,1,2,2,1,1
Seq226,3,2,3,2,0,2,2,2,1,0,1,4,2,0,3,2,4,1,2,1,3,2,0,1,3,2,3,0,1,4,2,0,3,2,4,1,0,3,1,2,5,2,2,2,0,8,3,0,2,1,1,1,1,0,4,3,1,5,3,0,0,1,0
Seq227,1,2,1,2,2,2,0,2,0,1,0,4,1,0,1,3,1,1,0,2,0,2,1,2,1,2,2,0,1,1,1,0,4,1,3,1,0,3,0,3,6,0,0,0,0,3,0,4,0,0,0,3,1,1,0,0,2,2,1,1,1,2,3
Seq228,4,3,4,7,0,4,1,7,2,2,3,3,4,3,2,2,3,8,2,6,3,2,0,5,6,1,7,1,3,2,3,7,3,2,3,8,2,4,0,4,13,4,1,3,1,11,5,3,4,1,2,5,0,1,4,1,6,4,4,3,3,7,0
Seq229,6,3,5,4,2,3,4,4,3,5,5,1,3,8,5,3,3,1,3,3,5,3,2,3,5,3,7,4,5,1,4,8,5,2,4,1,1,2,0,1,20,4,1,3,2,6,4,4,1,2,5,7,2,3,5,4,4,6,6,2,2,4,1
Seq230,1,1,4,2,2,0,4,0,0,2,0,2,1,2,1,0,2,3,0,0,4,0,2,2,4,1,1,2,0,2,1,2,2,0,3,2,0,4,0,5,5,0,0,0,0,0,4,1,5,0,0,1,1,2,0,4,1,4,1,1,0,2,1
Seq231,0,3,1,2,1,3,2,1,5,5,4,0,2,3,1,1,0,1,5,1,2,3,1,2,1,3,0,3,5,0,3,3,2,1,1,0,0,0,0,0,10,4,0,4,0,3,2,0,1,2,3,1,2,4,4,2,2,2,0,2,3,2,1
Seq232,6,5,0,5,2,1,1,0,0,2,0,6,0,0,0,5,0,7,0,0,1,1,2,5,0,5,6,2,0,6,0,0,0,5,0,7,6,5,0,6,3,0,0,0,0,18,1,0,1,0,0,0,0,0,3,6,0,5,6,0,0,0,0
Seq233,0,1,0,0,5,2,1,1,1,5,2,0,1,0,1,1,0,1,1,1,1,2,5,0,0,1,0,1,3,0,3,1,1,0,1,1,0,1,0,1,9,0,0,0,0,0,1,1,2,1,0,0,1,5,1,1,1,0,0,1,2,0,5
Seq234,0,2,2,2,1,4,2,4,2,1,3,3,3,2,2,3,1,1,2,4,2,4,1,2,2,2,0,0,2,1,1,6,4,2,2,1,0,2,0,2,11,2,0,2,0,3,3,2,2,2,2,2,2,1,4,3,2,3,0,1,2,1,3
Seq235,3,3,3,4,0,0,2,2,2,1,2,2,3,5,1,2,2,1,2,2,2,0,0,4,3,3,3,1,2,2,3,5,1,2,2,1,1,3,0,2,5,4,1,3,0,9,2,2,2,0,1,2,0,1,3,4,1,5,3,1,0,2,0
Seq236,1,2,1,1,1,2,2,1,5,4,2,0,1,5,1,1,0,1,5,1,2,2,1,1,1,2,1,2,3,0,2,5,2,1,1,0,0,0,0,0,10,3,0,3,0,2,1,1,1,2,2,1,2,4,3,2,2,1,1,2,3,1,1
Seq237,0,0,1,1,1,2,0,3,5,1,1,2,2,2,1,1,3,0,5,3,0,2,1,1,1,0,0,1,0,2,2,3,1,0,4,0,0,1,0,1,11,0,0,0,0,0,3,1,3,1,2,2,1,0,5,0,3,1,0,0,2,1,1
Seq238,1,2,2,1,1,4,3,3,2,1,3,2,3,2,3,2,2,1,2,3,3,4,1,1,2,2,1,0,3,0,2,4,5,1,3,1,0,2,0,2,11,2,0,2,0,2,3,3,2,2,2,3,2,0,4,3,2,3,1,1,2,1,2
Seq239,0,0,1,0,1,3,1,4,2,1,0,3,1,1,0,3,0,3,2,4,1,3,1,0,1,0,0,0,0,0,0,3,3,0,3,3,0,1,0,1,10,0,0,0,0,0,1,1,2,1,3,0,3,1,2,1,4,1,0,0,3,0,1
Seq240,1,2,2,2,1,2,2,1,5,5,3,0,1,5,1,1,0,1,5,1,2,2,1,2,2,2,1,5,3,0,1,5,2,1,1,0,0,0,0,0,10,4,0,4,0,2,1,2,1,2,3,2,3,2,3,3,2,2,1,2,4,1,0
Seq241,1,2,4,2,1,2,4,2,4,1,0,4,2,2,3,2,5,2,5,2,4,1,1,2,5,1,1,0,2,2,2,2,5,2,5,2,1,5,0,5,9,1,0,1,0,8,2,2,3,3,1,1,2,0,5,5,1,4,1,2,2,1,1
Seq242,3,3,2,3,7,5,2,5,1,8,3,4,4,1,2,3,3,3,1,4,3,5,7,2,2,3,4,8,3,4,4,1,2,3,3,3,1,3,0,2,18,3,1,2,1,13,4,2,3,0,3,4,2,0,12,2,2,2,3,3,3,3,1
Seq243,1,2,2,1,1,4,3,3,2,1,3,2,3,2,3,2,2,1,2,3,3,4,1,1,2,2,1,0,2,0,1,6,5,1,3,1,0,2,0,2,11,2,0,2,0,2,3,2,1,2,3,3,2,1,3,3,2,3,1,1,2,1,3
Seq244,1,0,3,2,0,1,1,2,1,0,1,0,1,2,2,0,3,2,2,1,3,1,0,0,3,0,1,0,1,0,1,2,2,0,3,2,0,2,0,2,7,0,0,0,0,3,2,1,3,1,0,0,1,0,2,1,1,2,1,1,1,2,0
Seq245,2,2,1,2,4,3,1,3,1,3,4,1,2,3,2,3,0,0,1,4,1,3,3,2,2,1,2,3,4,1,3,3,2,2,1,0,0,1,0,1,15,1,0,1,0,6,1,2,2,2,1,1,2,2,5,2,3,2,2,1,3,1,0
Seq246,1,0,4,2,0,1,3,2,4,1,2,3,2,2,2,2,2,1,4,2,3,1,0,2,4,0,1,1,2,3,2,2,2,2,2,1,0,0,1,2,7,3,0,4,0,1,1,2,3,2,2,1,4,1,4,3,2,4,1,0,1,2,0
Seq247,2,2,4,4,4,4,3,5,3,4,2,4,3,2,2,2,3,3,6,3,4,3,4,3,4,2,2,4,3,3,4,5,4,1,5,2,1,4,1,6,16,1,0,2,0,4,6,3,6,5,1,3,1,2,5,5,6,5,2,1,5,2,0
Seq248,4,4,6,5,2,2,5,4,2,4,6,2,8,8,2,1,3,0,2,4,5,2,2,5,6,4,4,4,6,2,8,8,2,1,3,0,0,3,1,3,15,5,1,5,1,12,2,5,2,0,3,5,2,3,6,8,2,8,4,2,1,2,1
Seq249,5,5,5,4,2,3,5,3,2,4,4,2,4,9,4,3,3,1,2,2,6,3,2,3,5,5,6,4,4,2,4,9,4,3,3,1,1,3,0,2,20,3,1,3,1,6,4,6,1,1,5,8,2,1,5,6,3,7,5,3,2,3,0
Seq250,0,1,0,2,1,3,0,3,2,1,1,4,1,0,0,3,0,0,2,3,0,3,1,2,0,1,0,1,2,2,2,0,2,1,2,0,0,0,0,1,11,0,0,0,0,0,1,0,0,3,3,1,2,2,6,2,1,0,0,1,2,0,0
Seq251,2,0,4,1,0,1,4,1,4,1,1,3,1,4,2,2,2,1,4,1,4,1,0,1,4,0,2,1,1,3,1,4,2,2,2,1,0,0,1,2,6,3,0,4,1,2,1,2,4,2,1,0,4,1,4,4,1,4,2,0,1,1,0
Seq252,8,5,0,6,1,0,0,0,0,1,0,6,0,0,0,5,0,8,0,0,0,0,1,6,0,5,8,1,0,6,0,0,0,5,0,8,8,5,0,6,1,0,0,0,0,20,0,0,0,0,0,0,0,0,1,6,0,5,8,0,0,0,0
Seq253,1,2,2,1,3,3,3,2,2,3,3,1,3,2,3,1,2,1,2,2,3,3,3,1,2,2,1,1,2,0,2,6,4,0,3,1,0,2,0,2,11,2,0,2,0,2,3,2,1,2,3,3,2,1,3,3,3,3,1,1,3,1,1
Seq254,1,2,2,1,1,4,3,3,2,1,3,2,3,2,3,2,2,1,2,3,3,4,1,1,2,2,1,0,2,1,1,6,4,2,2,1,0,2,0,2,11,2,0,2,0,3,4,1,1,2,3,3,1,1,4,3,2,4,1,0,1,1,3
Seq255,2,0,4,1,0,1,4,1,4,1,1,3,1,2,3,2,3,1,4,1,4,1,0,1,4,0,2,1,1,3,1,2,3,2,3,1,0,0,2,3,6,2,0,4,0,2,1,2,4,2,1,0,4,1,4,4,1,4,2,0,1,1,0
Seq256,0,0,1,1,3,4,1,4,3,3,3,2,4,1,1,0,2,1,3,4,1,4,3,1,1,0,0,3,2,2,3,3,1,0,2,1,0,0,0,1,16,0,0,0,0,1,3,2,3,2,2,2,2,0,10,1,2,1,0,0,1,1,1
Seq257,0,2,0,1,1,2,1,1,4,4,2,0,1,1,1,1,0,1,4,1,1,2,1,1,0,2,0,2,3,0,2,1,2,1,1,0,0,0,0,0,8,2,0,2,0,1,1,0,1,1,2,1,1,4,2,1,2,0,0,2,3,1,1
Seq258,4,4,6,5,2,3,5,3,2,4,6,3,7,8,2,1,3,0,2,3,5,3,2,5,6,4,4,4,6,3,7,8,2,1,3,0,0,3,1,3,15,5,1,5,1,12,2,5,2,0,2,6,2,3,6,8,1,8,4,2,1,2,2
Seq259,1,0,3,0,3,1,2,2,2,3,1,0,2,2,1,0,2,3,2,2,2,1,3,0,3,0,1,3,1,0,2,2,1,0,2,3,1,2,0,1,10,0,0,0,0,4,3,0,2,1,1,0,1,2,5,2,2,3,1,0,1,0,0
Seq260,1,2,2,2,1,2,3,2,2,1,0,3,1,1,3,2,4,2,3,2,3,1,1,2,3,1,1,0,1,2,1,1,4,2,4,2,1,4,0,5,7,0,0,0,0,6,2,1,3,2,1,1,1,0,3,4,1,2,1,2,2,1,1
Seq261,2,7,1,2,3,6,5,2,5,4,5,1,4,7,5,3,3,1,7,1,5,4,3,2,2,6,3,4,5,1,4,7,5,3,3,1,1,4,0,4,22,1,0,1,0,5,3,7,5,4,1,5,3,0,5,6,4,3,2,5,7,1,0
Seq262,4,3,4,3,3,5,3,5,5,4,4,3,4,3,3,3,4,3,5,4,4,4,3,3,5,3,4,0,4,2,5,10,4,1,6,3,1,3,0,2,25,2,0,2,0,1,4,2,4,6,4,1,5,8,7,3,4,4,4,3,4,3,3
Seq263,0,1,1,1,1,4,2,4,5,0,3,2,4,4,1,1,2,1,5,4,2,4,0,1,1,1,1,0,3,2,4,5,1,1,2,1,0,1,0,2,16,0,0,0,0,3,4,1,6,4,0,0,1,0,6,2,4,2,0,0,3,1,1
Seq264,1,1,3,0,0,1,4,0,0,0,3,0,3,1,1,0,2,0,0,0,4,1,0,0,3,1,1,0,3,0,3,1,1,0,2,0,0,1,0,1,4,2,0,2,0,1,1,1,0,0,2,2,1,2,0,4,0,3,1,1,1,0,0
Seq265,2,1,2,2,1,1,1,2,5,1,0,2,1,1,1,1,2,4,7,1,1,0,1,2,2,1,2,1,0,2,1,4,2,1,3,3,2,3,0,3,9,0,0,0,0,3,2,1,1,6,1,2,0,1,7,3,1,3,2,0,1,0,0
Seq266,1,1,2,1,0,2,2,1,2,0,3,1,2,1,2,1,1,1,2,1,2,2,0,1,2,1,1,0,3,1,2,1,2,1,1,1,1,1,0,1,5,2,0,2,0,2,2,1,2,1,1,1,2,0,4,3,0,2,1,1,1,0,0
Seq267,1,3,4,4,4,4,4,4,3,4,2,4,2,2,3,3,3,2,6,2,5,3,4,3,4,3,1,4,3,3,3,5,5,2,5,1,0,5,1,7,15,1,0,2,0,3,7,3,7,5,1,3,1,1,5,6,5,5,1,2,5,2,0
Seq268,1,2,4,4,5,4,3,5,3,5,2,4,3,2,2,2,3,2,6,3,4,3,5,3,4,2,1,5,3,3,4,5,4,1,5,1,0,4,1,6,17,1,0,2,0,3,7,2,6,5,2,3,1,2,5,5,6,4,1,2,6,2,0
Seq269,1,2,2,2,1,3,2,2,3,5,4,0,2,3,1,1,0,1,3,2,2,3,1,2,2,2,1,3,5,0,3,3,2,1,1,0,0,0,0,0,10,4,0,4,0,3,1,1,1,1,3,1,3,4,3,2,2,2,1,2,3,2,1
Seq270,1,0,3,2,0,1,1,2,2,1,3,0,1,2,2,1,0,2,2,2,1,1,0,2,3,0,1,1,3,0,1,2,2,1,0,2,1,1,0,1,5,2,0,2,0,3,2,0,1,2,1,1,1,1,4,2,1,3,1,0,0,1,0
Seq271,1,0,3,0,0,1,3,0,5,0,1,2,0,3,2,2,2,0,5,0,3,1,0,0,3,0,1,0,1,2,0,4,2,2,2,0,0,0,1,1,6,2,0,3,0,1,1,1,3,3,1,0,3,0,5,3,0,3,1,0,1,0,0
Seq272,1,2,2,2,4,3,2,3,2,1,1,4,3,1,2,2,4,1,2,3,3,3,1,2,3,2,2,0,1,2,1,6,4,2,4,1,1,2,0,2,12,2,0,2,0,8,2,3,2,1,1,2,2,0,3,2,4,3,1,1,3,2,2
Seq273,0,1,3,1,0,4,4,3,1,0,5,0,3,2,3,1,1,2,1,3,4,4,0,1,3,1,0,0,3,0,2,5,3,0,2,2,0,2,0,3,12,0,0,0,0,2,0,3,3,2,2,1,4,0,3,4,2,3,0,1,3,1,0
Seq274,1,1,2,0,1,2,4,1,4,1,1,1,1,3,3,1,2,3,4,1,4,2,1,0,2,1,1,1,1,1,1,3,3,1,2,3,1,3,0,4,8,0,0,0,0,3,5,1,4,0,1,2,0,0,5,4,1,2,1,1,2,0,0
Seq275,1,3,2,2,2,3,3,2,1,4,4,0,3,6,1,1,0,0,1,3,3,3,1,2,3,2,1,4,4,0,3,6,1,1,0,0,0,0,0,0,13,3,0,3,0,3,2,2,1,2,2,2,2,3,5,3,1,2,1,3,2,2,0
Seq276,0,0,3,2,1,0,1,1,3,0,1,0,0,4,2,1,2,1,4,1,2,0,0,1,3,0,0,0,1,0,0,4,2,1,2,1,0,1,0,1,9,0,0,0,0,3,2,1,3,1,0,0,1,0,2,2,1,2,0,1,2,1,0
Seq277,1,1,2,2,0,0,1,1,3,0,0,0,1,3,2,0,3,2,4,0,3,0,0,0,2,1,1,0,0,0,1,3,2,0,3,2,0,2,0,2,7,0,0,0,0,3,2,1,3,1,0,1,0,0,2,1,1,2,1,1,1,2,0
Seq278,1,2,1,0,2,5,3,3,2,2,3,2,3,1,3,2,2,1,2,3,3,5,2,0,1,2,1,0,3,0,2,4,5,1,3,1,0,2,0,2,13,1,0,1,0,2,3,2,1,2,3,3,2,1,4,3,2,2,1,1,3,0,3
Seq279,0,2,2,1,2,4,3,3,2,2,3,2,4,2,2,1,2,1,2,3,3,4,2,1,2,2,0,0,3,0,2,6,4,1,2,1,0,1,0,1,13,2,0,2,0,2,3,2,1,2,3,3,2,1,3,3,3,4,0,0,2,1,3
Seq280,6,0,5,2,0,0,4,1,2,0,0,3,1,2,5,1,6,2,2,1,4,0,0,2,5,0,6,0,0,3,1,2,5,1,6,2,1,3,3,6,4,0,1,2,0,6,4,1,4,1,1,2,1,0,3,5,0,5,6,0,0,1,0
Seq281,1,0,3,1,1,1,2,1,2,1,2,1,1,2,1,1,1,2,2,1,2,1,1,1,3,0,1,1,2,1,1,2,1,1,1,2,1,1,0,1,5,2,0,2,0,2,1,1,2,2,1,1,2,0,4,2,1,3,1,0,0,1,0
Seq282,1,3,1,2,1,4,2,3,2,1,3,3,4,1,2,2,2,1,2,3,2,4,1,2,1,3,1,0,2,1,2,5,4,1,3,1,0,2,0,2,11,2,0,2,0,4,2,2,0,2,3,3,2,1,3,3,2,3,1,1,2,1,3
Seq283,4,1,4,0,0,2,5,1,5,0,0,2,0,0,4,2,4,10,5,1,5,2,0,0,4,1,4,0,0,2,0,0,4,2,4,10,4,5,0,5,8,0,0,0,0,6,7,0,7,2,0,0,0,0,8,5,0,5,4,0,0,0,0
Seq284,4,1,2,3,1,1,1,3,1,1,4,0,4,6,1,0,0,1,1,3,1,1,1,3,2,1,4,1,3,0,3,8,1,0,0,1,1,0,0,0,7,4,1,3,1,8,1,2,1,0,1,3,0,1,2,2,2,2,4,1,1,2,1
Seq285,1,1,2,1,0,2,2,1,2,0,1,3,2,2,1,1,2,0,2,1,2,2,0,1,2,1,1,0,1,3,2,2,1,1,2,0,0,2,0,1,5,2,1,1,0,2,1,2,3,1,0,0,3,0,4,3,0,2,1,1,1,0,0
Seq286,4,3,6,5,4,3,4,4,1,6,7,2,8,7,1,0,3,0,1,4,4,3,4,5,6,3,4,4,7,2,8,9,1,0,3,0,0,2,1,2,17,5,1,5,1,11,2,4,1,0,3,5,3,5,5,7,3,8,4,1,2,2,2
Seq287,0,1,1,1,0,1,1,1,1,0,1,1,1,1,0,1,0,2,1,1,1,1,0,1,1,1,0,0,1,1,1,1,0,1,0,2,0,2,0,2,3,0,0,0,0,4,0,2,0,0,0,1,0,0,3,1,0,1,0,1,0,1,0
Seq288,8,1,7,1,2,2,6,3,1,4,2,1,2,4,7,1,6,4,2,2,6,1,1,2,8,1,8,4,2,1,2,4,7,1,6,4,4,5,1,6,9,1,0,3,2,20,2,3,1,1,0,3,0,1,4,7,2,8,8,0,1,0,1
Seq289,8,2,6,2,2,2,6,3,1,4,2,2,2,3,5,2,4,7,2,2,6,1,1,3,7,2,8,4,2,2,2,4,5,2,4,7,4,5,1,6,9,2,0,3,2,19,2,3,3,1,0,2,1,1,2,6,3,7,8,1,1,2,2
Seq290,4,6,4,3,0,3,7,0,2,0,3,4,6,7,2,1,4,1,2,0,7,3,0,3,4,6,4,0,2,4,5,10,2,1,4,1,0,3,0,3,13,4,0,4,2,14,3,3,5,1,0,2,1,0,3,10,0,7,4,3,2,0,0
Seq291,5,1,4,1,2,1,4,1,2,4,1,1,1,1,4,1,4,3,2,1,4,0,1,2,5,1,5,4,1,1,1,2,4,1,4,3,3,3,1,4,6,1,0,2,1,12,0,3,1,1,0,3,0,1,3,5,1,5,5,0,1,0,1
Seq292,0,5,2,2,0,3,5,0,3,0,2,3,4,2,2,1,4,1,3,0,5,3,0,2,2,5,0,0,1,3,3,5,2,1,4,1,0,3,0,3,10,2,0,2,0,9,2,2,3,2,0,1,1,0,4,7,0,5,0,2,2,0,0
Seq293,7,1,6,1,2,2,6,3,1,4,2,1,2,2,7,1,6,4,2,2,6,1,1,2,7,1,7,4,2,1,2,2,7,1,6,4,4,5,1,6,9,1,0,2,1,18,2,3,1,1,0,3,0,1,4,7,2,7,7,0,1,0,1
Seq294,6,1,6,1,2,1,5,1,1,4,1,1,1,3,5,1,5,3,1,1,5,0,1,2,7,1,6,4,1,1,1,3,5,1,5,3,3,4,1,5,5,1,0,3,2,15,1,3,1,0,0,3,0,1,2,6,1,7,6,0,1,0,1
Seq295,7,1,5,1,2,2,5,3,1,4,2,1,2,2,6,1,5,4,2,2,5,1,1,2,6,1,7,4,2,1,2,2,6,1,5,4,4,4,1,5,9,1,0,2,1,17,1,3,1,1,0,3,0,1,4,6,2,6,7,0,1,0,1
Seq296,3,0,3,0,0,0,3,0,2,0,0,0,0,1,3,0,2,3,2,0,3,0,0,0,3,0,3,0,0,0,0,2,3,0,3,3,3,3,0,3,2,0,0,0,0,9,1,0,1,0,0,0,0,0,2,3,0,3,3,0,0,0,0
Seq297,0,2,0,2,4,0,0,0,0,4,1,1,1,0,0,1,0,0,0,0,0,0,4,2,0,2,0,4,1,1,1,0,0,1,0,0,0,1,0,1,6,0,0,0,0,1,1,1,0,0,1,2,0,2,0,1,1,1,0,1,1,1,2
Seq298,1,2,3,1,0,1,4,1,4,0,0,2,2,2,3,1,4,2,5,1,4,0,0,1,4,1,1,0,1,1,2,2,4,1,4,2,1,4,0,4,6,1,0,1,0,7,2,2,2,2,0,1,1,0,5,5,0,3,1,2,1,0,0
Seq299,4,4,4,3,0,3,6,2,1,2,5,2,5,5,3,2,2,1,1,2,6,3,0,3,4,4,4,1,5,2,5,6,3,2,2,1,1,2,1,4,7,5,0,6,1,8,1,4,3,1,2,3,3,2,3,7,1,5,4,3,2,2,0
Seq300,0,2,1,3,2,2,0,2,1,2,4,1,3,1,1,1,0,0,1,2,0,2,2,3,1,2,0,2,4,1,3,1,1,1,0,0,0,0,0,0,11,1,0,1,0,3,2,1,2,2,1,1,1,0,0,1,4,2,0,1,2,2,1
Seq301,0,2,2,3,1,2,1,2,5,5,4,0,2,3,1,1,0,1,5,2,1,2,1,3,2,2,0,3,5,0,3,3,2,1,1,0,0,0,0,0,12,3,0,3,0,2,1,1,1,2,3,1,3,4,4,2,2,2,0,2,3,2,1
Seq302,3,1,5,0,3,3,6,3,1,3,2,1,2,0,2,2,2,9,1,3,6,3,3,0,5,1,3,1,3,1,3,1,3,2,3,8,3,5,0,5,12,0,0,0,0,7,4,2,6,3,0,1,1,1,5,5,2,5,3,1,2,1,1
Seq303,0,0,0,1,6,2,0,2,0,6,0,2,1,0,0,1,1,0,0,2,0,1,6,1,1,0,0,2,1,1,1,3,1,1,1,0,0,0,0,1,10,0,0,0,0,0,1,1,1,4,0,1,0,3,1,0,2,0,0,0,2,1,5
Seq304,0,1,1,1,4,2,1,1,2,4,1,1,1,1,0,1,1,3,2,1,2,2,4,0,1,1,0,2,2,1,2,1,0,1,1,3,0,2,0,2,9,0,0,0,0,1,3,2,4,0,0,1,1,1,4,1,2,2,0,0,2,1,1
Seq305,4,5,3,4,2,1,3,1,4,2,3,2,4,6,2,1,3,3,4,1,4,1,1,4,4,4,4,2,3,2,4,7,2,1,3,3,1,3,1,3,12,3,0,4,0,7,6,1,5,3,1,2,0,2,7,5,0,5,4,3,0,2,1
Seq306,4,4,3,3,2,3,5,2,3,2,8,0,8,6,2,0,3,0,3,2,5,3,2,3,3,4,4,2,8,0,8,6,2,0,3,0,0,1,0,1,18,5,0,4,0,4,3,5,4,1,2,5,2,3,6,6,1,4,4,3,2,2,1
Seq307,5,5,3,4,2,3,5,2,3,2,9,0,8,6,3,1,3,0,3,2,5,3,2,4,3,5,5,2,9,0,8,6,3,1,3,0,0,2,0,1,19,5,1,4,0,5,3,6,4,1,2,5,2,4,6,7,1,5,5,3,2,2,1
Seq308,4,4,3,2,2,3,4,2,3,2,7,0,8,6,2,0,2,0,3,2,4,3,2,2,3,4,4,2,7,0,8,6,2,0,2,0,0,1,0,1,17,4,0,4,0,3,3,5,4,1,1,5,2,3,6,4,1,4,4,3,2,2,1
Seq309,4,2,4,3,6,2,2,3,6,4,2,1,2,7,5,1,5,5,10,1,3,0,4,3,5,2,4,1,2,1,2,10,5,1,5,5,1,4,0,3,20,2,1,1,0,6,5,4,6,2,1,3,2,3,6,3,5,3,4,3,6,2,0
Seq310,0,0,0,0,3,4,0,5,5,3,2,2,5,2,0,0,3,0,5,5,0,4,3,0,0,0,0,3,2,2,4,3,0,0,3,0,0,0,0,0,17,0,0,0,0,2,2,2,3,3,2,1,2,0,13,0,2,0,0,0,1,0,1
Seq311,4,4,1,0,0,6,5,2,0,0,6,0,1,0,5,5,1,4,0,2,5,6,0,0,1,4,4,0,6,0,1,0,5,5,1,4,4,5,0,5,8,0,0,0,0,8,7,0,7,0,0,0,0,0,8,5,0,5,4,0,0,0,0
Seq312,2,3,1,1,3,4,3,2,3,2,4,1,5,7,0,0,2,0,3,2,3,3,2,2,2,3,2,0,4,1,5,9,1,0,2,0,0,0,0,0,18,2,0,2,0,4,2,3,2,2,2,3,2,2,4,3,3,3,2,1,3,1,2
Seq313,1,2,4,4,5,4,3,5,3,5,2,4,3,0,3,2,4,2,6,3,4,3,5,3,4,2,1,5,3,3,4,3,5,1,6,1,0,5,1,7,17,0,0,1,0,3,7,2,6,5,2,3,1,2,5,5,6,4,1,2,6,2,0
Seq314,6,4,4,3,2,4,4,3,4,6,6,1,3,8,4,3,2,1,4,3,4,4,2,3,4,4,6,4,6,1,4,9,4,2,3,1,1,2,0,1,19,4,1,4,2,5,5,3,1,2,5,8,1,4,6,4,3,5,6,3,3,3,1
Seq315,6,3,5,4,2,3,5,4,2,5,5,1,3,9,4,3,3,1,2,3,6,3,2,3,5,3,7,4,5,1,4,9,4,2,4,1,1,2,0,1,20,4,1,3,2,6,4,4,1,1,6,7,2,3,4,5,4,6,6,2,2,4,1
Seq316,5,5,4,4,4,3,4,3,2,6,4,2,4,9,3,2,3,1,2,2,5,3,4,3,4,5,6,6,4,2,4,9,3,2,3,1,1,3,0,2,22,2,1,2,1,6,3,6,1,2,4,8,3,1,5,5,3,6,5,3,2,3,2
Seq317,6,2,4,3,2,1,2,3,4,1,0,2,2,3,4,1,6,8,4,2,4,1,1,1,5,1,8,0,0,1,1,5,5,0,7,8,0,6,0,5,16,0,0,0,0,7,4,3,3,2,2,3,1,2,2,3,4,4,6,2,3,2,1
Seq318,3,2,4,2,2,2,4,3,3,2,2,0,2,9,4,0,4,1,5,2,4,0,2,2,5,1,4,1,3,0,3,9,4,0,4,1,0,2,0,2,14,3,0,3,1,5,5,1,6,4,1,0,1,2,4,4,2,3,3,3,2,2,2
Seq319,1,0,2,1,1,1,1,1,3,0,1,0,0,3,2,1,2,2,4,1,2,1,0,0,2,0,1,0,1,0,0,3,2,1,2,2,0,2,0,2,7,0,0,0,0,3,2,1,3,1,0,0,1,0,3,1,1,1,1,1,2,1,0
Seq320,2,1,5,3,0,0,3,2,3,0,0,2,0,0,0,2,0,15,3,2,4,0,0,2,6,0,2,0,0,2,0,0,0,2,0,15,2,6,0,6,5,0,0,0,0,2,6,0,4,3,2,2,0,0,5,5,0,5,2,1,0,1,0
Seq321,8,1,5,3,0,3,2,5,0,0,2,4,5,0,2,1,5,8,0,5,2,3,0,3,5,1,8,0,2,4,5,0,2,1,5,8,8,6,0,5,8,0,0,0,0,16,4,1,3,0,1,1,1,0,8,5,0,6,8,0,0,0,0
Seq322,0,1,1,1,1,3,1,3,4,1,2,2,3,4,0,1,2,0,4,3,1,3,1,1,1,1,0,1,2,2,3,4,0,1,2,0,0,0,0,0,15,0,0,0,0,5,1,3,2,1,0,2,1,0,10,2,0,2,0,0,1,0,0
Seq323,1,2,2,2,1,2,2,1,5,5,3,0,1,5,1,1,0,1,5,1,2,2,1,2,2,2,1,3,4,0,2,5,2,1,1,0,0,0,0,0,10,4,0,4,0,2,1,1,1,2,3,1,3,4,3,2,2,2,1,2,3,2,1
Seq324,1,2,1,2,0,2,0,2,4,0,3,0,1,4,3,2,1,0,4,1,1,2,0,1,1,2,2,0,3,0,1,4,3,2,1,0,0,1,0,0,11,1,0,1,0,1,2,2,2,3,1,1,2,0,6,1,1,2,1,1,1,1,0
Seq325,5,0,5,0,0,1,5,0,3,0,1,1,0,4,5,1,5,2,3,0,5,1,0,0,5,0,5,0,1,1,0,4,5,1,5,2,1,3,2,5,6,0,0,2,0,4,4,2,5,1,0,1,2,0,4,5,0,5,5,0,0,0,0
Seq326,1,2,1,1,1,2,2,1,4,4,2,0,1,4,1,1,0,1,4,1,2,2,1,1,1,2,1,2,3,0,2,4,2,1,1,0,0,0,0,0,9,3,0,3,0,2,1,1,1,1,2,1,2,4,2,2,2,1,1,2,3,1,1
Seq327,0,0,3,2,3,3,1,5,5,0,1,3,2,1,6,2,6,1,5,3,3,1,0,3,5,1,1,0,1,3,2,1,6,2,6,1,0,1,0,1,20,0,0,0,0,1,4,2,4,4,2,2,2,1,8,3,3,3,0,0,3,0,2
Seq328,4,4,1,0,0,6,5,2,0,0,6,0,1,0,5,5,1,4,0,2,5,6,0,0,1,4,4,0,6,0,1,0,5,5,1,4,4,5,0,5,8,0,0,0,0,21,0,0,1,0,0,0,0,0,8,5,0,5,4,0,0,0,0
Seq329,2,2,3,2,2,1,2,1,1,2,1,2,1,2,2,2,2,2,1,0,3,0,2,2,4,2,2,0,0,2,2,4,2,0,4,2,0,2,0,1,9,2,0,2,0,0,2,2,2,1,1,1,2,5,1,2,1,3,2,2,1,2,2
Seq330,6,4,4,2,1,5,6,2,5,1,5,1,3,16,4,2,3,0,5,2,6,4,1,2,5,3,7,1,5,1,3,16,4,2,3,0,0,3,0,3,27,1,0,1,0,18,3,1,4,3,1,1,2,2,9,8,1,7,6,1,3,0,0
Seq331,0,0,1,0,1,2,1,2,0,1,0,1,1,1,1,0,1,1,2,1,1,1,1,0,1,0,0,1,0,1,1,1,1,0,1,1,0,0,0,0,7,0,0,0,0,0,0,0,0,2,2,0,2,1,1,1,2,1,0,0,2,0,0
Seq332,5,0,4,0,0,2,3,2,3,0,0,1,1,10,3,0,3,1,5,1,3,1,0,0,4,0,5,0,0,1,1,10,3,0,3,1,1,1,1,1,11,1,1,2,0,7,5,0,3,2,1,1,0,0,5,3,1,4,5,0,1,0,0
Seq333,1,2,2,2,1,2,2,1,5,5,3,0,1,5,1,1,0,1,5,1,2,2,1,2,2,2,1,3,4,0,2,5,2,1,1,0,0,0,0,0,10,4,0,4,0,2,2,1,2,2,2,1,2,4,5,2,1,2,1,2,2,2,1
Seq334,1,0,4,1,0,1,4,1,5,1,1,3,1,1,3,2,3,1,5,1,4,1,0,1,4,0,1,1,1,3,1,2,3,2,3,1,0,1,1,3,7,2,0,3,0,1,1,2,4,3,1,0,4,1,5,4,1,4,1,0,1,1,0
Seq335,2,1,0,1,2,0,0,1,0,2,0,1,0,0,0,1,0,2,0,1,0,0,2,1,0,1,2,2,0,1,1,0,0,1,0,2,2,1,0,1,3,0,0,0,0,2,0,2,1,0,0,1,0,1,2,1,0,0,2,1,1,0,0
Seq336,0,2,3,3,2,2,2,2,1,2,1,2,1,3,2,1,2,2,3,1,3,1,1,2,4,1,1,2,1,2,1,4,2,1,2,2,0,1,0,1,9,3,0,3,0,6,3,0,2,3,1,0,1,1,4,4,1,4,0,1,1,1,1
Seq337,1,3,1,2,1,3,2,1,4,6,3,0,1,4,1,1,0,1,4,1,2,3,1,2,1,3,1,4,4,0,2,4,2,1,1,0,0,0,0,0,10,4,0,4,0,2,2,1,1,1,3,2,2,4,3,2,2,2,1,2,3,2,1
Seq338,4,3,5,5,4,3,4,5,1,6,7,2,9,6,1,0,3,0,1,5,4,3,4,5,5,3,4,4,7,2,9,8,1,0,3,0,0,2,1,2,17,5,1,5,1,11,1,5,1,0,3,5,3,5,6,7,3,7,4,1,2,2,2
Seq339,0,2,0,0,6,3,1,1,1,3,3,1,1,0,1,3,0,2,1,1,1,3,3,1,0,3,1,1,4,1,2,0,1,3,0,2,0,2,0,1,11,0,0,0,0,2,2,2,2,1,1,1,2,1,3,1,1,1,0,1,2,0,5
Seq340,0,1,1,1,0,1,1,1,1,0,1,1,1,1,0,1,0,2,1,1,1,1,0,1,1,1,0,0,1,1,1,1,0,1,0,2,0,2,0,2,3,0,0,0,0,3,0,2,0,0,0,2,0,0,2,1,0,1,0,1,1,1,0
Seq341,0,2,0,1,1,1,1,1,4,4,1,0,1,1,1,1,0,1,4,1,1,1,1,1,0,2,0,2,2,0,2,1,2,1,1,0,0,0,0,0,7,2,0,2,0,1,1,0,1,1,2,0,1,4,2,1,2,0,0,2,2,1,1
Seq342,1,2,2,2,2,2,2,1,4,6,3,0,1,5,1,1,0,0,4,1,2,2,2,2,2,2,1,4,4,0,3,5,1,0,1,0,0,0,0,0,10,4,0,4,0,2,1,2,2,1,2,1,3,4,3,2,2,2,1,2,3,2,1
Seq343,7,6,4,4,0,4,6,2,1,2,7,2,6,7,4,3,2,1,1,2,6,4,0,4,4,6,7,1,7,2,6,8,4,3,2,1,1,3,1,5,12,5,0,6,1,9,1,5,3,1,2,4,4,5,3,7,1,5,7,5,3,3,0
Seq344,6,4,4,4,2,4,4,3,3,6,6,1,3,7,4,4,2,1,3,3,5,4,2,3,4,4,6,4,6,1,4,8,4,3,3,1,1,2,0,1,18,5,1,4,2,4,5,3,1,2,6,8,1,4,5,4,3,5,6,3,3,4,1
Seq345,6,4,5,4,2,3,5,3,2,5,5,1,4,9,4,2,3,1,2,2,6,3,2,3,5,4,7,4,5,1,5,9,4,2,3,1,1,2,0,1,20,4,1,3,2,6,4,4,1,1,5,8,2,3,4,5,3,7,6,2,2,4,1
Seq346,6,4,5,4,2,3,5,3,2,5,5,1,4,9,4,2,3,1,2,2,6,3,2,3,5,4,7,5,5,1,4,9,4,2,3,1,1,2,0,1,20,4,1,3,2,6,4,5,1,1,5,8,2,2,5,5,3,7,6,2,2,4,0
Seq347,1,0,1,2,1,2,0,3,2,1,1,3,0,1,1,3,0,0,2,3,0,2,1,2,1,0,1,1,2,1,1,1,3,1,2,0,0,0,0,1,11,0,0,0,0,0,2,0,0,2,3,2,1,2,6,2,1,1,1,0,1,0,0
Seq348,0,1,2,2,5,7,1,7,3,4,6,3,2,1,5,6,1,0,4,6,2,7,4,1,2,1,1,4,6,3,2,1,5,6,1,0,0,1,0,1,24,1,0,1,0,2,4,1,2,5,5,3,3,3,10,2,6,3,0,0,4,1,2
Seq349,3,3,4,3,0,1,4,1,0,0,3,3,5,3,1,1,3,0,0,1,4,1,0,3,4,3,3,0,3,3,5,3,1,1,3,0,0,4,0,2,6,3,2,1,1,6,2,3,1,0,1,3,1,2,1,5,1,5,3,2,0,2,0
Seq350,1,1,4,3,1,2,2,3,2,4,3,0,1,4,3,1,2,1,6,1,3,0,1,2,5,0,1,3,3,0,2,4,3,1,2,1,0,0,0,0,10,4,0,4,1,1,3,1,2,4,1,2,1,4,3,1,3,4,1,1,1,4,1
Seq351,0,4,1,2,1,4,3,2,2,1,2,3,4,0,2,1,4,2,3,2,3,3,1,2,2,3,0,1,1,3,3,2,2,1,4,2,0,0,0,0,11,4,0,4,0,1,5,0,4,7,1,1,0,0,2,3,3,2,0,3,4,2,0
Seq352,1,0,1,0,3,1,1,0,1,2,2,0,1,2,0,1,0,0,1,1,1,1,2,0,1,0,1,2,2,0,1,2,0,1,0,0,0,0,0,0,6,1,0,1,0,0,1,1,1,1,1,2,0,1,4,1,0,1,1,0,1,0,0
Seq353,4,2,2,1,2,3,3,2,2,1,3,1,3,8,2,1,2,0,2,2,3,2,1,2,3,2,4,0,2,1,3,10,2,0,3,0,0,2,0,1,14,2,1,1,0,4,2,3,2,1,2,3,2,2,2,3,2,2,4,2,3,1,2
Seq354,5,2,3,1,4,3,4,1,3,2,3,2,1,5,5,3,4,1,3,1,5,3,2,1,4,2,5,1,4,1,1,5,6,3,4,1,0,1,2,2,15,2,1,3,0,4,5,3,3,1,3,4,2,1,3,3,3,4,5,1,2,2,3
Seq355,3,3,6,5,4,3,4,5,1,6,7,2,9,6,1,0,3,0,1,5,4,3,4,5,6,3,3,4,7,2,9,8,1,0,3,0,0,2,1,2,17,5,1,5,1,11,1,5,1,0,3,5,3,5,6,7,3,8,3,1,2,2,2
Seq356,1,1,1,2,2,1,0,2,5,2,1,2,2,5,0,1,1,1,5,2,0,1,2,2,1,1,1,2,1,2,2,5,0,1,1,1,1,2,0,2,10,0,0,0,0,1,1,2,1,4,1,2,1,2,6,2,2,2,1,0,2,0,0
Seq357,5,3,3,1,0,5,5,3,0,0,6,1,2,0,5,5,2,4,0,3,5,5,0,1,3,3,5,0,6,1,2,0,5,5,2,4,4,5,1,6,8,0,0,1,0,12,3,2,4,0,1,2,1,0,8,6,0,6,5,0,0,0,0
Seq358,1,2,2,2,1,3,2,2,3,5,3,1,2,4,0,1,0,1,3,2,2,3,1,2,2,2,1,3,4,1,3,4,1,1,1,0,0,0,0,0,10,4,0,4,0,2,1,1,1,2,3,1,3,4,3,2,2,2,1,2,3,2,1
Seq359,5,6,4,2,3,6,8,1,2,2,5,4,4,10,4,4,4,0,2,2,8,6,2,2,5,5,5,2,5,4,4,10,4,4,4,0,0,4,1,3,14,7,2,6,0,21,6,0,6,2,1,1,0,0,9,10,0,9,5,1,2,0,1
Seq360,4,6,4,7,2,2,3,3,2,4,7,3,5,5,3,4,1,1,2,3,3,2,2,7,4,6,4,4,7,3,5,5,3,4,1,1,0,3,0,4,20,2,0,3,1,5,2,6,3,2,2,6,3,4,4,8,1,5,4,5,4,2,0
Seq361,0,1,1,1,2,5,1,6,6,2,3,3,6,5,0,1,3,0,6,6,1,5,2,1,1,1,0,2,3,3,6,5,0,1,3,0,0,0,0,0,23,0,0,0,0,5,2,4,2,3,2,3,2,0,17,2,1,2,0,0,1,0,0
Seq362,5,5,1,3,3,5,3,3,5,3,2,5,4,5,3,4,5,1,5,3,4,3,3,2,3,3,7,3,2,5,4,6,3,4,5,1,0,2,1,2,21,3,1,3,0,11,5,2,4,1,4,4,2,0,8,4,2,3,5,3,4,2,2
Seq363,4,4,3,2,1,3,5,1,1,2,3,1,3,3,4,1,4,3,1,1,5,2,0,2,4,3,6,2,3,1,3,3,4,1,4,3,1,2,1,3,10,3,0,4,0,7,3,2,2,0,3,3,2,2,2,4,1,3,4,4,2,3,1
Seq364,1,1,3,1,0,1,4,1,4,0,0,2,2,2,3,0,4,2,5,1,4,0,0,1,4,0,1,0,1,1,2,2,4,0,4,2,1,3,0,4,6,1,0,1,0,7,1,2,2,2,0,1,1,0,5,5,0,3,1,1,1,0,0
Seq365,1,0,4,1,0,2,4,2,3,1,2,3,1,2,2,3,1,1,3,2,4,2,0,1,4,0,1,1,2,3,1,3,2,3,1,1,0,0,1,2,7,3,0,4,0,1,1,2,4,1,2,0,5,1,5,4,1,4,1,0,1,1,0
Seq366,1,0,4,1,0,2,4,2,3,1,2,3,1,2,2,3,1,1,3,2,4,2,0,1,4,0,1,1,2,3,1,3,2,3,1,1,0,0,1,2,7,3,0,4,0,1,1,2,4,1,2,0,5,1,3,4,2,4,1,0,2,1,0
Seq367,1,0,5,1,0,1,5,1,3,1,1,3,1,3,2,2,2,1,3,1,5,1,0,1,5,0,1,1,1,3,1,4,2,2,2,1,0,0,1,2,5,4,0,5,0,1,2,2,5,1,1,0,4,1,3,5,1,5,1,0,1,1,0
Seq368,1,0,5,1,0,1,5,1,3,1,1,3,1,2,2,2,2,2,3,1,5,1,0,1,5,0,1,1,1,3,1,3,2,2,2,2,0,1,1,3,5,3,0,4,0,1,2,2,5,1,1,0,4,1,3,5,1,5,1,0,1,1,0
Seq369,0,2,0,1,6,3,1,1,0,5,2,2,1,0,1,2,1,0,1,1,1,3,5,1,0,2,0,4,1,1,1,2,2,1,2,0,0,2,0,2,10,0,0,0,0,1,0,2,1,0,1,2,2,5,1,1,3,1,0,1,4,1,2
Seq370,0,2,0,0,1,3,2,1,3,1,3,0,0,0,4,3,0,1,3,1,2,3,1,0,0,2,0,1,3,0,0,0,4,3,0,1,0,2,0,2,8,0,0,0,0,1,2,1,2,2,1,1,1,1,5,2,1,1,0,1,2,0,0
Seq371,0,1,1,3,0,1,0,2,0,0,3,1,2,1,0,1,0,0,0,2,0,1,0,3,1,1,0,0,3,1,2,1,0,1,0,0,0,0,0,0,6,1,0,1,0,3,1,1,0,1,1,1,0,0,0,1,2,2,0,0,0,2,1
Seq372,0,0,2,1,0,0,1,1,3,0,0,0,0,3,2,0,2,1,4,0,2,0,0,0,2,0,0,0,0,0,0,3,2,0,2,1,0,1,0,1,6,0,0,0,0,3,2,0,2,1,0,0,0,0,2,1,1,1,0,1,1,1,0
Seq373,1,0,3,2,0,0,1,1,3,0,0,0,0,4,2,0,3,2,4,0,3,0,0,0,3,0,1,0,0,0,0,4,2,0,3,2,0,2,0,2,7,0,0,0,0,3,2,1,3,1,0,0,1,0,2,1,1,2,1,1,1,2,0
Seq374,3,3,6,4,4,3,5,5,1,5,7,2,10,6,1,0,3,0,1,5,5,3,4,4,6,3,3,3,7,2,10,8,1,0,3,0,0,2,1,2,17,5,1,5,1,11,1,5,1,0,4,5,3,4,6,8,3,8,3,1,2,1,2
Seq375,1,3,1,2,1,2,2,1,5,5,3,0,2,4,1,1,0,1,5,1,2,2,1,2,1,3,1,3,4,0,3,4,2,1,1,0,0,0,0,0,10,4,0,4,0,2,1,1,1,2,3,2,2,4,3,2,2,2,1,2,3,2,1
Seq376,3,3,2,2,0,2,3,1,3,1,1,1,2,5,2,1,3,3,5,0,4,1,0,1,3,2,3,0,1,0,1,7,3,1,3,3,1,2,0,1,10,3,0,2,0,3,2,3,4,3,0,0,2,2,3,2,1,2,3,3,1,3,1
Seq377,1,2,1,1,1,5,2,4,2,1,3,3,4,2,2,2,2,0,2,4,2,5,1,1,1,2,1,0,2,1,2,6,4,1,3,0,0,1,0,1,13,2,0,2,0,2,3,2,1,2,3,3,2,1,5,2,2,2,1,1,2,1,3
Seq378,1,0,2,1,0,0,1,0,2,0,1,1,1,0,1,0,2,1,2,0,1,0,0,1,2,0,1,0,1,1,1,0,1,0,2,1,0,1,0,1,2,1,0,1,1,1,1,1,1,2,0,0,1,0,2,2,0,2,1,0,0,0,0
Seq379,1,3,1,2,1,4,2,3,2,1,4,2,3,2,3,3,1,0,2,3,2,4,1,2,1,3,1,0,3,0,1,6,5,2,2,0,0,2,0,2,11,2,0,2,0,3,2,3,1,2,2,3,2,1,3,3,2,3,1,1,2,1,3
Seq380,0,1,0,1,1,1,1,1,4,3,1,0,1,1,1,1,0,1,4,1,1,1,1,1,0,1,0,1,2,0,2,1,2,1,1,0,0,0,0,0,7,2,0,1,0,1,1,0,1,1,2,0,1,3,2,1,2,0,0,1,2,1,1
Seq381,0,2,1,2,4,1,1,1,1,6,1,1,1,1,0,1,0,2,1,1,1,1,4,2,1,2,0,6,1,1,1,1,0,1,0,2,0,2,0,2,7,1,0,1,0,4,0,4,0,0,0,3,0,2,5,2,1,2,0,1,1,1,0
Seq382,2,0,4,2,0,1,3,2,4,0,1,2,2,4,3,0,4,2,4,2,3,1,0,2,4,0,2,0,1,2,2,4,3,0,4,2,2,4,0,5,7,0,0,0,0,13,0,2,0,0,0,3,0,0,7,5,0,4,2,0,0,0,0
Seq383,1,1,2,2,2,2,1,2,5,5,3,0,1,5,1,1,0,1,5,2,1,2,2,2,2,1,1,3,4,0,2,5,2,1,1,0,0,0,0,0,12,3,0,3,0,2,1,2,2,2,2,1,3,3,4,1,3,2,1,1,3,2,1
Seq384,0,0,0,0,2,4,0,5,6,2,1,3,5,3,0,0,3,0,6,5,0,4,2,0,0,0,0,2,1,3,5,3,0,0,3,0,0,0,0,0,17,0,0,0,0,2,2,2,2,3,2,1,3,0,15,0,1,0,0,0,0,0,1
Seq385,0,0,1,1,3,1,0,1,4,2,0,2,1,3,0,0,1,2,5,1,0,1,2,1,1,0,0,2,0,2,1,3,0,0,1,2,0,1,0,1,9,0,0,0,0,2,3,1,3,1,0,1,0,0,6,1,1,1,0,0,2,0,0
Seq386,7,6,0,6,10,1,1,0,0,10,0,7,0,0,0,6,0,8,0,0,1,1,10,6,0,6,7,10,0,7,0,0,0,6,0,8,7,6,0,7,11,0,0,0,0,12,1,8,1,0,0,9,0,0,11,7,0,6,7,0,0,0,0
Seq387,2,1,2,1,7,1,2,1,1,5,1,2,1,1,1,1,1,5,4,1,2,2,3,1,2,1,2,5,1,2,1,1,1,1,1,5,0,1,0,1,11,2,0,2,1,0,2,1,2,5,1,1,2,4,1,3,3,3,2,0,2,0,4
Seq388,0,0,5,1,0,1,5,1,4,1,0,4,2,4,0,1,2,2,4,1,5,1,0,1,5,0,0,1,0,4,2,5,0,1,2,2,0,1,0,2,6,4,0,4,0,1,2,1,4,2,2,0,4,1,4,5,1,5,0,0,1,1,0
Seq389,5,1,5,1,2,1,5,1,2,4,1,1,1,1,5,1,5,3,2,1,5,0,1,2,6,1,5,4,1,1,1,2,5,1,5,3,3,4,1,5,6,1,0,2,1,13,1,3,2,0,0,3,0,1,3,6,1,6,5,0,1,0,1
Seq390,0,1,1,1,2,5,1,5,5,2,3,3,5,4,0,1,3,0,5,5,1,5,2,1,1,1,0,2,3,3,5,4,0,1,3,0,0,0,0,0,21,0,0,0,0,5,2,4,2,2,1,3,2,0,16,2,0,2,0,0,1,0,0
Seq391,1,2,3,1,1,1,4,1,3,1,0,2,2,1,3,1,4,2,4,1,4,0,1,1,4,1,1,0,2,1,2,1,4,1,4,2,1,4,0,4,6,1,0,1,0,6,2,2,2,2,1,1,1,0,4,5,0,3,1,2,1,0,1
Seq392,1,0,4,1,0,2,4,2,3,1,2,3,1,2,2,3,1,1,3,2,4,2,0,1,4,0,1,1,2,3,1,3,2,3,1,1,0,0,1,2,7,3,0,4,0,1,2,2,5,1,1,0,4,1,5,4,1,4,1,0,1,1,0
Seq393,1,5,4,3,3,3,6,0,1,3,2,3,3,5,3,2,4,1,2,0,7,2,2,2,6,4,1,3,2,3,3,5,3,2,4,1,0,1,0,1,13,5,0,5,1,3,2,5,3,1,2,3,4,3,0,4,1,3,1,6,3,5,3
Seq394,1,1,1,0,3,1,2,1,1,1,1,2,3,1,0,1,1,1,2,2,2,1,1,0,2,0,1,0,2,2,3,1,0,1,1,1,0,0,0,0,6,2,0,2,1,1,0,2,1,3,1,1,1,1,1,2,2,1,1,1,2,0,1
Seq395,1,2,2,3,2,1,1,1,5,7,2,0,0,5,1,1,0,1,5,1,1,1,2,3,2,2,1,5,3,0,1,5,2,1,1,0,0,0,0,0,10,4,0,4,0,2,1,2,1,2,2,2,2,4,3,2,2,2,1,2,3,2,1
Seq396,1,3,1,2,3,1,2,0,2,3,3,0,3,5,0,0,0,0,2,0,2,1,3,2,1,3,1,2,2,0,2,9,0,0,0,0,0,0,0,0,12,1,0,1,1,2,1,4,2,1,0,4,1,0,4,3,1,3,1,1,1,1,0
Seq397,0,2,2,3,5,7,1,9,3,7,6,3,3,2,4,6,1,0,4,7,2,7,5,2,2,2,1,7,6,3,3,2,4,6,1,0,0,1,0,1,26,2,0,2,0,5,4,2,2,4,5,3,4,3,15,3,4,3,0,1,4,1,1
Seq398,0,2,0,1,1,2,2,1,4,4,2,0,1,2,1,1,0,1,4,1,2,2,1,1,0,2,0,2,3,0,2,2,2,1,1,0,0,0,0,0,8,3,0,2,0,2,1,0,1,1,2,1,1,4,2,2,2,0,0,2,3,1,1
Seq399,1,1,2,1,3,1,1,2,2,2,0,2,2,2,1,1,2,2,3,2,1,1,2,1,2,1,1,2,0,2,2,2,1,0,3,2,0,2,0,2,8,1,0,1,0,5,3,1,2,1,1,1,0,0,4,2,2,2,1,1,2,0,0
Seq400,3,2,5,3,1,2,5,3,4,4,4,1,5,4,3,0,5,0,4,3,5,2,1,3,5,2,3,4,3,1,4,7,4,0,5,0,0,3,0,3,16,3,0,3,0,4,2,4,4,3,2,3,3,3,5,6,2,5,3,2,2,2,1
Seq401,0,2,1,2,1,5,1,5,2,1,3,4,4,2,1,3,1,0,2,5,1,5,1,2,1,2,0,0,2,2,2,6,3,2,2,0,0,1,0,1,13,2,0,2,0,3,3,2,2,2,2,2,2,1,6,2,2,2,0,1,2,1,3
Seq402,1,1,1,2,3,1,0,2,5,3,1,2,2,5,0,1,1,1,5,2,0,1,3,2,1,1,1,3,1,2,2,5,0,1,1,1,1,2,0,2,11,0,0,0,0,1,1,2,1,4,1,2,1,3,7,2,2,2,1,0,2,0,0
Seq403,4,4,5,3,3,4,5,3,3,3,5,2,4,4,4,3,4,5,3,3,5,4,3,3,5,4,4,1,6,2,5,4,4,3,4,5,1,8,0,6,15,2,1,1,0,8,5,5,7,2,0,3,2,2,10,8,1,8,4,1,2,0,0
Seq404,3,0,3,0,0,0,4,0,2,0,0,1,0,2,3,1,3,2,2,0,4,0,0,0,3,0,3,0,0,1,0,2,3,1,3,2,1,2,1,4,3,0,0,1,0,3,2,1,4,1,0,0,1,0,2,4,0,3,3,0,0,0,0
Seq405,7,2,7,4,1,4,4,6,1,1,4,4,6,0,5,2,7,7,1,6,4,4,1,4,7,2,7,1,4,4,6,0,5,2,7,7,7,9,0,8,12,0,0,0,0,21,5,2,4,0,1,2,1,0,12,8,0,9,7,0,0,0,0
Seq406,4,0,5,3,0,3,2,5,0,0,2,4,5,0,2,0,5,4,0,5,2,3,0,3,5,0,4,0,2,4,5,0,2,0,5,4,4,5,0,5,8,0,0,0,0,11,4,1,3,0,1,1,1,0,8,5,0,5,4,0,0,0,0
Seq407,5,2,5,2,0,2,5,2,0,0,4,1,5,6,3,0,4,0,0,2,5,2,0,2,5,2,5,0,4,1,5,6,3,0,4,0,0,4,0,3,11,2,1,1,1,5,2,4,1,0,2,5,2,2,1,5,2,6,5,1,1,2,0
Seq408,4,5,2,3,4,6,5,4,1,4,9,0,8,4,4,1,3,1,1,4,5,6,4,3,2,5,4,4,9,0,8,4,4,1,3,1,1,3,1,4,19,3,0,3,0,7,7,3,7,1,2,3,2,2,8,6,3,5,4,2,3,2,1
Seq409,0,3,0,3,1,3,0,3,1,1,2,3,2,0,0,3,0,3,2,2,1,3,1,2,0,3,0,1,1,3,2,1,0,2,1,3,0,3,0,3,8,0,0,0,0,2,1,2,2,2,1,2,2,0,4,2,2,2,0,1,2,1,0
Seq410,4,1,4,1,0,1,4,1,1,0,0,2,1,0,1,1,2,10,1,1,4,1,0,1,4,1,4,0,0,1,1,0,2,0,3,10,4,5,0,5,3,0,0,0,0,5,4,1,4,0,1,1,1,0,1,5,1,4,4,1,1,0,0
Seq411,4,3,6,5,2,3,5,4,2,4,7,2,8,8,2,0,3,0,2,4,5,3,2,5,6,3,4,4,6,2,8,9,2,0,3,0,0,2,1,3,16,5,1,5,1,12,2,4,2,0,3,5,3,3,6,8,2,8,4,1,2,2,1
Seq412,4,0,5,4,0,2,1,6,0,0,0,6,0,0,0,6,0,10,0,6,1,2,0,4,5,0,4,0,0,6,0,0,0,6,0,10,4,5,0,5,8,0,0,0,0,8,7,0,7,0,0,0,0,0,8,5,0,5,4,0,0,0,0
Seq413,4,0,6,2,0,1,4,2,5,1,0,3,3,5,3,0,7,2,5,2,4,0,0,2,7,0,4,1,0,3,3,5,3,0,7,2,1,6,0,4,9,2,2,0,0,11,5,1,4,0,1,2,0,0,5,4,2,6,4,0,1,2,0
Seq414,1,1,1,1,5,2,1,3,3,3,2,2,3,2,2,2,2,0,3,4,1,3,3,1,1,1,1,2,2,1,3,3,3,1,3,0,0,1,0,1,16,0,0,0,0,3,3,1,1,3,3,2,2,0,4,2,3,2,1,0,2,0,4
Seq415,1,1,1,1,5,2,1,3,1,3,2,2,3,1,1,2,2,0,1,4,1,3,3,1,1,1,1,2,2,1,3,2,2,1,3,0,0,1,0,1,14,0,0,0,0,2,2,1,1,3,3,2,2,0,2,2,3,2,1,0,2,0,4
Seq416,1,1,1,1,5,2,0,3,0,3,2,2,3,1,0,2,1,0,0,4,0,3,3,1,1,1,1,2,2,1,3,2,1,1,2,0,0,1,0,0,13,0,0,0,0,1,2,1,0,3,3,2,2,0,1,1,3,2,1,0,2,0,4
Seq417,0,1,1,0,1,1,2,0,2,1,2,0,1,2,1,1,0,0,2,0,2,1,1,0,1,1,0,0,2,0,1,3,1,1,0,0,0,0,0,0,6,1,0,1,0,1,1,1,1,0,1,0,2,1,2,1,0,1,0,1,1,1,1
Seq418,0,1,1,0,1,1,2,0,1,1,2,0,1,2,0,1,0,0,1,0,2,1,1,0,1,1,0,0,2,0,1,3,0,1,0,0,0,0,0,0,5,1,0,1,0,1,0,1,1,0,1,0,2,1,1,1,0,1,0,1,1,1,1
Seq419,0,1,2,1,2,1,3,1,3,2,4,0,3,2,1,1,1,0,3,1,3,1,2,1,2,1,0,0,4,0,3,4,1,1,1,0,0,0,0,0,10,2,0,2,0,2,1,1,1,1,3,1,3,1,3,3,1,2,0,1,2,1,1
Seq420,0,1,2,1,2,1,3,1,3,2,2,1,2,1,2,1,3,0,3,1,3,1,2,1,2,1,0,0,2,1,2,3,2,1,3,0,0,1,0,1,10,1,0,1,0,2,2,1,2,1,2,1,2,1,3,3,1,2,0,1,2,1,1
Seq421,1,2,3,1,1,1,4,1,4,1,0,2,2,2,3,1,4,2,5,1,4,0,1,1,4,1,1,0,2,1,2,2,4,1,4,2,1,4,0,4,7,1,0,1,0,7,2,2,2,2,1,1,1,0,5,5,0,3,1,2,1,0,1
Seq422,2,4,1,4,1,1,1,1,4,1,2,2,2,1,1,2,1,6,4,1,2,1,1,3,2,3,2,0,2,2,2,2,1,2,2,6,1,4,0,4,10,0,0,0,0,5,4,1,4,4,0,1,0,0,4,3,1,2,2,3,2,2,0
Seq423,2,2,4,2,0,1,4,1,3,0,0,2,0,0,0,2,0,14,3,1,5,1,0,1,5,1,2,0,1,1,0,0,1,2,0,14,2,6,0,6,5,0,0,0,0,2,5,1,5,3,1,1,1,0,5,5,0,5,2,1,0,1,0
Seq424,3,4,4,4,0,0,5,0,0,0,0,4,0,0,4,4,4,4,0,0,5,0,0,4,4,4,3,0,0,4,0,0,4,4,4,4,3,8,0,9,0,0,0,0,0,11,4,0,5,0,0,0,0,0,0,9,0,8,3,0,0,0,0
Seq425,1,1,2,1,3,2,2,1,5,5,3,0,1,5,1,1,0,1,5,1,2,2,3,1,2,1,1,3,4,0,2,5,2,1,1,0,0,0,0,0,12,3,0,3,0,2,1,2,1,2,3,2,3,2,3,2,3,2,1,1,4,1,1
Seq426,1,2,2,2,1,2,2,1,5,5,3,0,1,5,1,1,0,1,5,1,2,2,1,2,2,2,1,3,4,0,2,5,2,1,1,0,0,0,0,0,10,4,0,4,0,2,1,2,1,2,2,1,3,4,3,3,2,2,1,2,3,1,1
Seq427,4,2,3,2,3,5,3,5,2,2,5,2,4,7,2,3,2,1,2,5,3,4,2,3,4,2,4,1,2,2,3,12,3,1,4,1,0,3,0,2,20,2,1,1,0,4,4,2,3,1,5,4,3,3,5,3,4,3,4,2,4,2,2
Seq428,4,3,6,4,4,3,5,4,3,5,6,1,5,6,4,2,3,4,3,4,5,3,4,4,6,3,4,3,7,1,6,6,4,2,3,4,1,5,1,5,21,1,1,1,0,6,8,3,8,2,2,3,2,2,11,8,2,9,4,0,1,1,0
Seq429,0,1,1,1,1,1,1,1,1,1,1,1,1,1,0,1,0,2,1,1,1,1,1,1,1,1,0,1,1,1,1,1,0,1,0,2,0,2,0,2,4,0,0,0,0,3,0,2,0,0,0,3,0,0,3,1,0,1,0,1,1,1,0
Seq430,1,2,2,3,2,1,1,1,5,6,3,0,1,4,1,1,0,1,5,1,1,1,2,3,2,2,1,4,4,0,2,4,2,1,1,0,0,0,0,0,10,4,0,4,0,2,1,1,1,2,3,1,3,4,3,2,2,2,1,2,3,2,1
Seq431,1,2,2,2,1,2,2,1,5,5,3,0,1,5,1,1,0,1,5,1,2,2,1,2,2,2,1,3,4,0,2,5,2,1,1,0,0,0,0,0,10,4,0,4,0,2,1,2,1,2,3,2,3,2,3,2,3,3,1,1,3,2,0
Seq432,3,2,7,5,3,3,5,5,1,4,7,2,9,6,1,0,4,1,1,5,5,3,3,4,7,2,4,2,7,2,9,8,1,0,4,1,0,3,1,3,16,5,1,4,1,12,2,4,1,0,4,5,3,3,6,8,3,9,3,0,2,2,1
Seq433,6,6,5,6,3,1,4,2,1,5,4,2,4,5,5,3,4,2,1,1,5,1,3,5,5,6,7,5,4,2,4,5,5,3,4,2,1,4,1,5,14,3,0,5,1,10,1,6,2,2,1,4,3,5,2,6,1,6,6,5,1,4,3
Seq434,1,1,1,1,1,4,1,4,5,1,4,1,4,5,1,1,1,1,5,4,1,4,1,1,1,1,1,0,4,1,4,6,1,1,1,1,1,2,0,2,14,0,0,0,0,2,3,3,5,0,1,2,2,1,10,1,2,1,1,1,2,1,0
Seq435,1,0,3,1,0,2,3,2,5,1,2,3,2,1,2,2,2,1,5,2,3,2,0,1,3,0,1,1,2,3,2,2,2,2,2,1,0,0,1,2,9,2,0,3,0,1,1,1,3,5,2,0,4,0,5,3,2,3,1,0,2,1,0
Seq436,0,2,1,2,2,4,1,5,4,1,2,1,2,2,3,2,3,5,4,2,4,2,1,1,3,2,2,1,2,1,2,2,3,2,3,5,0,3,0,3,15,0,0,0,0,3,4,1,4,5,2,1,1,0,6,2,4,2,0,1,4,1,1
Seq437,3,2,5,1,1,2,7,1,2,0,5,0,5,4,4,1,4,0,2,0,8,2,0,1,5,3,3,0,5,0,5,5,4,1,4,0,0,3,0,3,9,5,0,4,0,5,3,3,3,2,2,3,1,2,3,8,1,6,3,1,2,0,0
Seq438,6,5,5,4,0,4,7,2,1,2,7,2,6,6,4,3,3,1,1,2,7,4,0,4,5,5,6,1,7,2,6,7,4,3,3,1,1,4,1,5,10,6,0,6,1,10,1,6,3,1,2,4,4,3,3,8,1,6,6,4,3,3,0
Seq439,6,5,6,6,0,2,5,3,1,2,6,2,4,6,5,3,4,2,1,2,6,2,0,5,6,5,7,2,6,2,4,6,5,3,4,2,1,4,1,5,12,4,0,6,1,10,1,5,3,1,2,4,4,4,2,7,2,7,6,4,2,4,0
Seq440,6,6,5,6,0,2,5,3,1,2,5,2,5,6,5,3,4,2,1,2,6,2,0,5,5,6,7,2,5,2,5,6,5,3,4,2,1,4,1,5,13,4,0,5,1,10,1,6,3,1,2,4,3,4,2,7,2,6,6,5,2,4,0
Seq441,6,6,5,6,2,1,5,2,1,4,4,2,4,6,5,3,4,2,1,1,6,1,2,5,5,6,7,4,4,2,4,6,5,3,4,2,1,4,1,5,13,4,0,5,1,10,1,6,3,1,1,4,3,5,2,7,1,6,6,5,1,4,2
Seq442,0,1,0,1,6,5,0,4,4,2,2,4,2,1,3,3,3,1,4,3,2,4,2,2,2,2,0,1,2,3,2,2,4,2,4,1,0,0,0,0,21,0,0,0,0,5,1,3,2,4,1,2,3,0,5,0,6,1,0,0,5,1,3
Seq443,2,1,1,1,2,2,1,2,6,2,2,1,2,0,4,1,4,2,6,2,1,2,2,1,1,1,2,2,2,1,2,0,4,1,4,2,0,1,0,1,16,0,0,0,0,1,0,1,1,7,3,0,4,1,7,1,3,2,2,0,1,1,1
Seq444,1,2,2,1,1,2,3,2,3,1,0,2,1,1,3,2,4,2,4,2,3,1,1,1,3,1,1,0,1,1,1,1,5,2,4,2,1,4,0,4,8,0,0,0,0,6,2,1,2,3,1,1,1,0,4,4,1,2,1,2,2,0,1
Seq445,1,3,3,2,2,4,3,4,1,4,4,0,5,4,3,0,3,0,1,3,4,4,2,1,3,3,2,4,4,0,5,4,3,0,3,0,0,1,1,2,12,3,0,4,0,6,3,2,4,3,1,1,2,1,3,3,5,5,1,1,3,2,0
Seq446,3,2,5,2,0,1,5,1,0,0,2,3,5,4,1,0,4,0,0,1,5,1,0,2,5,2,3,0,2,3,5,4,1,0,4,0,0,4,0,2,6,3,2,1,1,6,2,3,1,0,1,3,1,2,1,5,1,5,3,2,0,2,0
Seq447,1,0,3,2,2,0,2,1,2,3,3,0,2,3,1,0,1,0,2,1,2,0,2,2,3,0,1,3,3,0,2,3,1,0,1,0,0,1,0,0,6,3,1,2,0,1,2,1,2,2,2,1,2,0,4,3,1,3,1,0,0,1,0
Seq448,1,0,1,0,0,1,1,1,3,0,0,1,1,1,2,0,3,0,3,1,1,1,0,0,1,0,1,0,0,1,1,1,2,0,3,0,0,1,0,1,6,0,0,0,0,1,1,2,2,0,0,1,1,0,5,1,0,1,1,0,0,0,0
Seq449,3,3,7,4,3,3,5,5,1,4,7,2,10,6,1,0,4,0,1,5,5,3,3,4,7,3,3,2,7,2,10,8,1,0,4,0,0,3,1,2,16,5,1,5,1,11,2,5,1,0,4,5,3,3,6,8,3,9,3,1,2,1,1
Seq450,1,0,4,1,2,1,4,1,5,3,1,3,1,3,2,2,2,1,5,1,4,1,2,1,4,0,1,3,1,3,1,4,2,2,2,1,0,0,1,2,9,3,0,4,0,1,1,2,4,3,1,0,4,3,5,4,2,4,1,0,2,1,0
Seq451,1,1,4,1,0,1,4,1,5,1,1,3,1,3,2,3,2,1,5,1,4,1,0,1,4,1,1,1,1,3,1,4,2,3,2,1,0,1,1,2,7,3,0,4,0,1,2,2,4,3,1,0,4,1,5,4,1,4,1,1,1,1,0
Seq452,1,0,4,1,0,1,4,1,5,0,0,3,2,1,2,0,5,3,5,1,4,1,0,1,4,0,1,0,0,3,2,2,2,0,5,3,0,4,0,3,7,2,1,0,0,0,4,2,5,3,0,2,1,0,5,4,1,4,1,0,1,1,0
Seq453,10,1,1,2,0,0,1,0,0,0,0,2,1,0,3,0,4,5,0,0,1,0,0,2,1,1,10,0,0,2,1,0,3,0,4,5,3,4,1,5,1,0,1,0,0,10,1,1,2,0,0,1,0,0,0,2,0,2,10,0,0,1,0
Seq454,2,0,3,3,5,2,0,4,3,3,1,5,2,3,1,3,3,1,3,5,0,3,3,3,3,0,2,2,2,4,2,3,2,3,3,1,0,1,2,3,14,0,0,2,0,9,6,1,5,0,0,1,0,0,9,2,3,3,2,0,2,1,0
Seq455,1,1,2,1,0,2,1,2,1,0,1,2,2,3,0,1,1,1,1,2,1,2,0,1,2,1,1,0,1,1,1,4,1,1,1,1,0,1,0,0,8,1,0,1,0,3,1,0,0,0,3,1,2,1,0,1,3,3,1,0,1,1,1
Seq456,6,0,5,0,0,1,5,0,2,0,1,1,0,2,6,1,6,2,2,0,5,1,0,0,5,0,6,0,1,1,0,2,6,1,6,2,1,2,3,5,5,0,0,3,0,5,4,2,5,0,0,1,2,0,3,5,0,5,6,0,0,0,0
Seq457,8,3,7,5,0,0,5,3,5,1,2,4,4,6,6,3,7,3,5,3,5,0,0,5,7,3,8,1,2,3,3,7,7,3,7,3,2,6,3,8,10,2,1,4,0,10,6,5,5,1,2,5,1,1,7,7,1,7,8,3,0,3,0
Seq458,0,0,3,2,7,5,1,6,4,5,4,4,2,3,3,5,2,0,4,6,2,6,5,1,3,0,1,5,4,4,2,3,3,5,2,0,0,1,0,1,24,1,0,1,0,2,4,0,3,3,7,1,6,2,12,2,5,3,0,0,4,1,1
Seq459,3,0,0,1,0,0,0,1,4,0,0,0,0,1,1,0,1,6,5,0,1,0,0,0,0,0,3,0,0,0,0,1,1,0,1,6,3,0,0,1,5,0,0,0,0,3,0,0,1,5,0,0,0,0,4,0,1,0,3,0,0,1,0
Seq460,1,2,2,2,1,3,2,2,3,5,3,1,2,5,0,1,0,0,3,2,2,3,1,2,2,2,1,3,5,0,3,5,1,1,0,0,0,0,0,0,10,4,0,4,0,2,1,1,1,2,3,1,3,4,5,2,1,2,1,2,2,2,1
Seq461,1,0,4,1,0,1,4,1,5,1,1,3,1,3,2,2,2,1,5,1,4,1,0,1,4,0,1,1,1,3,1,4,2,2,2,1,0,0,1,2,7,3,0,4,0,1,2,2,4,2,1,1,3,1,5,4,1,4,1,0,1,1,0
Seq462,1,0,4,1,0,1,4,1,5,1,1,3,1,3,2,2,2,1,5,1,4,1,0,1,4,0,1,1,1,3,1,4,2,2,2,1,0,0,1,2,7,3,0,4,0,1,3,2,5,0,1,1,3,1,5,4,1,4,1,0,1,1,0
Seq463,1,0,4,1,0,1,4,1,5,1,1,3,1,3,2,2,2,1,5,1,4,1,0,1,4,0,1,1,1,3,1,4,2,2,2,1,0,0,1,2,7,3,0,4,0,1,1,2,4,3,1,0,4,1,5,4,1,4,1,0,1,1,0
Seq464,1,2,1,1,2,3,2,1,5,5,3,0,1,5,1,1,0,1,5,1,2,3,2,1,1,2,1,3,4,0,2,5,2,1,1,0,0,0,0,0,12,3,0,3,0,2,2,1,2,2,2,1,2,4,4,2,2,1,1,2,4,1,1
Seq465,13,2,4,1,4,2,4,2,3,2,3,1,2,18,3,3,2,1,3,2,5,2,2,1,5,2,13,2,3,1,2,18,3,3,2,1,0,2,1,0,18,6,2,5,1,11,4,6,3,1,2,6,1,1,4,4,2,4,13,2,2,1,3
Seq466,0,2,1,2,1,4,1,4,4,1,3,3,3,1,3,3,2,0,4,4,1,4,1,2,1,2,0,0,2,1,1,5,5,2,3,0,0,1,0,1,13,2,0,2,0,2,3,2,1,2,3,3,2,1,6,2,2,2,0,1,2,1,3
Seq467,0,3,9,2,0,0,10,0,0,0,0,2,0,0,2,3,2,15,0,0,10,0,0,2,9,3,0,0,0,2,0,0,2,3,2,15,0,12,0,12,0,0,0,0,0,7,8,0,9,0,0,0,0,0,0,12,0,12,0,0,0,0,0
Seq468,11,2,1,1,3,2,3,1,3,1,3,0,1,16,3,2,1,0,3,1,4,2,1,1,2,2,11,1,3,0,1,16,3,2,1,0,0,1,0,0,16,5,1,3,1,9,2,4,2,1,2,5,1,1,3,3,1,1,11,2,2,1,3
Seq469,3,2,3,2,0,1,3,0,9,0,2,1,1,3,6,1,5,4,9,0,3,1,0,2,3,2,3,0,2,1,1,3,6,1,5,4,1,4,0,4,12,1,0,1,0,6,4,2,4,3,0,3,0,1,8,3,1,2,3,3,1,2,0
Seq470,1,2,2,1,1,2,2,1,5,4,3,0,1,5,1,1,0,1,5,1,2,2,1,1,2,2,1,2,4,0,2,5,2,1,1,0,0,0,0,0,10,3,0,4,0,2,1,1,1,2,2,1,3,4,3,2,2,2,1,2,3,1,1
Seq471,1,0,4,1,0,1,4,1,5,1,1,3,1,3,2,2,2,1,5,1,4,1,0,1,4,0,1,1,1,3,1,4,2,2,2,1,0,0,1,2,7,3,0,4,0,1,2,2,5,1,1,0,4,1,5,4,1,4,1,0,1,1,0
Seq472,1,0,4,1,0,1,4,1,5,1,1,3,1,3,2,2,2,1,5,1,4,1,0,1,4,0,1,1,1,3,1,4,2,2,2,1,0,0,1,2,7,3,0,4,0,3,0,2,3,3,1,0,4,1,5,4,1,4,1,0,1,1,0
Seq473,1,0,4,1,0,1,4,1,5,1,1,3,1,3,2,2,2,1,5,1,4,1,0,1,4,0,1,1,1,3,1,4,2,2,2,1,0,0,1,2,7,3,0,4,0,3,2,2,4,0,1,1,3,1,5,4,1,4,1,0,1,1,0
Seq474,5,0,1,0,4,5,2,4,4,4,4,1,4,4,2,0,3,3,4,4,2,5,4,0,1,0,5,3,4,1,4,5,2,0,3,3,3,2,0,2,18,0,0,0,0,7,4,1,3,2,3,3,2,0,10,2,3,1,5,0,3,0,1
Seq475,7,1,6,2,0,1,6,2,1,0,2,3,5,12,1,0,3,0,1,2,6,1,0,2,6,1,7,0,2,3,5,12,1,0,3,0,0,2,1,3,9,5,1,5,0,7,3,5,2,0,2,7,0,0,3,8,0,6,7,1,1,0,0
Seq476,7,2,3,3,5,2,2,3,0,5,4,0,4,7,3,1,3,0,0,3,3,2,5,2,3,2,7,5,4,0,4,7,3,1,3,0,0,2,0,2,19,2,0,2,0,4,5,3,4,2,3,5,1,0,2,3,2,4,7,1,2,2,4
Seq477,1,2,0,1,1,2,2,1,4,4,2,0,1,3,1,1,0,1,4,1,2,2,1,1,0,2,1,2,3,0,2,3,2,1,1,0,0,0,0,0,8,3,0,3,0,2,1,1,1,1,2,1,1,4,2,2,2,0,1,2,3,1,1
Seq478,0,0,0,0,1,2,0,2,3,0,0,1,1,0,2,0,3,1,3,1,1,1,0,0,1,0,1,0,0,1,1,0,2,0,3,1,0,0,0,0,8,0,0,0,0,3,1,1,2,0,0,0,1,0,5,0,1,0,0,0,1,0,1
Seq479,4,3,6,5,3,3,4,4,2,5,7,2,8,8,1,0,3,0,2,4,4,3,3,5,6,3,4,4,6,2,8,10,1,0,3,0,0,2,1,2,17,5,1,5,1,11,2,4,2,0,3,5,3,4,6,7,2,8,4,1,2,2,2
Seq480,5,0,5,0,0,1,5,0,3,0,1,1,0,4,5,1,5,2,3,0,5,1,0,0,5,0,5,0,1,1,0,4,5,1,5,2,1,3,2,5,6,0,0,2,0,4,4,2,5,1,0,1,2,0,4,5,0,5,5,0,0,0,0
Seq481,5,1,5,1,1,2,5,1,1,1,2,2,3,10,1,0,3,0,1,1,5,2,1,1,5,1,5,1,2,2,3,10,1,0,3,0,0,2,1,2,12,2,1,2,0,4,2,3,2,1,3,4,3,0,3,6,1,6,5,0,1,0,0
Seq482,0,0,0,0,3,4,1,4,4,3,3,1,3,3,1,1,0,1,4,4,1,4,3,0,0,0,0,2,3,1,3,4,1,1,0,1,0,0,0,1,15,0,0,0,0,0,5,0,1,0,4,4,0,2,10,1,2,0,0,0,2,0,1
Seq483,2,3,4,5,0,0,2,3,2,1,2,3,3,4,1,2,2,3,3,2,2,0,0,5,4,3,2,1,2,3,3,4,1,2,2,3,1,4,0,3,5,4,1,3,0,8,3,2,2,1,1,3,0,1,3,5,2,6,2,1,0,2,0
Seq484,6,6,4,4,0,4,7,2,1,2,7,2,6,8,3,3,2,1,1,2,7,4,0,4,4,6,6,1,7,2,6,9,3,3,2,1,1,3,1,4,13,5,0,6,1,8,1,6,3,1,2,4,4,5,3,8,1,5,6,5,3,3,0
Seq485,6,6,5,4,0,3,7,2,1,3,6,2,6,6,4,3,3,1,1,2,7,3,0,4,5,6,6,2,6,2,6,7,4,3,3,1,1,4,1,5,9,6,0,7,1,10,1,6,3,1,2,4,3,4,3,8,1,6,6,5,2,3,0
Seq486,6,6,5,6,1,2,5,2,1,3,5,2,4,6,5,3,4,2,1,1,6,2,1,5,5,6,7,3,5,2,4,6,5,3,4,2,1,4,1,5,13,4,0,5,1,10,1,6,3,1,1,4,3,5,2,7,1,6,6,5,2,4,1
Seq487,0,0,1,1,1,2,0,3,0,1,1,1,1,0,1,0,1,0,2,2,0,1,1,1,1,0,0,1,1,1,2,0,1,0,2,0,0,1,0,1,6,0,0,0,0,1,2,0,2,3,0,0,0,0,0,0,3,1,0,0,2,1,1
Seq488,3,2,2,2,1,3,2,3,4,3,2,2,3,8,0,1,1,1,4,3,2,3,1,2,2,2,3,2,3,2,4,8,0,1,1,1,1,1,1,1,12,3,1,2,0,9,3,1,2,1,2,2,1,1,6,3,2,2,3,2,3,1,0
Seq489,1,2,1,1,1,4,2,3,4,1,2,3,4,1,2,1,3,0,4,3,2,4,1,1,1,2,1,0,1,1,2,7,4,0,4,0,0,1,0,1,13,2,0,2,0,2,4,1,1,3,3,3,1,1,6,2,2,2,1,1,2,1,2
Seq490,13,1,4,0,3,2,5,1,4,1,2,1,0,16,5,3,4,1,4,1,6,2,1,0,5,1,13,1,2,1,0,16,5,3,4,1,0,1,1,0,17,6,2,5,1,10,5,3,4,1,3,5,1,1,3,4,2,4,13,1,2,1,3
Seq491,3,1,3,3,5,3,1,4,3,3,2,5,3,3,2,3,4,1,3,5,1,4,3,3,3,1,3,2,3,4,3,3,3,3,4,1,0,2,2,4,16,0,0,2,0,10,6,2,6,0,0,1,1,0,10,3,3,4,3,0,2,1,0
Seq492,1,0,3,1,0,1,3,1,5,1,1,2,1,3,2,2,2,0,5,1,3,1,0,1,3,0,1,1,1,2,1,4,2,2,2,0,0,0,1,1,7,3,0,3,0,1,1,2,3,3,1,0,3,1,5,3,1,3,1,0,1,1,0
Seq493,4,0,4,0,0,1,4,0,3,0,0,2,0,4,3,1,4,2,3,0,4,1,0,0,4,0,4,0,0,2,0,4,3,1,4,2,1,3,1,4,6,0,0,1,0,3,3,2,4,1,0,1,2,0,4,4,0,4,4,0,0,0,0
Seq494,7,2,3,6,3,0,0,4,1,3,0,6,4,0,0,2,4,7,1,4,0,0,3,6,3,2,7,3,0,6,4,0,0,2,4,7,7,5,0,6,8,0,0,0,0,21,2,0,3,0,0,0,0,0,8,6,0,5,7,0,0,0,0
Seq495,1,2,0,0,1,5,2,3,5,2,3,1,3,1,3,1,2,1,5,3,2,5,1,0,0,2,1,0,2,0,2,7,4,0,3,1,0,1,0,1,15,1,0,1,0,2,1,1,0,5,4,1,4,1,6,2,3,1,1,1,4,0,1
Seq496,5,0,5,0,0,1,5,0,3,0,1,1,0,4,5,1,5,2,3,0,5,1,0,0,5,0,5,0,1,1,0,4,5,1,5,2,1,4,1,5,7,0,0,1,0,4,4,2,5,1,0,1,2,0,4,5,0,5,5,0,0,0,0
Seq497,0,1,1,0,1,1,3,0,3,1,2,0,1,2,2,1,1,0,3,0,3,1,1,0,1,1,0,0,2,0,1,3,2,1,1,0,0,0,0,1,7,1,0,1,0,2,1,1,2,0,1,0,2,1,3,2,0,1,0,1,1,1,1
Seq498,1,0,4,1,0,1,4,1,5,0,0,2,1,1,3,0,4,5,5,1,4,1,0,1,4,0,1,0,0,2,1,2,3,0,4,5,1,4,0,5,7,0,0,0,0,2,4,1,5,3,0,1,1,0,5,4,1,4,1,0,1,1,0
Seq499,1,1,2,0,1,3,3,1,2,1,2,1,1,6,1,1,1,0,2,1,3,3,1,0,2,1,1,1,2,1,1,6,1,1,1,0,0,1,0,1,10,1,0,1,0,4,2,1,4,2,0,0,1,0,6,3,0,3,1,0,1,0,0
Seq500,5,0,1,0,3,3,1,3,3,3,2,1,3,3,1,0,3,3,3,3,1,3,3,0,1,0,5,2,2,1,3,4,1,0,3,3,3,2,0,1,13,0,0,0,0,6,3,1,2,2,2,2,1,0,5,1,3,1,5,0,3,0,1
Seq501,1,0,4,1,0,1,4,1,5,0,1,2,1,1,3,1,3,4,5,1,4,1,0,1,4,0,1,0,1,2,1,2,3,1,3,4,0,3,1,5,7,0,0,1,0,1,3,2,5,3,0,1,2,0,5,4,1,4,1,0,1,1,0
Seq502,0,0,0,0,1,2,0,2,3,0,0,0,0,0,3,0,3,2,3,0,2,0,0,0,2,0,1,0,0,0,0,0,3,0,3,2,0,0,0,0,8,0,0,0,0,4,2,0,2,0,0,0,0,0,3,0,2,0,0,0,2,0,1
Seq503,0,1,2,2,5,1,1,1,1,5,3,0,2,4,0,0,0,0,1,1,1,1,5,2,2,1,0,5,3,0,2,4,0,0,0,0,0,0,0,0,14,0,0,0,0,1,2,1,3,0,1,1,2,3,2,1,1,3,0,0,0,2,5
Seq504,7,1,5,1,2,2,5,3,2,4,2,1,2,2,6,1,5,4,3,2,5,1,1,2,6,1,7,4,2,1,2,3,6,1,5,4,4,4,1,5,10,1,0,2,1,17,1,3,1,2,0,3,0,1,5,6,2,6,7,0,1,0,1
Seq505,0,2,1,2,1,1,1,2,1,1,1,1,1,1,0,2,0,4,1,1,2,1,1,1,1,2,1,1,1,1,1,1,0,2,0,4,0,3,0,3,5,0,0,0,0,5,0,3,0,0,0,3,0,0,3,1,0,1,0,2,1,2,1
Seq506,6,2,6,1,1,3,7,1,2,1,4,2,5,13,1,0,3,0,2,1,7,3,1,1,6,2,6,1,4,2,5,13,1,0,3,0,0,2,1,2,15,4,1,4,0,4,3,5,2,1,4,7,3,0,4,8,1,7,6,1,2,0,0
Seq507,1,0,4,1,0,1,4,1,5,1,1,3,1,3,2,2,2,1,5,1,4,1,0,1,4,0,1,1,1,3,1,4,2,2,2,1,0,0,1,2,7,3,0,4,0,1,1,2,4,3,1,0,4,1,5,4,1,4,1,0,1,1,0
Seq508,0,1,1,1,2,1,1,1,1,2,1,1,1,1,0,1,0,2,1,1,1,1,2,1,1,1,0,2,1,1,1,1,0,1,0,2,0,2,0,2,5,0,0,0,0,3,0,2,0,0,0,3,0,1,3,1,1,1,0,1,1,1,0
Seq509,1,0,4,1,0,1,4,1,5,1,1,3,1,3,2,2,2,1,5,1,4,1,0,1,4,0,1,1,1,3,1,4,2,2,2,1,0,0,1,2,7,3,0,4,0,3,1,2,3,2,1,1,3,1,5,4,1,4,1,0,1,1,0
Seq510,7,6,5,5,0,3,6,2,1,3,7,2,6,6,4,3,3,1,1,2,6,3,0,5,5,6,7,2,7,2,6,7,4,3,3,1,1,4,1,5,10,6,0,7,1,9,1,6,3,1,2,4,4,5,2,8,1,6,7,5,3,3,0
Seq511,7,6,5,6,0,2,6,2,1,4,6,2,6,6,4,3,3,1,1,2,6,2,0,6,5,6,7,3,6,2,6,7,4,3,3,1,1,4,1,5,9,7,0,7,1,9,1,6,3,1,2,4,3,6,2,8,1,6,7,5,2,4,0
Seq512,13,0,4,0,4,3,4,2,5,2,3,1,1,15,5,3,3,2,5,2,5,3,2,0,4,1,13,2,3,1,1,15,5,3,3,2,0,3,0,0,19,6,3,3,1,12,4,5,3,2,2,6,1,0,6,4,2,4,13,0,3,0,3
Seq513,3,1,0,0,3,4,0,4,4,3,4,0,4,4,0,1,0,3,4,4,0,4,3,0,0,1,3,1,5,0,4,5,0,1,0,3,3,1,0,0,15,0,0,0,0,12,2,2,2,0,0,1,0,0,12,0,2,1,3,0,1,0,0
Seq514,1,2,1,1,6,3,2,3,3,4,3,2,4,3,2,2,2,0,3,4,2,4,4,1,1,2,1,2,3,1,4,5,3,1,3,0,0,1,0,1,20,0,0,0,0,3,3,1,2,3,4,2,3,1,4,3,3,2,1,1,3,0,5
Seq515,1,2,1,1,1,4,2,3,4,1,3,2,3,2,3,2,2,1,4,3,2,4,1,1,1,2,1,0,2,0,1,6,5,1,3,1,0,1,0,1,13,2,0,2,0,2,2,2,0,4,3,3,2,1,5,2,2,2,1,1,2,1,3
Seq516,0,1,2,0,1,1,3,0,3,1,2,0,1,2,2,1,2,0,3,0,3,1,1,0,2,1,0,0,2,0,1,3,2,1,2,0,0,1,0,1,7,1,0,1,0,2,2,1,2,0,1,0,2,1,3,2,0,2,0,1,1,1,1
Seq517,7,3,7,3,1,3,8,2,2,1,4,3,6,16,1,0,4,1,2,2,9,3,1,2,8,2,7,1,4,3,6,16,1,0,4,1,0,3,1,3,17,6,1,5,0,7,4,6,3,1,4,8,3,0,5,10,1,8,7,2,2,1,0
Seq518,9,2,4,1,3,4,6,2,4,1,4,2,1,14,5,4,3,1,4,2,7,4,1,1,5,2,9,1,4,2,1,14,5,4,3,1,0,0,1,0,24,4,1,4,1,6,6,3,3,3,4,7,1,2,3,5,2,3,9,3,4,2,4
Seq519,12,2,3,1,3,3,5,2,4,1,3,2,1,13,6,4,4,1,4,2,6,3,1,1,4,2,12,1,3,2,1,13,6,4,4,1,0,1,1,0,22,5,2,3,1,6,5,4,3,3,4,7,1,2,3,4,2,2,12,3,3,2,4
Seq520,8,3,6,3,4,1,6,1,4,1,0,5,1,7,6,4,8,4,4,1,9,4,1,0,6,3,8,1,0,5,1,7,6,4,8,4,3,3,1,3,12,5,1,5,3,8,8,2,9,5,1,1,2,0,4,6,1,5,8,4,2,3,3
Seq521,0,0,4,1,0,1,3,2,6,1,1,3,2,2,2,1,3,1,6,2,3,1,0,1,4,0,0,1,1,3,2,3,2,1,3,1,0,1,0,2,9,2,0,3,0,1,1,0,2,5,3,0,4,1,6,3,2,4,0,0,1,1,0
Seq522,1,0,4,1,1,1,4,1,5,2,1,3,1,3,2,2,2,1,5,1,4,1,1,1,4,0,1,2,1,3,1,4,2,2,2,1,0,0,1,2,8,3,0,4,0,1,1,2,4,3,1,0,4,2,5,4,2,4,1,0,1,1,0
Seq523,1,1,4,1,0,2,4,1,5,1,1,4,1,3,2,3,2,1,5,1,4,2,0,1,4,1,1,1,1,4,1,4,2,3,2,1,0,1,1,2,8,3,0,4,0,1,2,2,4,4,1,0,4,1,5,4,1,4,1,1,2,1,0
Seq524,8,1,7,1,2,2,7,3,1,4,2,1,2,4,7,1,6,4,2,2,7,1,1,2,8,1,8,4,2,1,2,5,7,1,6,4,4,5,1,6,9,2,0,3,2,20,2,3,2,1,0,3,0,1,4,8,2,8,8,0,1,0,1
Seq525,0,2,1,2,1,1,1,1,1,1,1,1,1,1,0,2,0,3,1,1,1,1,1,1,1,2,1,1,1,1,1,1,0,2,0,3,0,3,0,3,4,0,0,0,0,4,0,3,0,0,0,3,0,0,3,1,0,1,0,2,1,2,0
Seq526,1,1,1,1,6,3,1,3,3,4,3,2,3,2,2,2,2,0,3,4,1,4,4,1,1,1,1,2,3,1,4,3,3,1,3,0,0,1,0,1,18,0,0,0,0,3,3,1,2,3,3,2,3,0,4,2,3,2,1,0,3,0,5
Seq527,1,1,4,0,0,1,4,1,5,1,1,2,1,3,2,3,2,1,5,1,4,1,0,0,4,1,1,1,1,2,1,4,2,3,2,1,0,2,0,0,7,4,1,3,0,1,4,0,1,3,4,2,1,1,5,4,1,4,1,1,1,0,0
Seq528,0,2,6,2,0,0,6,0,0,0,0,2,0,0,5,2,6,1,0,0,6,0,0,2,6,2,0,0,0,2,0,0,5,2,6,1,0,8,0,8,0,0,0,0,0,9,3,0,4,0,0,0,0,0,0,8,0,8,0,0,0,0,0
Seq529,11,1,4,1,4,3,4,2,5,2,4,1,2,15,4,3,2,2,5,2,5,3,2,1,4,2,11,2,3,1,1,17,4,3,2,2,0,2,0,0,20,6,2,4,1,10,4,6,3,2,2,7,1,0,6,4,2,4,11,1,3,1,3
Seq530,1,0,4,1,0,1,4,1,5,1,2,2,2,2,2,1,2,2,5,1,4,1,0,1,4,0,1,1,2,2,2,3,2,1,2,2,0,0,1,2,7,3,0,4,0,0,2,2,4,3,1,1,3,1,5,4,1,4,1,0,1,1,0
Seq531,12,2,3,1,4,3,4,2,4,2,4,1,2,17,4,3,1,1,4,2,5,3,2,1,4,2,12,2,4,1,2,17,4,3,1,1,0,2,0,0,20,6,2,4,1,10,4,6,3,1,2,7,1,1,5,4,2,3,12,2,3,1,3
Seq532,0,2,0,1,1,5,1,4,5,2,2,3,3,1,2,2,2,0,5,4,1,5,1,1,0,2,0,0,2,1,2,6,4,1,3,0,0,1,0,1,15,1,0,1,0,2,2,1,1,3,4,1,4,1,7,2,3,1,0,1,4,0,1
Seq533,13,0,4,0,4,3,4,2,5,2,3,1,1,15,5,3,3,2,5,2,5,3,2,0,4,1,13,2,3,1,1,15,5,3,3,2,0,3,0,0,19,6,3,3,1,12,4,5,3,2,2,6,1,0,6,4,2,4,13,0,3,0,3
Seq534,6,6,5,5,0,3,7,2,1,4,6,2,6,6,4,3,3,1,1,2,7,3,0,5,5,6,6,3,6,2,6,7,4,3,3,1,1,4,1,5,9,7,0,7,1,10,1,6,3,1,2,4,3,5,3,8,1,6,6,5,2,4,0
Seq535,10,2,1,2,3,1,1,0,0,3,0,2,1,0,3,1,4,5,0,0,1,1,3,2,1,2,10,3,1,2,1,0,3,1,4,5,3,5,1,5,5,0,1,0,0,14,2,1,2,0,0,1,0,0,4,2,0,3,10,0,0,1,0
Seq536,5,0,5,1,0,0,4,1,1,0,0,1,1,0,1,0,2,12,1,1,4,0,0,1,5,0,5,0,0,1,1,0,1,0,2,12,5,5,0,5,2,0,0,0,0,6,5,0,4,0,1,1,0,0,1,5,1,5,5,0,0,0,0
Seq537,7,3,2,1,1,3,4,1,4,1,3,0,2,14,3,1,2,0,4,1,4,2,1,1,3,2,8,1,3,0,2,14,3,1,2,0,0,2,0,2,20,1,0,1,0,16,1,2,2,1,0,1,1,2,6,5,1,4,7,1,2,0,0
Seq538,2,1,1,2,7,2,0,2,0,6,2,3,1,0,1,3,1,0,0,2,0,2,4,3,1,2,3,3,3,2,2,1,2,3,1,0,0,1,0,0,12,2,1,1,0,0,3,2,2,1,2,3,2,2,1,1,2,1,2,1,3,1,5
Seq539,0,1,2,1,2,1,3,1,3,1,2,1,2,2,2,1,3,0,3,1,3,0,1,2,3,1,0,0,2,0,1,4,3,1,3,0,0,1,0,1,10,1,0,1,0,4,2,1,1,0,2,2,1,1,3,3,1,2,0,1,2,1,1
Seq540,0,2,1,1,1,1,1,1,1,1,1,1,1,1,0,2,0,2,1,1,1,1,1,1,1,2,0,1,1,1,1,1,0,2,0,2,0,3,0,2,4,0,0,0,0,3,0,3,0,0,0,3,0,0,3,1,0,1,0,2,1,1,0
Seq541,13,0,4,0,4,3,4,2,5,2,3,1,1,17,4,3,2,2,5,2,5,3,2,0,4,1,13,2,3,1,1,17,4,3,2,2,0,2,0,0,19,6,2,4,2,12,4,5,3,2,2,6,1,0,6,4,2,4,13,0,3,0,3
Seq542,0,2,0,1,1,5,1,4,5,2,3,2,3,1,2,2,1,1,5,4,1,5,1,1,0,2,0,0,2,1,2,7,3,1,2,1,0,1,0,1,15,1,0,1,0,2,1,1,0,5,4,1,4,1,7,2,3,1,0,1,4,0,1
Seq543,1,2,0,0,1,6,2,4,3,2,2,3,3,1,2,2,2,0,3,4,2,6,1,0,0,2,1,0,2,1,2,6,4,1,3,0,0,1,0,1,15,1,0,1,0,2,2,1,1,3,4,1,4,1,6,2,3,1,1,1,4,0,1
Seq544,11,1,4,1,4,3,4,2,5,2,4,1,2,15,4,3,2,2,5,2,5,3,2,1,4,2,11,2,4,1,2,15,4,3,2,2,0,2,0,1,30,1,1,0,0,10,4,6,3,2,2,7,1,0,6,4,2,4,11,1,3,1,3
Seq545,10,0,7,2,1,1,5,2,7,1,3,1,2,13,6,1,6,2,7,2,5,1,1,2,7,0,10,1,3,1,2,13,6,1,6,2,0,3,0,1,21,5,2,3,0,9,5,4,4,2,3,5,3,0,8,5,2,7,10,0,1,2,0
Seq546,11,1,6,2,1,1,4,2,7,1,3,1,3,14,5,1,5,2,7,2,4,1,1,2,6,1,11,1,3,1,3,14,5,1,5,2,0,2,0,0,21,5,2,4,1,10,4,5,3,2,3,5,3,0,8,4,2,6,11,1,1,2,0
Seq547,10,1,6,2,1,1,5,2,7,1,3,1,3,13,6,1,5,2,7,2,5,1,1,2,6,1,10,1,3,1,3,13,6,1,5,2,0,2,0,1,21,5,2,4,0,9,4,5,4,2,3,5,3,0,8,5,2,6,10,1,1,2,0
Seq548,9,0,7,1,1,1,5,2,9,1,2,1,2,12,7,1,7,2,9,2,5,1,1,1,7,0,9,1,2,1,2,12,7,1,7,2,0,3,0,1,21,5,2,3,0,9,5,3,4,4,3,4,3,0,10,5,2,7,9,0,1,1,0
Seq549,10,0,7,1,1,1,5,2,8,1,2,1,2,13,7,1,6,2,8,2,5,1,1,1,7,0,10,1,2,1,2,13,7,1,6,2,0,3,0,1,21,5,2,3,0,9,5,4,4,3,3,4,3,0,9,5,2,7,10,0,1,1,0
Seq550,1,0,2,0,1,1,3,0,0,1,1,0,0,0,3,0,2,1,0,0,3,1,1,0,2,0,1,1,1,0,0,0,3,0,2,1,1,2,0,3,2,0,0,0,0,2,2,1,2,0,0,1,0,0,0,3,1,2,1,0,1,0,0
Seq551,1,1,2,0,0,1,3,1,5,0,1,0,1,7,3,0,2,0,5,0,4,1,0,0,2,1,1,0,1,0,1,7,3,0,2,0,0,1,0,1,10,1,0,1,0,5,3,0,4,2,0,0,0,0,6,3,1,3,1,0,0,0,0
Seq552,2,0,2,0,1,1,3,0,0,1,1,0,0,0,3,0,3,1,0,0,3,1,1,0,2,0,2,1,1,0,0,0,3,0,3,1,1,3,0,3,2,0,0,0,0,3,2,1,2,0,0,1,0,0,0,3,1,2,2,0,1,0,0
Seq553,13,0,4,0,4,3,4,2,5,2,4,1,2,15,4,3,2,2,5,2,5,3,2,0,4,1,13,2,4,1,2,15,4,3,2,2,0,2,0,0,19,6,2,4,2,10,4,6,3,2,2,7,1,0,6,4,2,4,13,0,3,0,3
Seq554,11,1,4,1,4,3,4,2,5,2,3,1,1,15,5,3,3,2,5,2,5,3,2,0,4,1,13,2,3,1,1,15,5,3,3,2,0,2,0,0,20,6,2,4,1,12,4,5,3,2,2,6,1,0,6,4,2,4,11,1,3,1,3
Seq555,6,6,5,4,0,4,6,2,1,2,7,2,6,6,4,3,3,1,1,2,6,4,0,4,5,6,6,1,7,2,6,7,4,3,3,1,1,4,1,5,11,5,0,6,1,10,1,5,3,1,2,4,4,4,3,7,1,6,6,5,3,3,0
Seq556,6,6,5,5,0,3,6,2,1,3,7,2,5,6,4,3,3,1,1,2,6,3,0,5,5,6,6,2,7,2,5,7,4,3,3,1,1,4,1,5,10,5,0,7,1,9,1,5,2,1,3,4,4,5,2,8,1,6,6,5,3,3,0
Seq557,2,4,0,4,1,1,0,1,0,1,1,3,0,0,1,4,0,3,1,0,1,1,1,3,0,4,2,1,1,3,0,0,1,4,0,3,2,4,0,4,3,0,0,0,0,2,1,3,1,1,1,3,1,0,1,3,1,3,2,1,1,1,0
Seq558,4,2,2,1,2,3,3,2,3,1,3,1,3,7,2,1,3,0,3,2,3,2,1,2,3,2,4,0,2,1,3,9,3,0,4,0,0,2,0,1,15,2,1,1,0,4,2,3,2,2,2,3,2,2,3,3,2,2,4,2,3,1,2
Seq559,4,2,2,1,3,5,3,4,5,2,4,2,4,8,2,2,3,0,5,4,3,4,2,2,3,2,4,1,3,2,4,11,3,1,4,0,0,2,0,1,22,2,1,1,0,4,3,3,3,3,4,4,3,2,8,3,3,2,4,2,4,1,2
Seq560,1,2,0,0,1,6,2,4,3,2,3,2,4,1,2,1,2,0,3,4,2,6,1,0,0,2,1,0,2,1,3,7,3,0,3,0,0,1,0,1,15,1,0,1,0,2,2,1,1,3,4,1,4,1,6,2,3,1,1,1,4,0,1
Seq561,2,0,3,1,0,0,2,1,2,0,1,1,2,0,2,0,3,2,2,1,2,0,0,1,3,0,2,0,1,1,2,0,2,0,3,2,0,2,0,2,4,1,0,1,1,1,2,1,2,2,1,0,1,1,3,3,0,3,2,0,0,0,0
Seq562,4,3,4,2,1,2,5,2,1,1,2,1,3,4,4,1,5,3,1,2,5,1,0,2,5,2,6,1,2,1,3,4,4,1,5,3,1,2,1,3,12,2,0,3,0,7,3,3,2,0,3,4,1,1,1,4,2,4,4,3,2,3,1
Seq563,0,0,2,1,0,0,1,1,2,1,0,1,0,0,1,1,2,1,2,1,1,0,0,1,2,0,0,1,0,1,0,0,1,1,2,1,0,1,0,1,3,1,0,1,0,0,1,1,2,2,0,0,1,0,3,2,0,2,0,0,0,0,0
Seq564,5,6,4,3,5,5,7,1,1,4,5,4,4,8,4,4,4,0,1,2,7,5,4,3,5,5,5,4,5,4,4,8,4,4,4,0,0,4,1,3,14,7,2,6,0,23,5,0,5,2,1,1,0,0,9,10,0,9,5,1,2,0,1
Seq565,3,0,1,0,0,1,1,1,2,0,0,0,0,0,1,0,1,7,4,0,1,0,0,0,1,0,3,0,0,0,0,0,1,0,1,7,3,1,0,1,4,0,0,0,0,3,1,0,1,4,0,0,0,0,2,1,1,1,3,0,1,0,0
Seq566,1,0,2,0,0,0,2,1,1,0,0,1,1,0,1,1,2,1,1,1,2,0,0,0,2,0,1,0,0,1,1,0,1,1,2,1,0,1,0,1,2,1,0,1,1,0,1,1,3,1,0,0,1,0,2,2,0,2,1,0,0,0,0
Seq567,11,1,6,2,1,2,5,2,5,1,4,1,3,15,4,1,4,2,5,2,5,2,1,2,6,1,11,1,4,1,3,15,4,1,4,2,0,2,0,0,20,6,2,4,1,10,3,5,3,2,3,6,3,0,6,5,2,6,11,1,2,2,0
Seq568,8,3,4,4,5,4,2,6,1,5,7,0,7,10,4,1,3,0,2,5,3,4,5,3,4,3,8,5,7,0,7,10,4,1,3,0,0,2,0,2,29,2,0,2,0,4,6,4,6,3,4,5,4,1,6,3,4,6,8,1,2,3,4
Seq569,0,1,2,0,1,1,3,1,3,1,2,0,2,2,2,1,2,0,3,1,3,1,1,0,2,1,0,0,2,0,1,4,2,1,2,0,0,1,0,1,8,1,0,1,0,2,2,1,2,0,2,0,2,1,3,2,1,2,0,1,1,1,1
Seq570,11,2,3,1,5,3,4,1,5,3,4,1,2,15,4,3,2,1,5,1,5,3,3,1,3,3,11,2,4,1,3,15,4,2,3,1,0,2,0,0,20,6,2,4,1,10,3,7,2,2,2,8,1,0,5,4,2,3,11,2,4,1,3
Seq571,0,2,2,3,3,2,1,2,2,4,2,2,2,3,1,1,2,0,4,1,2,2,2,2,2,2,0,1,3,2,3,4,1,1,2,0,0,1,0,1,9,3,0,3,0,3,1,2,1,1,1,2,2,4,3,3,3,3,0,1,3,1,0
Seq572,0,2,2,3,3,3,2,3,2,4,2,2,2,3,2,2,2,0,4,1,4,2,2,2,3,2,0,1,3,2,4,4,2,1,3,0,0,1,0,1,11,4,0,3,0,3,2,2,2,1,2,2,2,4,3,4,4,3,0,1,4,1,0
Seq573,6,6,5,4,0,4,7,1,1,3,7,2,5,6,4,3,3,1,1,1,7,4,0,4,5,6,6,2,7,2,5,7,4,3,3,1,1,4,1,5,9,6,0,7,1,10,1,6,2,1,2,4,4,4,2,8,1,6,6,5,3,3,0
Seq574,0,2,1,2,5,4,1,3,1,2,3,3,3,1,1,3,1,2,1,3,2,4,2,2,2,3,0,2,3,3,3,1,1,3,1,2,0,2,0,2,15,0,0,0,0,4,5,2,4,0,1,2,1,0,6,1,3,3,0,0,2,2,2
Seq575,0,1,2,2,7,6,1,7,2,6,5,3,2,1,4,6,1,0,3,6,2,6,6,1,2,1,1,6,5,3,2,1,4,6,1,0,0,1,0,1,24,1,0,1,0,5,3,1,0,4,6,4,3,2,14,2,4,3,0,0,3,1,1
Seq576,0,1,3,2,7,5,2,5,3,5,4,4,3,3,2,4,2,1,3,5,3,6,5,1,3,1,1,5,4,4,3,3,2,4,2,1,0,1,0,1,24,1,0,1,0,3,4,2,3,2,4,3,3,4,10,3,4,2,0,2,5,1,1
Seq577,0,1,1,0,0,1,2,0,2,0,0,1,1,0,1,0,3,1,2,0,2,1,0,0,1,1,0,0,0,1,1,0,1,0,3,1,0,1,0,1,3,1,0,1,0,1,2,0,2,2,0,0,0,0,3,2,0,2,0,0,0,0,0
Seq578,0,0,0,0,0,1,1,1,8,0,0,0,0,2,2,0,2,5,10,0,1,0,0,0,0,0,0,0,0,0,0,2,2,0,2,5,0,0,0,1,10,0,0,0,0,0,1,0,2,8,0,0,0,0,8,1,1,0,0,0,1,0,0
Seq579,1,5,1,3,1,3,2,2,2,1,4,0,1,1,6,3,3,1,2,1,4,2,1,1,3,3,3,1,4,0,1,1,6,3,3,1,0,2,0,2,13,1,0,2,0,8,3,1,4,2,0,1,1,0,4,3,1,2,1,4,3,2,0
Seq580,5,6,2,5,8,3,3,2,1,7,0,8,3,2,1,5,3,6,1,2,3,3,7,5,2,6,6,2,4,2,3,3,7,3,5,6,3,7,0,7,18,0,0,0,0,7,2,8,3,0,0,6,2,7,2,4,5,5,5,3,4,4,3
Seq581,8,3,4,1,3,4,6,2,4,1,4,2,1,12,6,5,3,1,4,2,7,4,1,1,5,3,8,1,4,2,1,12,6,5,3,1,0,1,1,1,22,4,1,4,1,5,6,4,3,3,4,7,1,2,3,5,2,3,8,4,4,2,4
Seq582,6,5,6,5,0,3,6,2,1,2,7,2,5,6,5,3,3,1,1,2,6,3,0,5,6,5,6,2,6,2,5,7,5,3,3,1,1,4,1,5,11,5,0,6,1,9,1,5,2,1,3,4,5,4,2,8,1,7,6,4,3,3,0
Seq583,1,0,2,1,0,0,1,1,1,0,0,2,1,0,0,1,2,1,1,1,1,0,0,1,2,0,1,0,0,2,1,0,0,1,2,1,0,1,0,1,2,1,0,1,1,1,1,1,2,1,0,0,1,0,2,2,0,2,1,0,0,0,0
Seq584,3,2,7,5,3,3,4,6,1,4,7,2,9,5,2,0,4,1,1,5,5,3,3,4,7,2,4,2,7,2,9,7,2,0,4,1,0,3,1,3,17,4,1,4,1,12,2,4,1,0,4,5,3,3,6,7,4,9,3,0,2,2,1
Seq585,8,3,4,1,3,4,6,2,4,1,4,2,1,13,5,5,3,1,4,2,7,4,1,1,5,3,8,1,4,2,1,13,5,5,3,1,0,1,1,0,23,4,1,4,1,5,6,4,3,3,4,7,1,2,3,5,2,3,8,4,4,2,4
Seq586,12,2,3,1,4,3,4,2,3,2,4,1,2,17,3,3,1,1,3,2,5,3,2,1,4,2,12,2,4,1,2,17,3,3,1,1,0,2,0,0,19,6,2,4,1,10,3,6,3,1,2,7,1,1,4,4,2,3,12,2,3,1,3
Seq587,1,0,2,0,0,0,2,0,2,0,0,1,1,0,1,0,3,1,2,0,2,0,0,0,2,0,1,0,0,1,1,0,1,0,3,1,0,1,0,1,2,1,0,1,1,0,1,1,2,2,0,0,1,0,2,2,0,2,1,0,0,0,0
Seq588,5,5,4,4,3,3,5,3,2,5,4,2,4,9,3,3,3,1,2,2,6,3,3,3,4,5,6,5,4,2,4,9,3,3,3,1,1,3,0,2,21,3,1,2,1,6,3,6,1,1,5,8,3,1,5,6,3,6,5,3,2,3,1
Seq589,2,2,2,2,1,1,3,1,0,0,0,3,2,1,1,2,2,2,0,1,3,0,0,3,3,2,2,0,0,3,2,2,1,2,2,2,1,3,0,3,6,1,0,0,0,5,2,0,1,0,3,1,1,1,0,4,2,4,2,0,1,1,0
Seq590,2,2,2,2,1,1,3,1,0,1,0,3,2,1,1,2,2,1,0,1,3,0,0,3,3,2,2,1,0,3,2,2,1,2,2,1,1,2,0,2,6,2,0,1,0,4,1,1,1,0,3,1,2,1,0,4,2,4,2,0,1,1,0
Seq591,10,2,4,1,3,3,6,2,4,1,3,2,1,15,5,4,3,1,4,2,7,3,1,1,5,2,10,1,3,2,1,15,5,4,3,1,0,0,1,0,23,5,1,4,1,7,6,3,3,3,4,6,1,2,3,5,2,3,10,3,3,2,4
Seq592,11,1,6,2,1,1,5,2,6,1,3,1,3,15,5,1,4,2,6,2,5,1,1,2,6,1,11,1,3,1,3,15,5,1,4,2,0,2,0,0,20,6,2,4,1,10,4,5,3,2,3,5,3,0,7,5,2,6,11,1,1,2,0
Seq593,13,2,3,1,3,2,4,1,4,1,3,1,1,16,4,3,3,1,4,1,5,2,1,1,4,2,13,1,2,1,0,18,4,3,3,1,0,1,1,0,17,6,2,5,1,10,4,4,3,1,3,6,1,1,3,3,2,3,13,2,2,2,3
Seq594,0,1,2,0,2,2,4,1,2,0,3,1,3,3,1,1,2,0,2,2,4,3,0,0,2,1,0,0,1,0,1,7,2,0,3,0,0,0,0,0,12,1,0,1,0,0,1,1,1,1,4,1,4,1,2,3,1,2,0,1,2,1,2
Seq595,0,1,2,1,1,1,3,1,4,1,3,0,2,2,2,1,2,0,4,1,3,1,1,1,2,1,0,0,2,0,1,6,2,1,2,0,0,1,0,1,10,1,0,1,0,3,2,1,2,0,2,1,2,1,4,3,1,2,0,1,2,1,0
Seq596,0,1,2,1,2,1,3,1,3,2,3,0,2,2,2,1,2,0,3,1,3,1,2,1,2,1,0,0,3,0,2,4,2,1,2,0,0,1,0,1,10,1,0,1,0,3,2,1,2,0,2,1,2,1,3,3,1,2,0,1,2,1,1
Seq597,6,5,4,4,3,4,5,3,1,4,5,4,7,5,3,2,5,0,3,3,5,3,2,4,5,4,6,4,5,4,7,5,3,2,5,0,0,2,2,3,20,3,1,4,0,6,3,5,2,4,4,6,3,2,1,5,3,5,6,4,3,4,4
Seq598,6,3,3,1,0,4,5,2,3,0,4,0,2,13,4,2,2,0,3,2,5,3,0,1,4,2,7,0,4,0,2,13,4,2,2,0,0,2,0,2,21,1,0,1,0,15,2,1,3,2,1,1,1,1,6,6,1,5,6,1,2,0,0
Seq599,11,1,6,2,2,2,5,2,4,1,4,1,3,15,4,2,3,2,4,2,5,2,1,2,6,2,11,1,4,1,3,15,4,2,3,2,0,2,0,0,20,6,2,4,1,10,3,6,2,2,3,6,3,0,5,5,2,6,11,1,2,2,1
Seq600,0,1,2,0,2,1,3,1,3,2,2,0,2,2,2,1,2,0,3,1,3,1,2,0,2,1,0,0,2,0,2,4,2,1,2,0,0,1,0,1,9,1,0,1,0,2,2,1,2,0,2,1,2,1,3,2,1,2,0,1,2,1,1
Seq601,4,3,3,1,0,5,5,3,3,0,4,1,3,7,5,2,4,1,4,3,5,3,0,1,5,1,5,0,4,1,3,7,5,2,4,1,0,3,1,3,17,1,1,1,0,13,4,1,4,2,1,1,1,0,7,6,1,4,4,2,3,0,0
Seq602,1,2,2,1,3,2,3,2,3,3,4,0,4,3,2,1,2,0,3,2,3,2,3,1,2,2,1,1,4,0,4,5,2,1,2,0,0,1,0,1,15,1,0,1,0,3,3,2,2,0,3,2,3,1,4,3,2,3,1,1,2,1,2
Seq603,13,0,4,0,4,3,4,2,5,2,3,1,1,17,4,3,2,2,5,2,5,3,2,0,4,1,13,2,3,1,1,17,4,3,2,2,0,2,0,0,20,6,2,4,1,12,4,5,3,2,2,6,1,0,6,4,2,4,13,0,3,0,3
Seq604,7,6,3,2,3,6,7,1,2,2,5,4,4,10,4,4,4,0,2,2,7,6,2,2,4,5,7,2,5,4,4,10,4,4,4,0,0,4,1,3,14,7,2,6,0,19,6,1,6,2,1,2,0,0,9,9,0,8,7,1,2,0,1
Seq605,6,6,5,4,0,3,7,2,1,3,6,2,6,6,4,3,3,1,1,2,7,3,0,4,5,6,6,2,6,2,6,7,4,3,3,1,1,4,1,5,9,6,0,7,1,9,1,6,2,1,3,4,4,4,2,8,1,6,6,5,3,3,0
Seq606,1,0,3,1,0,0,2,2,2,0,1,1,3,1,1,0,3,1,2,2,2,0,0,1,3,0,1,0,1,1,2,2,1,0,3,1,0,1,0,1,6,1,0,1,1,0,1,1,2,2,2,0,2,1,3,3,1,3,1,0,0,0,0
Seq607,6,4,3,3,0,2,4,1,4,0,3,1,3,15,2,1,2,0,4,1,4,1,0,3,4,3,7,0,3,1,3,15,2,1,2,0,0,2,0,2,21,1,0,1,0,17,2,2,2,1,0,2,0,1,5,6,1,6,6,1,1,1,0
Seq608,1,2,2,1,2,2,3,1,3,2,4,0,3,3,2,1,2,0,3,1,3,2,2,1,2,2,1,0,4,0,3,5,2,1,2,0,0,1,0,1,13,1,0,1,0,3,3,2,2,0,2,2,2,1,4,3,1,3,1,1,2,1,1
Seq609,11,1,5,2,2,2,5,3,4,1,4,1,3,15,4,2,3,2,4,2,6,2,1,2,5,2,11,1,4,1,3,15,4,2,3,2,0,2,0,0,20,6,2,4,1,10,3,6,3,2,3,6,2,0,5,5,3,5,11,1,2,2,1
Seq610,11,0,5,0,4,3,5,2,5,2,3,1,1,15,5,3,3,2,5,2,6,3,2,0,5,1,11,2,3,1,1,15,5,3,3,2,0,2,0,0,20,6,2,4,1,10,5,5,4,2,2,6,1,0,6,5,2,5,11,0,3,0,3
Seq611,5,3,3,3,0,3,4,3,3,0,5,1,4,13,1,2,1,0,3,3,4,3,0,3,3,3,5,0,5,1,4,13,1,2,1,0,0,2,0,2,21,1,0,1,0,12,4,2,4,2,0,2,0,1,4,6,2,6,5,0,2,1,1
Seq612,12,2,3,1,4,3,4,2,4,2,4,1,2,16,4,3,2,1,4,2,5,3,2,1,4,2,12,2,4,1,2,16,4,3,2,1,0,2,0,0,20,6,2,4,1,10,4,6,3,1,2,7,1,1,5,4,2,3,12,2,3,1,3
Seq613,1,3,1,4,9,5,0,5,4,7,5,3,3,3,3,4,2,1,8,5,0,4,4,5,2,3,1,5,5,3,4,5,3,3,3,1,0,1,0,1,24,3,0,3,0,2,4,3,4,7,2,3,3,4,7,3,6,2,1,2,7,1,3
Seq614,10,4,3,0,2,4,7,0,0,1,4,0,4,8,4,1,4,4,0,1,7,4,1,0,3,4,10,1,4,0,4,8,4,1,4,4,4,1,3,3,6,5,1,7,0,14,6,0,7,0,1,0,1,1,5,7,0,7,10,0,1,0,0
Seq615,11,1,4,1,4,3,4,2,5,2,3,1,1,15,5,3,3,2,5,2,6,3,2,0,5,1,11,2,3,1,1,15,5,3,3,2,0,2,0,0,20,6,2,4,1,10,5,5,4,2,2,6,1,0,6,4,2,4,11,1,3,1,3
Seq616,8,3,6,2,4,2,6,2,2,4,3,1,2,7,6,3,5,4,4,0,8,2,2,1,6,4,8,1,4,1,3,8,6,3,5,4,2,5,0,4,15,4,0,4,1,8,3,6,4,1,2,4,3,4,2,6,4,7,8,2,3,2,1
Seq617,1,2,2,2,4,2,2,2,2,4,3,1,2,4,2,2,1,0,4,0,4,2,2,1,2,3,1,1,4,1,3,5,2,2,1,0,0,0,0,0,10,4,0,4,1,3,1,3,2,1,1,2,2,4,2,3,4,3,1,1,3,1,1
Seq618,4,3,3,3,3,2,2,2,1,3,4,0,4,5,3,0,4,0,1,1,3,2,3,2,3,3,5,3,4,0,4,5,3,0,4,0,0,2,1,2,13,2,0,3,0,9,3,3,3,0,1,2,2,0,5,3,2,5,4,1,1,2,0
Seq619,0,0,0,0,9,5,0,5,3,9,2,3,4,0,0,1,2,1,3,5,0,5,9,0,0,0,0,9,2,3,4,0,0,1,2,1,0,0,0,0,22,0,0,0,0,3,2,5,3,0,2,3,3,1,15,0,3,0,0,0,2,0,2
Seq620,14,2,4,1,3,2,4,2,3,1,3,2,2,18,3,3,2,1,3,2,5,2,1,1,5,2,14,1,3,2,2,18,3,3,2,1,0,2,1,0,17,6,3,5,1,11,4,5,3,1,2,7,1,1,4,4,1,4,14,2,2,1,3
Seq621,0,1,2,1,2,1,3,1,3,1,2,1,2,2,2,1,3,0,4,1,3,1,1,1,2,1,0,0,2,0,1,4,3,1,3,0,0,1,0,1,10,1,0,1,0,3,2,1,2,0,2,1,2,1,3,3,1,2,0,1,2,1,1
Seq622,14,2,4,1,3,2,5,1,3,1,3,2,2,18,3,3,2,1,3,1,6,2,1,1,5,2,14,1,3,2,2,18,3,3,2,1,0,2,1,0,16,7,3,5,1,11,4,5,2,1,3,7,1,1,3,5,1,4,14,2,2,1,3
Seq623,8,4,1,2,5,6,3,4,4,3,6,3,3,11,3,6,1,1,4,4,4,6,3,2,2,4,8,3,6,3,3,11,3,6,1,1,0,2,0,0,25,5,2,3,0,18,5,3,5,1,1,3,1,0,12,5,2,4,8,1,4,0,1
Seq624,0,3,2,4,7,5,1,5,5,8,4,3,3,5,3,3,2,0,7,4,3,5,4,3,3,3,0,5,5,3,5,6,3,2,3,0,0,1,0,1,22,4,0,4,0,4,4,3,3,3,3,4,3,5,7,4,7,4,0,1,7,1,1
Seq625,4,4,6,5,2,3,5,4,2,4,6,3,8,8,2,1,3,0,2,4,5,3,2,5,6,4,4,4,6,3,8,8,2,1,3,0,0,3,1,3,16,5,1,5,1,12,2,5,2,0,3,6,2,3,6,8,2,8,4,2,1,2,2
Seq626,2,0,4,0,0,0,3,0,2,0,0,1,1,2,2,0,3,2,2,0,3,0,0,0,4,0,2,0,0,1,1,2,2,0,3,2,0,2,0,2,4,1,0,1,1,3,2,1,2,2,0,0,1,0,2,3,0,4,2,0,0,0,0
Seq627,5,2,3,1,0,4,4,4,4,0,4,1,3,7,5,3,3,1,5,4,4,3,0,1,4,1,5,0,4,1,3,7,5,3,3,1,0,3,1,3,17,1,1,1,0,11,3,2,4,2,2,1,2,0,11,5,0,4,5,1,1,0,0
Seq628,13,0,4,0,4,3,4,2,5,2,3,1,1,17,4,3,2,2,5,2,5,3,2,0,4,1,13,2,3,1,1,17,4,3,2,2,0,2,0,0,20,6,2,4,1,10,4,6,3,2,2,7,1,0,6,4,2,4,13,0,3,0,3
Seq629,11,2,3,1,4,4,4,2,4,2,4,2,3,15,3,3,2,1,4,2,5,4,2,1,3,3,11,2,4,2,3,15,3,3,2,1,0,2,0,0,20,6,2,4,1,10,4,6,3,1,2,7,1,1,5,4,2,3,11,2,4,1,3
Seq630,6,3,4,2,0,2,4,2,4,0,3,0,3,16,2,1,2,0,4,2,4,1,0,2,5,2,7,0,3,0,3,16,2,1,2,0,0,2,0,1,22,1,0,1,0,16,3,2,2,1,0,2,0,1,5,5,2,6,6,1,1,1,0
Seq631,14,2,3,1,3,3,4,2,3,1,3,2,1,15,5,4,3,1,3,2,5,3,1,1,4,2,14,1,3,2,1,15,5,4,3,1,0,1,1,0,20,6,2,4,1,8,5,4,3,2,3,7,1,2,2,3,2,2,14,3,3,2,4
Seq632,6,5,6,5,0,2,6,3,1,2,6,2,5,6,5,3,3,2,1,2,7,2,0,5,6,5,6,2,6,2,5,6,5,3,3,2,1,4,1,5,11,5,0,6,1,9,1,5,3,1,3,4,4,4,2,8,2,7,6,4,2,3,0
Seq633,11,1,4,1,4,3,4,2,5,2,4,1,2,15,4,3,2,2,5,2,5,3,2,1,4,2,11,2,4,1,2,15,4,3,2,2,0,2,0,0,24,4,2,2,1,10,4,6,3,2,2,7,1,0,6,4,2,4,11,1,3,1,3
Seq634,7,6,3,2,4,6,7,1,1,3,5,4,4,9,4,4,4,0,1,2,7,6,3,2,4,5,7,3,5,4,4,9,4,4,4,0,0,4,1,3,14,7,2,6,0,21,5,1,5,2,1,2,0,0,9,9,0,8,7,1,2,0,1
Seq635,0,1,2,1,2,1,3,1,3,2,2,0,2,3,2,0,3,0,3,1,3,1,2,1,2,1,0,0,2,0,2,5,2,0,3,0,0,1,0,1,12,0,0,0,0,3,2,1,2,0,2,1,2,1,3,3,1,2,0,1,2,1,1
Seq636,5,6,4,3,3,5,6,2,1,4,6,3,8,6,2,1,5,0,2,2,6,4,3,3,5,5,5,3,6,3,8,7,2,1,5,0,0,2,2,3,22,2,0,4,0,8,2,5,1,2,4,6,3,4,1,6,2,5,5,5,4,3,4
Seq637,2,2,5,2,0,1,4,2,2,0,2,1,3,3,4,1,4,2,3,2,4,0,0,2,6,1,2,0,1,1,2,5,4,1,4,2,0,3,0,3,11,1,0,1,1,4,3,2,3,2,2,1,2,1,3,5,1,6,2,1,1,1,0
Seq638,7,6,3,3,4,5,6,1,2,3,5,4,4,9,4,4,4,0,2,2,6,5,3,3,4,5,7,3,5,4,4,9,4,4,4,0,0,4,1,3,14,7,2,6,0,21,6,0,6,2,1,1,0,0,9,9,0,8,7,1,2,0,1
Seq639,14,2,4,1,3,2,5,1,3,1,3,2,2,18,4,3,2,0,3,1,6,2,1,1,5,2,14,1,3,2,2,18,4,3,2,0,0,1,1,0,16,7,3,6,1,11,4,5,2,1,3,7,1,1,3,5,1,4,14,2,2,1,3
Seq640,11,2,3,1,4,4,4,2,4,2,4,2,3,15,3,3,2,1,4,2,5,4,2,1,3,3,11,2,4,2,3,15,3,3,2,1,0,2,0,0,20,6,2,4,1,10,5,6,3,1,2,8,0,0,6,4,2,4,11,1,3,1,3
Seq641,7,6,3,3,5,5,6,1,1,4,5,4,4,8,4,4,4,0,1,2,6,5,4,3,4,5,7,4,5,4,4,8,4,4,4,0,0,4,1,3,14,7,2,6,0,23,5,0,5,2,1,1,0,0,9,9,0,8,7,1,2,0,1
Seq642,0,3,4,4,6,4,3,4,4,6,3,4,3,4,4,3,4,0,6,2,5,2,4,4,6,3,0,3,4,4,5,5,4,2,5,0,0,2,0,2,20,4,0,4,0,4,3,3,3,3,3,3,4,6,6,5,6,6,0,1,5,2,1
Seq643,13,2,3,1,3,3,5,1,4,1,3,2,1,17,4,3,3,1,4,1,6,3,1,1,4,2,13,1,3,2,1,17,4,3,3,1,0,1,1,0,18,7,2,5,1,11,4,4,3,2,3,6,1,1,3,4,2,3,13,2,3,2,3
Seq644,9,6,2,2,3,6,6,1,2,2,5,4,4,10,4,4,4,0,2,2,6,6,2,2,3,5,9,2,5,4,4,10,4,4,4,0,0,4,1,3,14,7,2,6,0,19,6,1,6,2,1,2,0,0,9,8,0,7,9,1,2,0,1
Seq645,13,2,4,1,3,2,6,1,3,1,3,1,2,18,4,3,3,0,3,1,7,2,1,1,5,2,13,1,3,1,2,18,4,3,3,0,0,1,1,0,16,8,2,6,1,12,4,5,2,1,3,6,1,1,3,5,1,4,13,2,2,2,3
Seq646,13,2,3,1,3,3,4,2,4,1,3,2,1,16,4,4,3,1,4,2,5,3,1,1,4,2,13,1,3,2,1,16,4,4,3,1,0,1,1,0,19,6,2,5,1,10,5,4,3,2,3,6,1,1,3,3,2,3,13,2,3,2,4
Seq647,11,0,5,0,4,3,5,2,5,2,3,1,1,15,5,3,3,2,5,2,6,3,2,0,5,1,11,2,3,1,1,15,5,3,3,2,0,2,0,0,20,6,2,4,1,10,5,5,4,2,2,6,1,0,6,5,2,5,11,0,3,0,3
Seq648,9,1,5,1,4,3,5,2,5,2,4,1,2,15,4,3,2,2,5,2,6,3,2,1,5,2,9,2,4,1,2,15,4,3,2,2,0,2,0,0,20,6,2,4,1,12,4,5,3,2,2,6,1,0,6,5,2,5,9,1,3,1,3
Seq649,9,6,2,2,4,6,6,1,1,3,5,4,4,9,4,4,4,0,1,2,6,6,3,2,3,5,9,3,5,4,4,9,4,4,4,0,0,4,1,3,14,7,2,6,0,21,5,1,5,2,1,2,0,0,9,8,0,7,9,1,2,0,1
Seq650,6,6,5,4,0,4,7,2,1,3,7,2,6,6,4,3,3,1,1,2,7,4,0,4,5,6,6,2,7,2,6,7,4,3,3,1,1,4,1,5,10,6,0,7,1,10,1,6,3,1,2,4,4,4,3,8,1,6,6,5,3,3,0
Seq651,13,2,4,1,3,3,5,2,4,1,3,2,1,18,4,4,3,1,4,2,6,3,1,1,5,2,13,1,3,2,1,18,4,4,3,1,0,1,1,0,19,7,2,6,1,12,5,4,3,2,3,6,1,1,3,4,2,4,13,2,3,2,4
Seq652,0,1,2,0,1,2,4,1,3,1,2,0,2,4,2,0,3,0,3,1,4,2,1,0,2,1,0,0,1,0,1,7,2,0,3,0,0,1,0,1,12,0,0,0,0,2,2,1,3,0,2,0,3,1,3,3,1,2,0,1,2,1,1
Seq653,11,1,4,1,4,3,4,2,5,2,4,0,1,16,5,3,2,2,5,2,5,3,2,1,4,2,11,2,4,0,1,16,5,3,2,2,0,2,0,1,21,5,1,4,1,10,4,6,3,2,2,7,1,0,6,4,2,4,11,1,3,1,3
Seq654,9,6,2,3,4,5,5,2,1,3,5,4,4,8,4,5,4,0,1,3,5,5,3,3,3,5,9,3,5,4,4,8,4,5,4,0,0,4,1,3,14,7,2,6,0,21,6,1,5,1,1,2,0,0,9,8,0,7,9,1,2,0,1
Seq655,11,1,4,1,4,3,4,2,5,2,4,1,2,15,4,3,2,2,5,2,5,3,2,1,4,2,11,2,4,1,2,15,4,3,2,2,0,2,0,0,21,6,2,4,0,10,4,6,3,2,2,7,1,0,6,4,2,4,11,1,3,1,3
Seq656,7,6,3,3,5,5,6,1,1,4,5,4,4,8,4,4,4,0,1,2,6,5,4,3,4,5,7,4,5,4,4,8,4,4,4,0,0,4,1,3,14,7,2,6,0,21,5,1,5,2,1,2,0,0,9,9,0,8,7,1,2,0,1
Seq657,9,6,2,3,4,5,5,1,2,3,5,4,4,9,4,4,4,0,2,2,5,5,3,3,3,5,9,3,5,4,4,9,4,4,4,0,0,4,1,3,14,7,2,6,0,19,6,1,6,2,1,2,0,0,9,8,0,7,9,1,2,0,1
Seq658,7,2,7,1,2,3,8,2,2,2,4,2,6,16,1,0,3,0,2,2,8,3,2,1,7,2,7,2,4,2,6,16,1,0,3,0,0,2,1,2,18,5,1,5,0,7,3,5,2,1,5,7,3,1,4,9,2,8,7,1,3,0,0
Seq659,11,1,4,1,4,3,4,2,5,2,4,1,2,15,4,3,2,2,5,2,5,3,2,1,4,2,11,2,4,1,2,15,4,3,2,2,0,2,0,0,21,6,2,4,0,10,4,6,3,2,2,7,1,0,6,4,2,4,11,1,3,1,3
Seq660,9,6,2,3,5,5,5,1,1,4,5,4,4,8,4,4,4,0,1,2,5,5,4,3,3,5,9,4,5,4,4,8,4,4,4,0,0,4,1,3,14,7,2,6,0,21,5,1,5,2,1,2,0,0,9,8,0,7,9,1,2,0,1
Seq661,15,3,5,2,3,2,6,0,1,2,2,3,2,15,5,2,6,0,1,1,6,2,2,2,6,2,15,2,2,3,2,15,5,2,6,0,0,2,3,3,9,8,2,9,1,14,5,3,3,3,3,6,0,0,1,6,0,5,15,3,2,2,3
Seq662,8,3,6,1,2,3,8,1,2,2,4,1,5,17,1,0,2,2,2,1,8,3,2,1,6,3,8,2,4,1,5,17,1,0,2,2,2,2,0,2,16,5,0,5,2,12,2,4,2,1,4,5,3,1,3,9,2,8,8,1,3,0,0
Seq663,11,2,4,1,4,3,4,2,4,2,4,1,2,15,5,3,2,1,4,2,5,3,2,1,5,2,11,2,4,1,2,15,5,3,2,1,0,2,0,0,20,6,2,4,1,10,4,6,3,1,2,7,2,0,5,4,2,4,11,2,3,1,3
Seq664,11,1,4,1,5,3,4,2,4,3,3,2,2,15,3,3,2,2,4,2,5,3,3,1,4,2,11,2,4,1,2,15,4,3,2,2,0,2,0,0,20,6,2,4,1,10,3,6,3,2,2,6,2,1,5,4,2,4,11,1,3,1,4
Seq665,0,1,2,1,1,1,3,1,4,1,2,1,2,2,2,1,3,0,4,1,3,1,1,1,2,1,0,0,2,0,1,4,3,1,3,0,0,1,0,1,10,1,0,1,0,3,2,1,2,0,2,1,2,1,4,3,1,2,0,1,2,1,0
Seq666,0,1,2,1,1,1,3,1,4,1,2,1,2,2,2,1,3,0,4,1,3,1,1,1,2,1,0,0,2,0,1,4,3,1,3,0,0,1,0,1,10,1,0,1,0,3,2,1,2,0,2,1,2,1,4,3,1,2,0,1,2,1,0
Seq667,13,2,3,1,3,2,4,1,4,1,3,1,1,16,4,3,3,1,4,1,5,2,1,1,4,2,13,1,3,1,1,16,4,3,3,1,0,1,1,0,17,6,2,5,1,10,5,3,4,1,3,5,1,1,3,3,2,3,13,2,2,2,3
Seq668,11,1,5,1,2,2,5,3,5,1,3,1,3,16,4,2,3,2,5,2,6,2,1,1,5,2,11,1,3,1,3,16,4,2,3,2,0,2,0,0,20,6,2,4,1,10,4,6,3,2,2,6,2,0,6,5,3,5,11,1,2,1,1
Seq669,11,1,4,1,4,3,4,2,5,2,4,1,2,15,4,3,2,2,5,2,5,3,2,1,4,2,11,2,4,1,2,15,4,3,2,2,0,2,0,0,22,5,2,3,1,10,4,6,3,2,2,7,1,0,6,4,2,4,11,1,3,1,3
Seq670,9,6,3,4,4,4,5,1,1,3,5,4,4,9,4,4,4,0,1,2,5,4,3,4,4,5,9,3,5,4,4,9,4,4,4,0,0,4,1,3,12,8,2,7,0,19,5,2,5,2,1,3,0,0,6,8,1,8,9,1,2,1,1
Seq671,13,2,3,1,3,2,4,1,4,1,3,1,1,16,4,3,3,1,4,1,5,2,1,1,4,2,13,1,3,1,1,16,4,3,3,1,0,1,1,0,17,6,2,5,1,12,4,3,3,1,3,5,1,1,3,4,2,4,13,1,2,1,3
Seq672,13,1,4,0,3,2,5,1,4,1,2,1,0,18,4,3,3,1,4,1,6,2,1,0,5,1,13,1,2,1,0,18,4,3,3,1,0,1,1,0,17,6,2,5,1,12,4,3,3,1,3,5,1,1,3,4,2,4,13,1,2,1,3
Seq673,13,2,4,1,3,2,5,1,4,1,3,1,1,18,4,3,3,1,4,1,6,2,1,1,5,2,13,1,3,1,1,18,4,3,3,1,0,1,1,0,17,7,2,6,1,12,4,4,3,1,3,6,1,1,3,4,2,4,13,2,2,2,3
Seq674,12,2,4,2,1,0,5,0,1,0,1,2,0,10,4,3,4,3,1,1,5,0,0,2,5,1,12,0,1,2,0,10,4,3,4,3,3,4,0,3,3,5,1,4,4,11,5,2,5,1,1,2,0,0,1,5,0,4,12,2,0,2,1
Seq675,0,1,0,1,4,3,0,2,3,4,2,1,1,2,1,2,0,0,3,3,0,3,2,1,1,1,0,4,2,1,2,2,1,1,1,0,0,0,0,0,12,1,0,1,0,1,3,1,1,2,2,2,1,1,4,1,3,1,0,0,4,0,1
Seq676,1,1,0,1,3,3,0,2,3,3,3,0,1,1,2,2,1,0,4,2,0,2,2,1,1,1,1,3,3,0,1,2,2,2,1,0,0,0,0,0,12,1,0,1,0,1,3,0,1,4,2,1,1,1,4,0,3,1,1,0,3,1,1
Seq677,0,2,3,4,4,7,1,9,2,6,5,3,6,3,2,2,3,1,6,6,3,5,3,3,4,2,0,5,5,2,6,5,3,1,4,1,0,1,0,1,22,4,0,4,0,4,5,2,2,3,5,5,2,4,9,3,6,4,0,1,5,2,2
Seq678,1,3,5,4,5,3,4,3,4,6,4,3,3,5,4,3,3,0,6,1,6,2,4,3,6,3,1,3,5,3,5,6,4,2,4,0,0,2,0,2,17,5,0,5,1,4,3,3,3,3,3,3,4,6,5,5,6,7,1,1,4,3,0
Seq679,13,2,4,1,3,3,4,2,3,1,3,2,1,15,5,4,3,1,3,2,5,3,1,1,5,2,13,1,3,2,1,15,5,4,3,1,0,1,1,0,19,6,2,5,1,9,5,4,3,2,3,7,1,1,2,3,2,3,13,3,3,2,4
Seq680,11,2,4,1,3,3,5,2,4,1,3,2,1,13,6,4,4,1,4,2,6,3,1,1,5,2,11,1,3,2,1,13,6,4,4,1,0,1,1,0,23,4,2,3,1,6,6,4,3,3,4,6,1,2,3,4,2,3,11,3,3,2,4
Seq681,11,1,5,1,2,3,5,2,5,1,4,1,2,16,4,2,3,2,5,1,6,3,1,1,5,2,11,1,4,1,2,16,4,2,3,2,0,2,0,0,20,6,2,4,1,10,4,6,3,1,2,7,2,0,6,5,2,5,11,1,3,1,1
Seq682,11,1,4,1,4,3,4,2,5,2,4,1,2,15,4,3,2,2,5,2,5,3,2,1,4,2,11,2,4,1,2,15,4,3,2,2,0,2,0,0,20,6,2,4,1,10,4,6,3,2,2,7,1,0,6,5,2,5,11,0,3,0,3
Seq683,11,2,4,1,3,3,5,1,5,2,4,1,3,16,3,2,2,2,5,2,5,3,2,1,4,2,11,2,4,1,3,16,3,2,2,2,0,2,0,0,22,5,2,3,1,10,4,6,3,2,2,7,1,0,6,5,1,4,11,2,3,1,2
Seq684,0,0,1,1,6,0,0,1,1,2,1,2,1,2,0,2,0,0,1,2,0,1,2,2,1,1,0,1,1,2,2,2,0,1,1,0,0,0,0,0,10,0,0,0,0,1,1,2,1,2,1,1,1,0,2,1,2,1,0,0,1,0,3
Seq685,0,0,0,1,1,1,0,2,6,0,0,2,1,2,1,1,2,2,7,2,0,1,0,1,0,0,0,0,0,2,1,2,1,1,2,2,0,0,0,1,10,0,0,0,0,1,2,0,3,5,0,0,0,0,8,1,1,0,0,0,1,0,0
Seq686,0,1,0,1,2,3,0,3,1,2,1,3,1,1,0,3,0,0,1,3,0,3,2,1,0,1,0,1,1,3,1,2,0,3,0,0,0,1,0,1,9,0,0,0,0,1,1,0,1,2,2,1,2,1,4,0,2,1,0,0,2,1,1
Seq687,4,0,0,0,0,1,1,1,8,0,0,0,0,2,2,0,2,9,10,0,1,0,0,0,0,0,4,0,0,0,0,2,2,0,2,9,4,0,0,1,10,0,0,0,0,4,1,0,2,8,0,0,0,0,8,1,1,0,4,0,1,0,0
Seq688,3,0,1,0,0,1,1,1,8,0,0,0,0,2,2,0,2,9,10,0,1,0,0,0,1,0,3,0,0,0,0,2,2,0,2,9,3,1,0,1,10,0,0,0,0,3,2,0,2,8,0,0,0,0,8,1,1,1,3,0,1,0,0
Seq689,1,0,4,1,0,1,3,2,5,2,1,2,2,1,2,1,4,1,5,2,3,1,0,1,4,0,1,2,1,2,2,2,2,1,4,1,0,2,0,1,8,3,0,2,1,0,3,1,4,2,2,0,3,2,5,3,2,4,1,0,1,1,0
Seq690,0,0,3,1,0,2,3,2,6,1,0,3,1,3,3,1,4,1,6,1,4,1,0,1,4,0,0,1,0,3,1,3,3,1,4,1,0,0,0,1,10,3,0,3,0,1,3,1,5,2,1,0,3,1,6,3,2,3,0,0,2,1,0
Seq691,0,1,2,1,1,3,3,2,4,2,2,3,2,0,2,2,2,1,4,2,3,3,1,1,2,1,0,2,2,3,2,1,2,2,2,1,0,1,0,2,10,2,0,2,0,3,2,0,3,5,2,0,2,0,6,3,2,3,0,0,2,1,0
Seq692,1,0,3,1,0,2,3,2,5,1,2,3,2,1,2,2,2,1,5,2,3,2,0,1,3,0,1,1,2,3,2,2,2,2,2,1,0,0,1,2,9,2,0,3,0,1,0,2,3,5,1,0,4,1,5,3,2,3,1,0,2,1,0
Seq693,0,0,2,1,7,2,1,3,1,4,3,1,2,1,2,2,1,1,2,4,1,3,4,1,2,0,0,4,2,1,1,3,2,2,1,1,0,1,0,1,15,0,0,0,0,1,3,2,3,2,2,2,2,0,5,1,3,2,0,0,2,1,3
Seq694,5,2,1,3,1,1,1,1,1,3,3,2,4,0,1,0,2,0,1,1,1,1,1,3,1,2,5,3,2,2,3,3,1,0,2,0,0,1,1,1,7,2,2,1,1,2,1,3,0,1,1,4,0,4,3,2,1,2,5,1,0,2,0
Seq695,1,0,4,1,0,1,4,1,5,1,1,3,1,3,2,2,2,1,5,1,4,1,0,1,4,0,1,1,1,3,1,4,2,2,2,1,0,0,1,2,7,3,0,4,0,3,1,2,4,1,1,0,4,1,5,4,1,4,1,0,1,1,0
Seq696,7,0,6,3,0,2,2,5,1,0,2,3,5,0,2,0,6,8,1,5,2,2,0,3,6,0,7,0,2,3,5,0,2,0,6,8,7,6,0,5,8,0,0,0,0,10,8,0,7,1,0,0,0,0,8,5,0,6,7,0,0,0,0
Seq697,7,0,7,1,0,0,5,1,5,0,0,1,0,1,5,1,5,13,5,1,5,0,0,1,7,0,7,0,0,1,0,1,5,1,5,13,7,7,0,6,6,0,0,0,0,11,7,0,6,2,0,0,0,0,6,6,0,7,7,0,0,0,0
Seq698,2,3,2,2,4,5,4,4,5,3,4,4,5,4,3,3,4,1,6,4,4,5,3,2,2,3,2,3,4,4,5,4,3,3,4,1,0,3,0,3,21,2,0,1,1,1,5,4,7,5,2,3,3,1,6,4,5,3,2,2,5,2,2
Seq699,7,6,1,0,0,10,8,4,0,0,10,0,3,0,8,7,1,7,0,4,8,10,0,0,1,6,7,0,10,0,3,0,8,7,1,7,7,7,0,8,14,0,0,0,0,13,11,0,12,0,0,0,0,0,14,8,0,7,7,0,0,0,0
Seq700,6,5,6,6,4,4,5,5,3,8,7,1,4,10,6,4,2,2,4,3,7,4,4,4,6,5,7,6,7,1,5,11,6,3,3,2,1,2,0,2,27,5,1,4,2,6,4,6,1,2,7,10,4,4,5,6,6,8,6,3,4,5,1
Seq701,9,5,5,4,5,5,6,4,2,5,9,1,9,12,4,1,4,0,2,4,6,5,5,4,5,5,9,5,9,1,9,12,4,1,4,0,0,4,0,4,33,2,0,2,0,11,6,6,5,3,4,7,3,0,7,9,2,8,9,2,3,1,4
Seq702,14,4,6,4,4,3,6,3,1,5,7,1,8,17,3,0,4,0,1,3,6,3,4,4,6,4,14,5,7,1,8,17,3,0,4,0,0,1,2,3,33,2,0,3,1,7,5,8,3,2,5,10,3,2,2,8,2,6,14,4,4,2,3
Seq703,8,6,6,4,4,5,8,3,4,5,7,2,5,4,6,4,4,7,4,3,8,5,4,4,6,6,8,2,6,2,5,11,7,3,6,6,5,5,1,6,28,1,0,2,0,9,7,5,9,4,2,4,4,4,6,8,4,8,8,4,4,4,2
Seq704,6,4,6,5,3,9,6,9,7,3,12,3,13,12,5,1,6,0,8,8,7,7,3,5,8,3,6,3,11,3,12,14,5,1,6,0,0,5,0,5,35,5,1,4,0,9,7,6,3,3,9,10,5,3,11,7,9,9,6,1,6,4,2
Seq705,11,5,11,6,5,4,11,4,2,6,7,5,10,18,2,1,6,4,3,4,12,3,4,5,13,3,12,4,8,4,11,18,3,1,6,4,0,5,2,5,25,10,2,9,1,10,6,9,4,2,7,12,5,4,6,14,2,12,11,4,4,3,3
Seq706,12,7,11,5,2,5,12,3,3,4,5,5,8,11,9,2,11,5,4,2,13,4,1,5,12,7,12,4,4,5,7,13,9,2,11,5,4,8,1,9,22,5,0,7,4,34,5,6,6,2,0,5,1,1,7,16,2,15,12,3,3,1,1
Seq707,6,3,8,1,1,4,10,1,1,0,5,2,6,9,4,0,6,3,2,1,11,4,0,0,9,2,6,0,5,2,6,9,4,0,6,3,2,2,1,3,10,7,0,8,2,15,3,3,3,3,2,4,2,0,2,9,1,8,6,3,3,2,1
Seq708,1,1,5,1,5,4,5,4,3,5,2,2,3,1,3,1,3,4,3,4,5,3,4,2,6,1,1,2,3,2,4,6,4,1,4,3,0,4,0,5,20,0,0,0,0,1,7,0,6,3,4,2,3,3,9,6,3,6,1,0,3,0,1
Seq709,4,1,1,3,6,1,0,3,2,2,0,5,1,0,1,4,3,4,4,3,1,2,2,2,1,1,5,1,0,4,2,0,3,2,5,4,1,3,0,3,12,1,0,1,0,2,0,3,3,7,1,1,3,1,2,0,4,1,4,1,2,3,4
Seq710,11,1,4,1,4,3,4,2,5,2,4,1,2,15,4,3,2,2,5,2,5,3,2,1,4,2,11,2,4,1,2,15,4,3,2,2,0,2,0,0,20,6,2,4,1,10,4,6,3,2,2,7,1,0,6,4,2,4,11,1,3,1,3
Seq711,4,8,5,10,3,5,3,7,1,6,9,6,10,3,2,5,3,2,1,7,3,4,3,9,6,6,7,2,6,6,9,11,2,3,5,2,0,1,1,2,31,5,0,6,0,3,3,6,0,1,8,9,5,11,7,5,5,6,4,7,4,8,0
Seq712,14,3,4,3,1,2,5,1,2,0,2,4,3,13,4,2,6,1,3,1,6,2,0,2,5,2,14,0,2,4,3,13,4,2,6,1,0,3,2,2,10,8,3,6,1,11,4,5,6,3,0,4,2,0,2,5,1,4,14,3,2,3,1
