ID,PAAC1_A,PAAC1_C,PAAC1_D,PAAC1_E,PAAC1_F,PAAC1_G,PAAC1_H,PAAC1_I,PAAC1_K,PAAC1_L,PAAC1_M,PAAC1_N,PAAC1_P,PAAC1_Q,PAAC1_R,PAAC1_S,PAAC1_T,PAAC1_V,PAAC1_W,PAAC1_Y,PAAC1_lam1
Seq1,1.7542,0.0,0.8771,0.0,0.0,2.6313,0.0,0.0,0.0,0.0,0.0,1.7542,0.8771,1.7542,3.5083,0.0,0.0,1.7542,0.0,0.0,0.1229
Seq2,0.8476,0.0,0.0,0.0,0.0,0.0,0.8476,1.6953,0.0,0.8476,1.6953,0.0,0.0,0.8476,2.5429,0.0,0.8476,0.0,0.0,0.0,0.1524
Seq3,0.0,0.0,0.9372,0.0,0.0,0.9372,0.0,0.0,0.0,0.0,0.0,0.9372,0.9372,0.9372,0.9372,0.9372,0.0,0.9372,0.0,0.0,0.0628
Seq4,0.0,0.0,0.8873,0.0,0.0,1.7747,0.0,0.0,0.0,0.0,0.0,1.7747,0.8873,0.8873,1.7747,0.0,0.0,1.7747,0.0,0.0,0.1127
Seq5,1.7461,0.0,0.873,0.0,0.0,2.6191,0.0,0.873,0.0,0.0,0.0,0.873,0.873,1.7461,3.4922,0.873,0.0,0.873,0.0,0.0,0.127
Seq6,2.6998,0.8999,0.0,0.8999,0.8999,0.8999,0.0,0.8999,0.8999,0.0,0.0,0.0,0.0,0.8999,0.0,0.0,0.0,0.0,0.8999,0.0,0.1001
Seq7,1.7864,0.8932,0.0,0.8932,0.8932,1.7864,0.0,0.8932,0.8932,0.0,0.0,0.0,0.0,0.8932,0.0,0.0,0.0,0.0,0.8932,0.0,0.1068
Seq8,2.636,0.8787,0.0,0.8787,0.8787,0.8787,0.0,0.8787,0.8787,0.0,0.0,0.0,0.0,0.0,0.0,0.0,0.0,0.0,1.7573,0.0,0.1213
Seq9,2.705,0.9017,0.0,0.0,0.9017,0.9017,0.0,0.9017,0.9017,0.0,0.0,0.0,0.0,0.9017,0.0,0.0,0.0,0.0,1.8033,0.0,0.0983
Seq10,1.7663,0.8832,0.0,0.8832,0.8832,0.8832,0.0,0.8832,0.0,0.0,0.0,0.0,0.0,0.8832,0.8832,0.0,0.0,0.0,1.7663,0.0,0.1168
Seq11,2.5961,0.0,0.0,0.0,0.0,0.8654,0.0,0.0,0.8654,2.5961,0.0,0.0,0.0,0.0,0.8654,0.0,0.8654,0.0,0.8654,0.8654,0.1346
Seq12,2.629,0.0,0.0,0.0,0.8763,0.8763,0.0,0.0,0.8763,1.7527,0.0,0.0,0.0,0.0,0.8763,0.0,0.8763,0.0,0.8763,0.8763,0.1237
Seq13,2.6475,0.0,0.0,0.0,0.8825,0.8825,0.0,0.0,0.8825,1.765,0.0,0.0,0.0,0.0,0.8825,0.0,0.8825,0.0,0.8825,0.8825,0.1175
Seq14,2.6397,0.0,0.0,0.0,0.8799,0.8799,0.0,0.0,0.8799,2.6397,0.0,0.0,0.0,0.0,0.8799,0.0,0.8799,0.0,0.0,0.8799,0.1201
Seq15,1.7594,0.0,0.0,0.0,0.8797,0.8797,0.0,0.0,0.8797,3.5188,0.0,0.0,0.0,0.0,0.8797,0.0,0.8797,0.0,0.0,0.8797,0.1203
Seq16,0.0,0.0,0.0,0.0,0.0,1.6312,0.0,0.8156,0.0,0.0,0.0,0.0,0.0,0.0,3.2625,0.0,0.0,0.0,0.0,0.8156,0.1844
Seq17,0.0,0.0,0.8807,0.0,0.0,1.7615,0.0,0.8807,0.0,0.0,0.0,0.8807,0.8807,0.8807,1.7615,0.8807,0.0,0.8807,0.0,0.0,0.1193
Seq18,1.9111,0.0,0.9556,0.0,0.0,0.9556,0.0,0.0,0.0,0.9556,0.0,0.9556,0.0,0.0,0.0,0.0,0.0,1.9111,0.0,0.0,0.0444
Seq19,2.8827,0.0,0.9609,0.0,0.0,0.9609,0.0,0.0,0.0,0.9609,0.0,0.9609,0.0,0.0,0.0,0.0,0.0,1.9218,0.0,0.0,0.0391
Seq20,0.9398,0.0,0.0,1.8795,0.9398,1.8795,0.0,0.0,0.9398,1.8795,0.0,0.9398,1.8795,0.9398,0.0,0.9398,1.8795,3.759,0.0,0.0,0.0602
Seq21,0.9476,0.0,0.0,0.9476,0.9476,0.0,0.0,3.7904,0.0,0.0,0.9476,2.8428,0.9476,0.0,0.0,2.8428,3.7904,0.9476,0.0,0.0,0.0524
Seq22,2.675,0.0,0.0,0.8917,0.8917,0.8917,0.0,0.8917,0.8917,0.0,0.0,0.0,0.0,0.8917,0.0,0.0,0.0,0.0,1.7834,0.0,0.1083
Seq23,1.7874,0.0,0.0,0.0,2.681,0.8937,0.0,2.681,0.8937,2.681,0.0,1.7874,0.8937,0.0,0.8937,0.8937,1.7874,0.0,0.0,0.0,0.1063
Seq24,0.0,0.0,0.0,0.0,0.0,0.0,0.0,0.8609,0.0,0.8609,2.5826,0.0,0.0,0.8609,1.7217,0.0,0.8609,0.0,0.0,0.0,0.1391
Seq25,0.0,1.8582,0.0,0.0,0.9291,0.0,0.0,0.0,0.9291,0.9291,0.0,0.0,0.9291,0.9291,0.0,0.0,0.9291,0.9291,0.0,0.0,0.0709
Seq26,0.9283,0.9283,0.0,0.0,2.7848,0.9283,0.0,0.0,1.8565,0.9283,0.0,0.9283,0.0,0.0,0.0,2.7848,2.7848,1.8565,0.0,1.8565,0.0717
Seq27,0.9463,0.0,0.0,0.9463,0.9463,1.8926,0.0,1.8926,0.9463,0.9463,0.0,2.8389,0.0,3.7852,0.0,0.0,0.9463,1.8926,0.0,0.9463,0.0537
Seq28,0.9283,0.9283,0.9283,0.0,0.9283,1.8566,0.0,0.9283,0.0,1.8566,0.0,1.8566,1.8566,0.0,0.0,0.9283,1.8566,0.0,0.9283,2.785,0.0717
Seq29,3.6108,0.0,0.9027,0.9027,0.9027,1.8054,0.9027,0.9027,0.0,3.6108,0.0,0.0,0.0,0.0,0.9027,0.0,1.8054,0.9027,0.0,0.9027,0.0973
Seq30,3.533,0.0,0.0,0.0,0.8832,0.8832,0.8832,0.8832,0.0,2.6497,0.0,0.8832,0.0,0.0,1.7665,0.8832,1.7665,0.0,0.8832,0.8832,0.1168
Seq31,3.666,0.0,0.0,0.9165,0.9165,1.833,0.0,0.0,1.833,2.7495,0.0,0.0,0.0,0.9165,0.0,0.0,1.833,0.0,0.0,0.9165,0.0835
Seq32,2.715,0.905,0.0,0.905,0.0,0.905,0.0,0.905,0.905,0.0,0.0,0.0,0.0,0.905,0.0,0.0,0.0,0.0,1.81,0.0,0.095
Seq33,0.0,0.0,0.9389,0.0,1.8777,0.0,0.9389,0.0,2.8166,0.0,0.0,2.8166,2.8166,1.8777,0.9389,0.9389,0.0,0.0,0.0,0.0,0.0611
Seq34,0.0,0.0,0.0,1.8529,0.0,0.0,0.0,2.7794,2.7794,0.9265,0.0,0.9265,0.0,1.8529,0.0,0.0,0.0,0.9265,0.0,0.9265,0.0735
Seq35,0.0,0.9381,0.0,0.9381,1.8762,0.9381,1.8762,0.0,0.9381,0.9381,0.0,0.0,0.9381,2.8143,0.0,2.8143,0.9381,0.0,0.0,2.8143,0.0619
Seq36,0.0,0.0,0.9235,0.9235,3.6941,0.0,0.9235,0.0,1.847,0.0,0.0,2.7705,3.6941,0.0,0.0,0.9235,0.0,1.847,0.0,0.0,0.0765
Seq37,0.0,0.0,0.0,8.9703,0.0,0.0,0.0,4.4851,8.9703,0.0,0.0,0.0,0.0,0.0,0.0,0.0,4.4851,0.0,0.0,4.4851,0.10300000000000001
Seq38,0.0,0.0,0.0,0.0,0.9607,1.9215,0.9607,0.0,0.0,1.9215,0.0,0.0,1.9215,0.0,0.0,0.0,0.0,0.9607,0.0,0.9607,0.0393
Seq39,0.0,0.0,0.0,0.0,0.0,0.0,0.0,2.687,0.8957,1.7913,0.0,0.8957,0.8957,0.8957,0.8957,0.0,0.0,0.0,0.0,1.7913,0.1043
Seq40,0.0,0.8747,0.0,0.0,1.7494,1.7494,1.7494,3.4988,0.0,0.0,0.0,0.0,0.0,0.8747,1.7494,0.8747,0.0,0.0,0.0,0.0,0.1253
Seq41,5.443,0.0,2.7215,1.8143,0.9072,0.9072,0.0,0.0,3.6287,3.6287,0.0,0.9072,0.0,1.8143,1.8143,2.7215,0.9072,0.0,1.8143,0.9072,0.0928
Seq42,0.0,0.0,0.8644,0.0,0.0,2.5931,0.0,0.0,0.0,0.0,0.0,1.7287,0.8644,0.8644,3.4574,0.0,0.0,1.7287,0.0,0.0,0.1356
Seq43,2.6451,0.0,0.0,0.0,0.8817,0.8817,0.0,0.0,0.8817,2.6451,0.0,0.0,0.0,0.0,0.8817,0.0,0.8817,0.0,0.8817,0.0,0.1183
Seq44,0.0,0.0,0.9261,0.9261,2.7782,0.0,0.9261,0.0,2.7782,0.0,0.0,3.7043,2.7782,1.8521,0.9261,0.9261,0.0,0.9261,0.0,0.0,0.0739
Seq45,0.0,0.0,0.0,0.0,0.9002,0.9002,2.7007,1.8005,0.0,1.8005,0.0,0.0,0.9002,0.9002,0.9002,0.9002,0.0,0.0,0.9002,0.9002,0.0998
Seq46,1.7599,0.0,0.0,0.0,0.88,0.88,0.0,0.0,0.88,2.6399,0.0,0.0,0.0,0.0,0.88,0.88,0.88,0.0,0.88,0.0,0.12
Seq47,0.932,3.7281,0.0,0.0,0.0,0.932,0.0,2.7961,4.6601,0.0,0.0,2.7961,2.7961,0.0,0.932,1.864,0.932,0.0,0.932,0.0,0.068
Seq48,0.9358,3.7433,0.0,0.0,0.0,0.9358,0.0,2.8075,4.6791,0.0,0.0,2.8075,3.7433,0.0,0.9358,1.8716,0.9358,0.9358,0.9358,0.0,0.0642
Seq49,0.8904,0.0,0.0,0.0,0.0,0.0,0.0,2.6712,0.8904,0.8904,0.8904,0.8904,0.0,0.8904,0.8904,0.0,0.0,0.0,0.0,1.7808,0.1096
Seq50,0.9016,4.5078,1.8031,0.0,1.8031,3.6062,1.8031,0.9016,2.7047,1.8031,0.0,0.9016,1.8031,0.0,0.9016,0.9016,0.0,0.0,0.0,1.8031,0.0984
Seq51,0.9355,3.7421,0.0,0.0,0.0,1.871,0.9355,0.0,0.0,0.9355,0.0,0.0,0.0,0.0,0.9355,0.9355,0.0,0.0,0.0,0.9355,0.0645
Seq52,0.0,0.0,0.8595,0.0,0.0,2.5786,0.0,0.8595,0.0,0.0,0.0,0.8595,0.8595,0.8595,3.4381,0.8595,0.0,0.8595,0.0,0.0,0.1405
Seq53,0.8619,0.0,0.0,0.0,0.0,0.0,0.8619,0.8619,0.0,0.8619,2.5858,0.0,0.0,0.8619,2.5858,0.0,0.8619,0.0,0.0,0.0,0.1381
Seq54,1.7225,0.0,0.8612,0.8612,0.0,1.7225,0.0,2.5837,0.0,0.0,0.0,0.0,0.0,0.0,0.8612,0.0,1.7225,0.8612,0.8612,0.8612,0.1388
Seq55,3.816,0.0,0.0,0.954,0.0,0.0,0.0,0.954,0.0,0.0,0.954,0.954,0.0,0.954,0.0,0.954,2.862,0.954,0.0,0.0,0.046
Seq56,0.0,0.0,0.0,0.0,0.0,2.6129,0.0,2.6129,1.7419,0.871,0.0,0.0,0.0,0.0,1.7419,1.7419,0.0,2.6129,0.0,0.0,0.129
Seq57,0.0,0.9239,0.0,0.9239,1.8477,0.9239,1.8477,0.0,1.8477,0.9239,0.0,0.0,0.9239,2.7716,0.9239,3.6954,0.9239,0.0,0.9239,2.7716,0.0761
Seq58,2.8511,0.0,0.0,0.9504,0.0,0.0,0.0,0.9504,0.0,0.0,0.9504,0.9504,0.0,0.9504,0.0,0.9504,2.8511,0.9504,0.0,0.0,0.0496
Seq59,0.8516,0.0,0.0,0.0,0.0,0.0,0.8516,1.7032,0.0,0.8516,1.7032,0.0,0.0,0.8516,2.5548,0.0,0.8516,0.0,0.0,0.0,0.1484
Seq60,0.0,0.0,0.0,0.0,0.0,0.0,0.0,1.7792,0.0,1.7792,0.8896,0.0,0.0,0.8896,0.8896,0.0,0.0,0.0,0.0,0.8896,0.1104
Seq61,0.0,0.0,0.0,2.7828,0.0,0.0,0.0,2.7828,1.8552,1.8552,0.0,0.0,0.0,1.8552,0.0,1.8552,0.0,0.9276,0.0,0.0,0.0724
Seq62,1.8147,0.0,0.0,0.9074,0.0,1.8147,0.9074,1.8147,3.6294,0.9074,0.0,0.9074,0.9074,0.0,0.0,0.0,0.0,1.8147,0.9074,0.9074,0.0926
Seq63,0.9318,0.0,0.9318,2.7955,0.0,0.0,0.0,2.7955,0.0,1.8636,0.0,0.9318,0.9318,4.6591,0.0,1.8636,0.0,0.9318,0.0,0.0,0.0682
Seq64,2.6366,0.0,0.0,0.0,0.8789,0.0,0.0,0.0,0.8789,2.6366,0.0,0.0,0.0,0.0,0.8789,0.0,0.8789,0.0,0.8789,0.8789,0.1211
Seq65,9.7271,0.0,0.0,0.0,0.0,0.0,0.0,0.0,7.9585,0.0,0.0,0.0,0.0,0.0,0.0,0.0,0.0,0.0,0.8843,0.0,0.1157
Seq66,0.0,0.0,0.8884,8.8842,0.0,0.0,0.0,4.4421,7.1074,0.0,0.8884,0.0,0.0,0.0,0.8884,0.0,3.5537,0.8884,0.8884,3.5537,0.1116
Seq67,2.6007,0.0,0.0,0.0,0.8669,0.8669,0.0,0.0,0.8669,1.7338,0.0,0.0,0.0,0.0,0.8669,0.0,0.8669,0.0,0.8669,0.8669,0.1331
Seq68,2.7119,0.0,0.0,0.0,0.904,0.904,0.0,0.0,0.0,2.7119,0.0,0.0,0.0,0.0,0.904,0.0,0.904,0.0,0.904,0.904,0.096
Seq69,3.7715,0.0,0.0,0.9429,0.0,0.0,0.0,0.9429,0.0,0.0,1.8857,0.9429,0.0,0.9429,0.0,0.9429,1.8857,0.9429,0.0,0.0,0.0571
Seq70,2.7027,0.0,3.6036,1.8018,0.0,2.7027,0.9009,2.7027,0.9009,5.4054,0.0,1.8018,2.7027,0.0,1.8018,0.9009,0.9009,1.8018,0.0,0.9009,0.0991
Seq71,3.6044,0.0,3.6044,1.8022,0.0,1.8022,0.9011,2.7033,0.9011,5.4066,0.0,1.8022,1.8022,0.9011,1.8022,0.9011,0.9011,1.8022,0.0,0.9011,0.0989
Seq72,3.5982,0.0,2.6987,1.7991,0.0,1.7991,0.8996,2.6987,1.7991,5.3973,0.0,1.7991,1.7991,0.8996,1.7991,0.8996,0.8996,1.7991,0.0,0.8996,0.1004
Seq73,1.8351,0.0,3.6703,3.6703,0.0,0.0,0.0,3.6703,2.7527,3.6703,0.0,3.6703,1.8351,0.0,0.0,3.6703,1.8351,0.9176,0.0,0.9176,0.0824
Seq74,1.825,0.0,3.6499,3.6499,0.0,0.0,0.0,3.6499,2.7375,3.6499,0.0,3.6499,1.825,0.0,0.0,3.6499,1.825,0.9125,0.9125,0.0,0.0875
Seq75,1.8194,0.0,3.6388,3.6388,0.0,0.0,0.0,4.5485,2.7291,3.6388,0.0,3.6388,1.8194,0.0,0.0,3.6388,0.9097,0.9097,0.9097,0.0,0.0903
Seq76,1.8004,0.0,3.6008,3.6008,0.0,0.0,0.0,4.5011,2.7006,3.6008,0.0,3.6008,0.9002,0.0,0.9002,3.6008,0.9002,0.9002,0.9002,0.0,0.0998
Seq77,1.8022,0.0,3.6044,3.6044,0.0,0.0,0.0,4.5055,2.7033,3.6044,0.0,2.7033,0.9011,0.0,1.8022,3.6044,0.9011,0.9011,0.9011,0.0,0.0989
Seq78,1.8409,0.0,3.6818,1.8409,3.6818,0.0,0.0,2.7613,1.8409,1.8409,0.0,2.7613,1.8409,1.8409,0.9204,4.6022,0.0,1.8409,0.0,0.9204,0.0796
Seq79,0.9094,0.0,0.0,9.0941,0.0,0.0,0.0,3.6376,9.0941,3.6376,0.0,2.7282,0.0,1.8188,0.0,0.0,0.0,0.9094,0.0,0.0,0.0906
Seq80,2.6535,0.0,1.769,1.769,1.769,0.0,0.0,0.0,3.538,1.769,0.0,0.0,0.0,0.0,0.0,0.0,0.0,0.8845,0.8845,0.8845,0.1155
Seq81,2.6622,0.0,1.7748,1.7748,1.7748,0.0,0.0,0.0,3.5496,1.7748,0.0,0.0,0.0,0.0,0.0,0.0,0.0,0.8874,0.8874,0.8874,0.1126
Seq82,0.0,0.0,0.0,0.0,1.8973,0.0,0.0,0.0,0.9486,0.9486,0.9486,0.9486,0.9486,0.0,0.0,0.0,0.0,0.9486,0.0,0.0,0.0514
Seq83,2.8901,0.0,0.0,0.0,0.0,0.0,0.0,0.0,0.0,0.0,0.9634,0.9634,0.0,0.9634,0.0,0.9634,0.9634,0.9634,0.0,0.0,0.0366
Seq84,2.6371,0.0,0.0,0.0,0.879,0.879,0.0,0.0,0.879,2.6371,0.0,0.0,0.0,0.0,0.879,0.0,0.0,0.0,0.879,0.879,0.121
Seq85,1.8239,0.0,0.0,1.8239,2.7358,0.0,0.0,1.8239,1.8239,0.0,0.9119,0.9119,3.6478,0.0,0.0,0.9119,0.0,1.8239,0.0,0.0,0.0881
Seq86,1.847,0.0,0.0,0.9235,2.7705,0.0,0.0,1.847,1.847,0.9235,0.9235,0.9235,3.694,0.0,0.0,0.9235,0.0,1.847,0.0,0.0,0.0765
Seq87,1.831,0.0,0.0,1.831,1.831,0.0,0.0,1.831,1.831,0.9155,0.9155,0.9155,3.662,0.0,0.0,0.9155,0.0,1.831,0.0,0.0,0.0845
Seq88,1.8078,0.0,0.0,1.8078,2.7117,0.0,0.0,1.8078,1.8078,0.9039,0.9039,0.9039,3.6156,0.0,0.0,0.9039,0.0,0.9039,0.0,0.0,0.0961
Seq89,1.8244,0.0,0.0,1.8244,1.8244,0.0,0.0,1.8244,1.8244,0.9122,0.9122,0.9122,3.6488,0.0,0.0,0.9122,0.0,1.8244,0.0,0.0,0.0878
Seq90,1.8388,0.0,2.7581,1.8388,3.6775,0.0,0.0,3.6775,1.8388,1.8388,0.0,2.7581,1.8388,1.8388,0.9194,4.5969,0.0,1.8388,0.0,0.9194,0.0806
Seq91,1.8436,0.0,2.7654,1.8436,3.6872,0.0,0.0,4.609,1.8436,1.8436,0.0,2.7654,1.8436,1.8436,0.9218,3.6872,0.0,1.8436,0.0,0.9218,0.0782
Seq92,2.6884,0.0,2.6884,2.6884,0.0,2.6884,0.8961,2.6884,1.7923,6.273,0.0,1.7923,1.7923,0.0,1.7923,0.8961,0.8961,0.8961,0.0,0.8961,0.1039
Seq93,2.71,0.9033,0.0,0.9033,0.9033,0.0,0.0,0.9033,0.9033,0.0,0.0,0.0,0.0,0.9033,0.0,0.0,0.0,0.0,1.8067,0.0,0.0967
Seq94,0.8532,0.0,0.0,0.0,0.0,0.0,0.8532,1.7064,0.0,0.8532,2.5596,0.0,0.0,0.8532,2.5596,0.0,0.0,0.0,0.0,0.0,0.1468
Seq95,3.4103,0.0,0.0,0.0,0.0,1.7051,0.0,0.0,0.8526,0.0,0.0,0.0,0.0,0.0,1.7051,0.8526,0.0,1.7051,1.7051,0.8526,0.1474
Seq96,2.6996,0.0,2.6996,2.6996,0.0,1.7997,0.8999,2.6996,1.7997,5.3991,0.0,1.7997,1.7997,0.8999,1.7997,0.8999,0.8999,1.7997,0.0,0.8999,0.1001
Seq97,0.9225,0.0,0.0,1.8449,0.9225,2.7674,0.9225,2.7674,1.8449,2.7674,0.9225,1.8449,2.7674,0.0,2.7674,0.0,0.0,0.9225,0.0,2.7674,0.0775
Seq98,0.928,3.7121,0.0,0.928,3.7121,0.928,0.928,2.784,4.6401,0.0,0.0,3.7121,3.7121,0.0,0.928,1.856,0.928,1.856,0.928,0.0,0.07200000000000001
Seq99,1.8027,0.9013,0.0,1.8027,0.9013,0.0,1.8027,0.0,0.9013,3.6054,0.0,0.0,2.704,0.0,1.8027,0.9013,0.0,0.9013,0.0,0.9013,0.0987
Seq100,0.0,0.0,0.0,1.843,0.0,0.9215,0.0,0.0,0.0,2.7645,0.0,0.0,0.0,0.9215,0.0,0.0,0.0,0.0,0.0,0.9215,0.0785
Seq101,0.9282,0.0,1.8564,0.9282,0.9282,0.0,0.0,1.8564,0.0,1.8564,0.9282,0.9282,0.9282,0.0,0.0,2.7846,0.0,0.0,0.0,0.0,0.0718
Seq102,1.8025,0.0,2.7038,3.6051,0.0,0.0,0.0,3.6051,2.7038,3.6051,0.0,3.6051,0.9013,0.0,1.8025,4.5063,0.9013,0.9013,0.9013,0.0,0.0987
Seq103,0.0,0.9578,0.0,0.0,0.9578,0.0,0.0,1.9157,0.0,1.9157,0.9578,2.8735,0.9578,0.9578,0.0,2.8735,0.0,0.0,0.0,0.0,0.0422
Seq104,0.8855,0.0,0.0,0.0,0.0,0.0,0.0,2.6564,0.8855,1.7709,0.0,0.8855,0.0,0.8855,0.8855,0.0,0.0,0.0,0.0,1.7709,0.1145
Seq105,3.6561,0.0,0.0,0.0,0.0,0.0,0.0,1.8281,2.7421,3.6561,0.0,0.914,0.0,0.0,0.0,0.0,0.0,0.0,0.0,0.0,0.086
Seq106,1.8589,0.9294,0.0,2.7883,0.0,0.0,0.9294,0.0,0.9294,0.9294,0.0,0.9294,0.9294,0.0,0.0,0.9294,1.8589,0.9294,0.0,0.0,0.0706
Seq107,0.9021,0.0,0.9021,0.9021,0.9021,0.9021,0.0,2.7064,1.8043,0.9021,0.0,0.0,0.0,0.0,0.0,0.9021,0.0,0.0,0.9021,0.0,0.0979
Seq108,0.891,0.0,0.891,0.891,0.891,0.891,0.0,2.6731,1.7821,0.891,0.0,0.0,0.0,0.0,0.0,0.891,0.0,0.0,0.891,0.0,0.109
Seq109,0.0,0.0,0.8485,0.0,0.8485,0.0,0.0,1.697,1.697,0.8485,0.0,0.0,0.0,0.8485,2.5456,0.0,0.0,0.8485,0.0,0.0,0.1515
Seq110,1.8012,0.0,2.7018,3.6024,0.0,0.0,0.0,4.503,2.7018,3.6024,0.0,2.7018,0.9006,0.0,1.8012,4.503,0.9006,0.9006,0.9006,0.0,0.0994
Seq111,2.7376,0.9125,0.0,0.9125,0.9125,0.9125,0.0,0.9125,0.0,0.0,0.0,0.0,0.0,0.9125,0.0,0.0,0.0,0.0,1.8251,0.0,0.0875
Seq112,1.878,0.939,2.817,0.0,0.0,0.0,0.939,0.939,0.0,0.939,0.0,0.939,0.939,1.878,0.0,0.939,2.817,1.878,0.0,0.939,0.061
Seq113,0.853,0.0,0.0,0.0,0.853,0.853,0.0,0.853,0.853,1.7061,0.0,0.0,0.853,0.0,2.5591,0.0,1.7061,0.853,0.0,0.0,0.147
Seq114,0.9258,0.9258,2.7775,0.9258,0.9258,0.9258,0.0,0.9258,0.9258,0.9258,0.9258,0.9258,0.9258,0.0,0.0,0.0,3.7034,0.9258,0.0,0.9258,0.0742
Seq115,0.9409,0.9409,0.9409,0.0,0.0,0.0,1.8818,0.9409,0.0,0.0,0.0,0.9409,0.0,0.0,0.9409,0.0,2.8227,0.0,0.9409,0.0,0.0591
Seq116,0.0,0.0,0.8427,0.0,1.6854,0.0,0.0,1.6854,1.6854,0.8427,0.0,0.0,0.0,0.8427,2.5281,0.0,0.0,0.8427,0.0,0.0,0.1573
Seq117,0.848,0.0,0.0,0.0,0.0,0.0,0.848,1.696,0.0,0.848,1.696,0.0,0.0,0.848,2.5441,0.0,0.848,0.0,0.0,0.0,0.152
Seq118,0.8412,0.0,0.0,0.0,0.0,0.0,0.0,1.6825,0.0,0.8412,2.5237,0.0,0.0,0.8412,2.5237,0.0,0.8412,0.0,0.0,0.0,0.1588
Seq119,0.0,0.0,0.0,0.0,0.0,0.0,0.8559,1.7118,0.0,0.8559,2.5677,0.0,0.0,0.8559,2.5677,0.0,0.8559,0.0,0.0,0.0,0.1441
Seq120,0.8488,0.0,0.0,0.0,0.0,0.0,0.8488,1.6976,0.0,0.0,2.5464,0.0,0.0,0.8488,2.5464,0.0,0.8488,0.0,0.0,0.0,0.1512
Seq121,0.0,0.0,1.7456,0.0,0.0,0.0,0.0,0.0,0.8728,0.0,0.8728,0.8728,4.364,0.0,2.6184,0.0,0.0,0.8728,0.0,0.8728,0.1272
Seq122,0.8369,0.0,0.8369,0.8369,0.0,0.0,0.0,0.8369,0.0,0.0,0.0,0.0,0.0,0.0,0.8369,0.0,0.0,0.8369,1.6739,0.0,0.1631
Seq123,0.814,0.0,0.814,0.814,0.0,0.0,0.0,0.814,0.0,0.0,0.0,0.0,0.0,0.0,0.814,0.0,0.0,0.814,1.6279,0.0,0.18600000000000003
Seq124,3.454,0.0,0.0,0.0,0.0,1.727,0.0,0.0,0.8635,0.0,0.0,0.0,0.8635,0.0,1.727,0.8635,0.0,1.727,0.8635,0.8635,0.1365
Seq125,0.0,0.0,0.0,0.0,0.8855,0.8855,0.8855,0.0,0.8855,0.8855,0.8855,0.0,2.6565,0.0,1.771,0.8855,0.0,0.0,0.0,0.0,0.1145
Seq126,0.875,0.0,0.875,0.0,1.7499,0.875,0.0,0.0,0.0,1.7499,0.0,0.0,1.7499,1.7499,2.6249,0.0,0.0,0.0,0.875,0.0,0.125
Seq127,0.0,0.9112,2.7337,0.9112,0.9112,0.0,0.0,2.7337,0.0,1.8225,0.9112,0.9112,0.9112,0.0,0.0,2.7337,0.9112,0.9112,0.0,0.0,0.0888
Seq128,0.9264,0.0,2.7792,0.9264,0.9264,0.0,0.0,2.7792,0.0,1.8528,0.9264,0.9264,0.9264,0.0,0.0,2.7792,0.9264,0.9264,0.0,0.0,0.0736
Seq129,0.0,0.9426,0.9426,0.0,0.9426,0.0,0.0,1.8853,0.0,0.9426,0.9426,0.0,0.0,0.0,0.0,0.9426,0.9426,0.9426,0.0,0.0,0.0574
Seq130,0.0,0.9368,1.8735,0.0,0.9368,0.0,0.0,1.8735,0.0,0.9368,0.9368,0.0,0.9368,0.0,0.0,1.8735,0.9368,0.9368,0.0,0.0,0.0632
Seq131,0.0,0.9208,1.8416,0.9208,0.9208,0.0,0.0,1.8416,0.0,0.9208,0.0,0.9208,0.9208,0.0,0.0,2.7623,0.0,0.0,0.0,0.0,0.0792
Seq132,0.0,0.9346,0.9346,0.0,0.9346,0.0,0.0,1.8692,0.0,0.9346,0.9346,0.0,0.0,0.0,0.0,1.8692,0.0,0.0,0.0,0.0,0.0654
Seq133,0.0,0.9331,0.9331,0.0,0.9331,0.0,0.0,1.8662,0.0,0.9331,0.9331,0.0,0.0,0.0,0.0,0.9331,0.0,0.0,0.0,0.0,0.0669
Seq134,0.8992,0.0,0.0,1.7984,0.0,0.0,0.0,0.8992,0.8992,0.8992,0.0,0.8992,0.8992,0.0,1.7984,0.0,0.0,0.0,0.0,0.8992,0.1008
Seq135,1.66,0.0,0.0,0.0,0.0,3.3201,0.0,0.0,4.1501,0.0,0.0,0.0,0.0,0.83,2.4901,1.66,0.83,0.83,0.0,0.0,0.17
Seq136,0.0,0.0,0.0,0.0,3.2995,0.8249,0.0,0.0,4.9493,0.8249,0.0,0.0,0.0,0.0,2.4746,0.0,0.0,0.0,0.0,0.0,0.1751
Seq137,0.0,0.0,2.8454,0.0,0.0,2.8454,0.0,1.8969,0.0,5.6907,0.0,0.0,0.9485,0.0,0.0,0.9485,0.9485,2.8454,0.0,0.0,0.0515
Seq138,0.0,1.754,0.877,0.0,0.877,0.0,0.0,0.0,0.877,0.0,0.0,0.877,0.0,0.0,0.877,0.877,0.877,0.0,0.0,0.0,0.12300000000000001
Seq139,0.0,0.0,0.0,0.0,0.0,2.6665,0.0,0.0,6.2218,7.9995,0.0,0.0,0.0,0.0,0.0,0.0,0.0,0.0,0.0,0.0,0.1112
Seq140,0.0,0.0,0.0,0.0,0.0,0.8987,0.8987,1.7975,0.0,0.0,0.0,1.7975,5.3925,0.8987,2.6962,0.0,0.0,0.8987,0.0,0.8987,0.1013
Seq141,7.0742,0.0,0.0,0.0,0.0,0.0,0.0,0.0,10.6114,0.0,0.0,0.0,0.0,0.0,0.0,0.0,0.0,0.0,0.8843,0.0,0.1157
Seq142,1.7606,0.8803,0.0,0.8803,0.8803,1.7606,0.0,0.8803,0.8803,0.0,0.0,0.0,0.0,0.8803,0.0,0.0,0.0,0.0,0.8803,0.0,0.1197
Seq143,0.0,0.0,0.0,0.0,0.0,0.862,0.862,0.862,0.862,0.0,0.0,0.0,5.172,0.0,3.448,1.724,0.862,0.862,0.0,0.862,0.138
Seq144,0.8947,0.0,0.0,0.0,0.0,0.0,0.0,1.7894,0.8947,1.7894,0.8947,0.8947,0.0,0.8947,0.8947,0.0,0.0,0.0,0.0,1.7894,0.1053
Seq145,2.5788,0.0,0.0,0.0,0.0,1.7192,0.0,0.0,0.8596,0.0,0.0,0.0,0.8596,0.0,1.7192,0.8596,0.0,1.7192,1.7192,0.8596,0.1404
Seq146,0.0,0.0,0.0,0.0,0.0,0.0,0.8072,1.6145,0.0,0.8072,0.8072,0.0,0.0,0.0,2.4217,0.0,0.0,0.0,0.0,0.0,0.1928
Seq147,1.8361,0.9181,0.9181,0.9181,0.0,0.9181,0.0,0.0,0.0,0.9181,0.0,0.9181,0.0,0.0,0.9181,1.8361,0.9181,1.8361,0.0,0.9181,0.0819
Seq148,0.9083,0.9083,0.9083,0.9083,1.8166,2.7249,0.0,0.9083,0.0,3.6332,0.0,1.8166,1.8166,0.9083,0.9083,0.9083,2.7249,2.7249,0.9083,4.5416,0.0917
Seq149,0.8603,0.0,0.0,0.0,0.8603,1.7206,0.8603,0.0,0.8603,2.5808,0.0,0.0,0.8603,0.8603,4.3014,1.7206,0.8603,1.7206,0.0,0.0,0.1397
Seq150,8.1135,0.0,0.0,0.0,0.0,0.0,0.0,0.0,10.818,0.0,0.0,0.0,0.0,0.0,0.0,0.0,0.0,0.0,0.0,0.0,0.0985
Seq151,0.0,0.0,0.8716,0.8716,0.8716,0.0,0.0,1.7433,1.7433,1.7433,0.0,0.8716,0.8716,0.8716,3.4866,0.8716,0.8716,1.7433,0.0,0.0,0.1284
Seq152,0.8966,0.0,0.0,0.0,0.0,0.0,0.0,2.6897,0.8966,1.7931,0.8966,0.8966,0.0,0.8966,0.8966,0.0,0.0,0.0,0.0,0.8966,0.1034
Seq153,2.7012,0.0,0.0,1.8008,0.9004,0.9004,0.0,0.0,3.6016,0.9004,0.0,0.0,0.0,0.9004,4.5021,1.8008,0.0,0.9004,0.0,0.0,0.0996
Seq154,0.9212,0.0,0.9212,0.9212,0.0,3.6848,0.0,0.0,0.9212,3.6848,0.0,0.0,3.6848,1.8424,0.9212,2.7636,0.0,0.0,0.9212,0.0,0.0788
Seq155,1.7774,0.0,0.0,0.8887,2.6661,4.4435,0.8887,1.7774,3.5548,0.8887,0.8887,0.0,0.0,0.0,0.0,1.7774,0.0,0.8887,0.0,0.0,0.1113
Seq156,0.0,0.0,0.0,5.706,0.0,0.951,0.0,2.853,0.951,3.804,0.0,3.804,0.0,3.804,0.0,2.853,0.951,0.0,0.0,0.951,0.049
Seq157,0.0,0.0,0.0,1.8086,0.9043,0.9043,1.8086,0.9043,1.8086,3.6172,0.0,1.8086,2.7129,1.8086,1.8086,0.0,0.0,0.9043,0.0,0.0,0.0957
Seq158,0.0,0.0,0.9046,0.0,0.0,0.9046,0.9046,2.7137,2.7137,4.5229,0.0,0.9046,0.0,0.9046,0.9046,0.9046,0.0,1.8091,0.0,0.9046,0.0954
Seq159,0.8725,0.8725,0.8725,0.0,0.0,3.49,0.8725,0.0,0.0,0.0,1.745,0.0,0.0,2.6175,1.745,0.8725,0.0,0.0,0.8725,1.745,0.1275
Seq160,0.0,0.941,0.941,0.0,0.941,0.0,0.0,1.882,0.0,0.941,0.941,0.0,0.941,0.0,0.0,1.882,0.0,0.0,0.0,0.0,0.059000000000000004
Seq161,0.9156,0.0,0.0,0.9156,0.9156,1.8312,1.8312,1.8312,2.7468,3.6624,0.0,2.7468,0.0,1.8312,0.0,0.0,0.9156,1.8312,0.0,0.0,0.0844
Seq162,0.0,0.0,0.8902,1.7803,0.8902,1.7803,0.0,1.7803,4.4508,3.5607,0.0,0.0,0.0,0.8902,2.6705,0.8902,0.0,0.8902,0.0,0.0,0.1098
Seq163,3.6334,0.0,0.0,0.0,0.9084,0.9084,1.8167,0.9084,4.5418,5.4502,0.0,0.0,0.0,1.8167,0.0,0.9084,0.9084,0.0,0.9084,0.0,0.0916
Seq164,0.0,2.7747,0.0,0.0,0.9249,0.9249,0.9249,0.0,0.0,0.9249,0.9249,0.9249,4.6246,0.0,2.7747,2.7747,2.7747,0.0,0.9249,0.9249,0.0751
Seq165,2.7129,0.0,1.8086,1.8086,0.0,0.0,0.0,0.0,3.6171,1.8086,0.0,1.8086,0.0,0.0,0.0,1.8086,0.9043,1.8086,0.0,0.0,0.0957
Seq166,0.8833,0.0,0.0,0.0,0.0,0.0,0.0,1.7665,0.8833,1.7665,0.8833,0.8833,0.0,0.8833,0.8833,0.0,0.0,0.0,0.0,1.7665,0.1167
Seq167,0.9262,0.0,0.0,0.9262,1.8525,0.0,0.0,1.8525,1.8525,0.9262,0.9262,0.9262,1.8525,1.8525,0.9262,2.7787,0.9262,0.0,0.0,0.0,0.0738
Seq168,0.0,0.0,0.0,0.0,0.0,2.4531,0.0,0.8177,0.0,0.0,0.0,0.0,0.0,0.0,4.0885,0.0,0.8177,0.0,0.0,0.8177,0.1823
Seq169,0.8561,0.0,0.0,0.0,0.0,0.0,0.8561,0.8561,0.0,0.8561,2.5683,0.0,0.0,0.8561,2.5683,0.0,0.8561,0.0,0.0,0.0,0.1439
Seq170,0.8373,0.0,0.0,0.0,0.0,0.0,0.8373,1.6746,0.0,0.8373,2.5119,0.0,0.0,0.0,2.5119,0.0,0.8373,0.0,0.0,0.0,0.1627
Seq171,2.5845,0.0,0.8615,0.8615,1.723,3.446,0.0,0.8615,1.723,0.8615,0.0,0.8615,0.0,0.0,3.446,1.723,0.0,0.0,1.723,0.8615,0.1385
Seq172,0.9379,0.0,0.0,0.0,0.0,0.0,0.0,2.8138,0.9379,1.8759,0.9379,0.9379,0.0,0.9379,0.0,0.0,0.0,0.0,0.0,1.8759,0.0621
Seq173,0.0,0.0,0.0,0.0,0.0,0.8885,0.0,0.8885,3.554,0.0,0.0,0.8885,0.8885,0.0,2.6655,0.0,0.0,0.0,0.0,0.8885,0.1115
Seq174,1.8299,0.0,0.0,0.915,0.0,0.0,0.0,1.8299,4.5748,2.7449,0.0,0.0,0.0,0.0,0.0,0.915,0.0,0.0,0.0,0.915,0.085
Seq175,0.8999,0.0,0.0,1.7997,0.0,0.8999,0.8999,0.8999,3.5995,4.4994,0.0,1.7997,0.0,0.8999,2.6996,0.8999,0.0,1.7997,0.0,0.8999,0.1001
Seq176,2.6646,0.8882,0.0,0.8882,0.8882,0.8882,0.0,0.8882,0.8882,0.0,0.0,0.0,0.0,0.8882,0.0,0.0,0.0,0.0,0.8882,0.0,0.1118
Seq177,0.0,0.9146,0.0,0.0,1.8291,0.9146,1.8291,1.8291,0.0,1.8291,0.0,0.0,0.0,2.7437,0.9146,0.9146,0.0,0.0,0.0,0.0,0.0854
Seq178,1.7429,0.0,0.0,1.7429,0.0,0.0,0.0,0.0,5.2286,1.7429,1.7429,0.0,0.0,0.8714,0.8714,1.7429,0.0,0.0,0.8714,0.8714,0.1286
Seq179,0.0,0.0,0.0,0.8935,0.8935,0.8935,0.0,1.787,3.574,3.574,1.787,0.8935,0.0,0.8935,0.8935,1.787,0.0,0.8935,2.6805,0.0,0.1065
Seq180,1.8497,0.0,2.7746,2.7746,2.7746,0.0,0.9249,2.7746,1.8497,3.6994,0.0,1.8497,1.8497,1.8497,0.9249,4.6243,0.0,1.8497,0.0,0.0,0.0751
Seq181,0.9327,0.0,0.0,0.0,0.9327,0.0,0.9327,0.0,0.0,1.8653,0.9327,1.8653,3.7306,1.8653,0.9327,1.8653,2.798,0.0,0.9327,0.0,0.0673
Seq182,1.786,0.0,0.893,0.893,0.0,0.893,0.0,2.679,0.0,0.0,0.0,0.0,0.0,0.0,0.893,0.0,0.0,0.893,0.0,0.0,0.107
Seq183,0.9268,0.0,0.9268,0.0,0.0,0.9268,0.0,0.0,0.0,0.9268,0.0,0.9268,0.0,0.0,0.0,0.0,0.0,1.8536,0.0,0.9268,0.0732
Seq184,0.8716,0.0,0.8716,0.8716,0.8716,0.8716,0.0,2.6148,1.7432,0.8716,0.0,0.0,0.0,0.0,0.0,0.8716,0.0,0.0,0.8716,0.0,0.1284
Seq185,1.888,0.0,0.944,0.0,0.0,0.944,0.0,0.0,0.0,0.944,0.0,0.944,0.0,0.0,0.0,1.888,0.944,1.888,0.0,0.944,0.055999999999999994
Seq186,0.0,0.0,0.0,0.0,0.0,0.0,0.0,0.8473,0.8473,0.8473,0.0,0.0,2.5418,0.0,1.6946,0.0,0.0,0.0,4.2364,0.0,0.1527
Seq187,3.7368,0.0,0.9342,5.6053,0.0,0.0,0.9342,1.8684,1.8684,5.6053,0.0,2.8026,0.0,3.7368,0.0,3.7368,0.9342,0.0,0.9342,0.9342,0.0658
Seq188,0.0,0.9185,0.0,0.0,1.837,0.0,0.9185,0.0,0.9185,0.0,0.0,0.0,0.9185,1.837,0.0,2.7556,0.0,0.0,0.9185,1.837,0.0815
Seq189,1.8114,0.9057,0.9057,0.0,0.0,0.9057,0.0,0.0,1.8114,3.6227,0.0,0.9057,0.0,0.9057,0.9057,0.0,0.0,0.0,0.0,0.9057,0.0943
Seq190,0.0,0.0,0.0,0.0,0.0,3.3819,0.0,0.8455,0.8455,0.0,0.0,0.0,0.8455,0.8455,5.0729,0.0,1.691,0.0,0.0,0.8455,0.1545
Seq191,0.0,0.895,0.895,0.895,0.895,0.0,0.0,0.895,0.895,0.895,0.0,0.0,0.0,0.0,0.0,0.895,0.0,0.895,0.895,0.0,0.105
Seq192,0.0,0.8845,0.8845,0.8845,0.8845,0.0,0.0,0.0,0.8845,0.8845,0.0,0.0,0.0,0.0,0.0,0.8845,0.0,0.8845,0.0,0.0,0.1155
Seq193,0.0,0.8431,1.6862,0.8431,0.0,0.0,0.0,1.6862,0.0,0.8431,0.0,0.0,0.0,0.0,0.8431,0.8431,0.0,0.8431,2.5293,0.0,0.1569
Seq194,0.0,0.8421,1.6842,0.8421,0.0,0.0,0.0,1.6842,0.0,0.8421,0.0,0.0,0.0,0.0,0.8421,0.8421,0.0,0.0,2.5262,0.0,0.1579
Seq195,0.0,0.0,1.6468,0.0,0.0,0.0,0.0,1.6468,0.0,0.8234,0.0,0.0,0.0,0.0,0.8234,0.8234,0.0,0.0,2.4702,0.0,0.1766
Seq196,0.0,0.0,1.6515,0.0,0.0,0.0,0.0,0.8258,0.0,0.8258,0.0,0.0,0.0,0.0,0.8258,0.8258,0.0,0.0,1.6515,0.0,0.1742
Seq197,0.0,0.8573,2.5718,0.8573,0.8573,0.0,0.0,1.7145,0.8573,1.7145,0.0,0.0,0.0,0.0,0.8573,0.8573,0.0,0.8573,1.7145,0.0,0.1427
Seq198,0.0,0.8639,2.5918,0.8639,0.8639,0.0,0.0,1.7279,0.8639,0.8639,0.0,0.0,0.0,0.0,0.0,0.8639,0.0,0.8639,1.7279,0.0,0.1361
Seq199,0.0,0.864,1.728,0.864,0.864,0.0,0.0,0.864,0.864,0.864,0.0,0.0,0.0,0.0,0.0,0.864,0.0,0.864,1.728,0.0,0.136
Seq200,0.9166,0.0,0.9166,1.8333,0.0,3.6666,0.0,0.9166,0.9166,3.6666,0.0,0.0,3.6666,1.8333,0.9166,2.7499,0.0,0.0,0.9166,0.9166,0.0834
Seq201,0.9138,0.0,0.9138,5.483,0.9138,0.0,0.0,1.8277,1.8277,5.483,0.0,4.5692,0.0,3.6553,0.0,1.8277,0.9138,0.0,4.5692,0.0,0.0862
Seq202,1.7909,0.0,0.8955,0.0,0.0,0.8955,0.0,1.7909,0.0,0.8955,0.0,0.8955,0.8955,0.8955,0.8955,1.7909,0.8955,0.8955,0.8955,1.7909,0.1045
Seq203,2.689,0.0,0.8963,0.0,0.0,0.8963,0.0,1.7927,0.0,0.8963,0.0,0.8963,0.8963,0.8963,0.8963,0.8963,0.8963,0.8963,0.8963,1.7927,0.1037
Seq204,2.8008,0.0,0.0,0.0,1.8672,2.8008,0.0,0.9336,0.0,4.668,0.9336,0.9336,0.0,0.9336,0.0,0.0,0.0,0.0,0.9336,0.0,0.0664
Seq205,1.8864,0.0,0.0,0.0,0.0,2.8296,0.0,0.9432,0.0,3.7728,1.8864,0.0,0.0,0.9432,0.0,0.9432,0.9432,1.8864,0.9432,0.0,0.0568
Seq206,1.8425,0.0,0.0,0.0,0.9213,2.7638,0.0,0.0,0.0,4.6063,1.8425,0.9213,0.0,0.9213,0.0,1.8425,0.0,0.0,0.9213,0.0,0.0787
Seq207,1.8561,0.0,0.0,0.9281,0.0,2.7842,0.0,0.0,0.0,4.6403,1.8561,0.0,0.0,0.0,0.0,0.9281,1.8561,0.9281,0.9281,0.0,0.0719
Seq208,0.9233,3.6931,0.9233,0.9233,3.6931,0.0,0.9233,2.7698,1.8466,0.0,0.0,4.6164,2.7698,0.0,0.9233,1.8466,0.9233,1.8466,0.9233,0.0,0.0767
Seq209,4.328,0.0,0.0,0.0,0.0,0.0,0.0,0.0,3.4624,0.0,0.0,0.0,0.0,0.0,10.3871,0.0,0.0,0.0,0.0,0.0,0.1344
Seq210,0.0,0.0,0.0,0.0,0.0,3.3447,0.0,0.8362,0.0,0.0,0.0,0.0,0.0,0.8362,5.8533,0.8362,1.6724,0.0,0.0,0.8362,0.1638
Seq211,1.8188,0.0,0.0,1.8188,2.7282,0.0,0.0,1.8188,1.8188,0.9094,0.9094,0.9094,2.7282,0.0,0.0,0.9094,0.0,1.8188,0.0,0.0,0.0906
Seq212,1.8298,0.0,0.0,1.8298,2.7447,0.0,0.0,0.9149,1.8298,0.9149,0.9149,0.9149,3.6595,0.0,0.0,0.9149,0.0,1.8298,0.0,0.0,0.0851
Seq213,0.8917,1.7834,0.0,0.8917,0.8917,2.6751,0.0,0.0,1.7834,0.0,0.0,0.0,0.8917,0.0,0.0,0.0,0.0,0.0,0.8917,0.8917,0.1083
Seq214,1.895,0.0,0.9475,0.0,0.0,0.9475,0.0,0.0,0.0,1.895,0.0,0.9475,0.0,0.0,0.0,0.0,0.0,1.895,0.0,0.9475,0.0525
Seq215,1.7494,5.2483,0.0,1.7494,0.0,2.6242,0.0,0.8747,0.0,1.7494,0.0,0.0,0.0,0.0,6.123,2.6242,2.6242,0.8747,0.0,1.7494,0.1253
Seq216,1.788,0.0,0.0,0.0,0.0,1.788,0.0,2.6821,0.0,0.894,0.0,0.0,0.894,0.894,0.894,1.788,0.894,0.894,1.788,0.894,0.106
Seq217,0.0,5.3594,0.0,0.0,0.0,8.9323,5.3594,4.4662,0.0,0.0,0.0,0.0,1.7865,0.0,4.4662,0.0,0.0,3.5729,0.0,0.0,0.1068
Seq218,1.7546,0.0,0.0,0.0,0.8773,0.8773,0.0,0.0,0.8773,2.6319,0.0,0.0,0.0,0.0,0.8773,0.0,0.8773,0.0,0.8773,0.8773,0.1227
Seq219,0.8863,0.0,0.8863,0.8863,0.8863,0.8863,0.0,2.659,1.7727,0.8863,0.0,0.0,0.0,0.0,0.0,0.8863,0.0,0.0,0.8863,0.0,0.1137
Seq220,1.8468,0.0,3.6936,2.7702,3.6936,0.0,0.0,2.7702,1.8468,1.8468,0.0,1.8468,1.8468,1.8468,0.9234,4.617,0.0,1.8468,0.0,0.9234,0.0766
Seq221,1.8161,1.8161,0.0,1.8161,0.908,0.0,1.8161,0.0,0.908,2.7241,0.0,0.0,1.8161,0.0,1.8161,0.908,0.0,0.908,0.0,0.908,0.092
Seq222,1.9435,0.0,0.0,0.9717,0.0,0.9717,0.9717,0.0,0.0,0.0,0.9717,0.9717,1.9435,1.9435,7.7739,2.9152,4.8587,0.9717,0.0,0.0,0.0283
Seq223,0.0,0.8546,0.8546,0.0,0.8546,0.8546,0.0,0.0,0.8546,5.1273,0.0,0.0,0.8546,0.0,3.4182,0.0,1.7091,0.8546,0.8546,0.8546,0.1454
Seq224,0.0,0.8402,0.8402,0.0,0.8402,0.8402,0.0,0.0,0.8402,5.041,0.0,0.0,0.8402,0.0,4.2008,0.0,1.6803,0.8402,0.8402,0.8402,0.1598
Seq225,0.0,0.0,0.0,0.0,0.8334,0.8334,0.0,0.0,0.8334,4.1668,0.0,0.0,0.8334,0.0,4.1668,0.0,1.6667,0.8334,0.0,0.8334,0.1666
Seq226,2.6287,0.0,1.7525,1.7525,1.7525,0.0,0.0,0.0,3.505,1.7525,0.0,0.0,0.0,0.0,0.0,0.0,0.0,0.8762,0.8762,0.8762,0.1238
Seq227,0.0,0.0,0.0,0.0,0.8873,0.8873,0.8873,0.0,0.8873,0.8873,0.8873,0.0,2.6619,0.8873,1.7746,0.8873,0.0,0.0,0.0,0.0,0.1127
Seq228,0.9129,1.8257,0.9129,3.6514,1.8257,0.9129,2.7386,0.9129,2.7386,3.6514,0.9129,0.0,1.8257,0.0,3.6514,1.8257,0.9129,0.0,0.0,0.9129,0.0871
Seq229,1.8469,0.0,2.7704,2.7704,2.7704,0.0,0.9235,2.7704,1.8469,2.7704,0.0,2.7704,0.9235,1.8469,0.9235,4.6174,0.0,2.7704,0.0,0.0,0.0765
Seq230,0.0,0.8267,0.0,0.0,0.8267,0.8267,0.0,0.8267,0.0,0.0,0.0,0.8267,0.0,0.8267,4.1335,1.6534,0.8267,0.8267,0.0,0.0,0.1733
Seq231,0.9294,0.9294,2.7881,0.9294,0.9294,0.0,0.0,2.7881,0.0,1.8587,0.9294,0.0,0.9294,0.0,0.0,2.7881,0.9294,0.9294,0.0,0.0,0.0706
Seq232,6.5658,0.0,0.0,0.0,0.0,0.0,0.0,0.0,0.0,0.0,0.0,0.0,0.0,0.0,9.8487,0.0,0.0,0.0,0.8207,0.0,0.1793
Seq233,0.0,0.0,0.0,0.0,0.9431,0.0,0.0,0.9431,0.9431,0.9431,0.0,0.0,2.8293,0.0,0.0,2.8293,0.9431,0.0,0.9431,0.0,0.0569
Seq234,1.8087,0.0,0.0,1.8087,2.7131,0.0,0.0,1.8087,1.8087,0.9044,0.9044,0.0,3.6174,0.0,0.0,0.9044,0.0,1.8087,0.0,0.0,0.0956
Seq235,1.7906,0.0,0.8953,2.6858,0.8953,0.8953,0.0,0.8953,2.6858,2.6858,0.0,0.0,0.0,0.8953,0.8953,1.7906,0.0,0.8953,0.0,0.0,0.1047
Seq236,0.0,0.9375,1.875,0.9375,0.9375,0.0,0.0,2.8124,0.0,1.875,0.9375,0.9375,0.9375,0.0,0.0,2.8124,0.0,0.9375,0.0,0.0,0.0625
Seq237,0.0,0.0,0.0,0.0,2.8295,0.0,0.0,0.9432,0.9432,3.7727,0.0,0.0,0.9432,0.0,0.0,1.8863,0.9432,0.9432,0.0,0.0,0.0568
Seq238,1.8203,0.0,0.0,1.8203,2.7305,0.0,0.0,1.8203,1.8203,0.9102,0.9102,0.9102,2.7305,0.0,0.0,0.9102,0.0,1.8203,0.0,0.0,0.0898
Seq239,0.0,0.0,0.0,0.0,0.0,0.0,0.0,0.8594,0.8594,0.8594,0.0,0.0,4.297,0.0,0.0,0.0,0.0,0.0,4.297,0.0,0.1406
Seq240,0.9283,0.9283,2.7849,0.9283,0.9283,0.0,0.0,2.7849,0.0,1.8566,0.9283,0.9283,0.0,0.0,0.0,2.7849,0.9283,0.9283,0.0,0.0,0.0717
Seq241,0.0,0.8463,0.8463,0.0,0.8463,0.8463,0.0,0.0,0.8463,5.9242,0.0,0.0,0.8463,0.0,4.2315,0.0,1.6926,0.8463,0.8463,0.8463,0.1537
Seq242,6.4186,0.0,0.9169,2.7508,1.8339,3.6678,0.9169,0.0,0.9169,2.7508,1.8339,0.0,0.0,0.0,2.7508,0.9169,2.7508,0.9169,0.0,0.0,0.0831
Seq243,0.9111,0.0,0.0,1.8223,2.7334,0.0,0.0,1.8223,1.8223,0.9111,0.9111,0.9111,3.6446,0.0,0.0,0.9111,0.0,1.8223,0.0,0.0,0.0889
Seq244,0.8878,0.0,0.0,0.0,0.0,0.0,0.0,2.6634,0.8878,0.8878,0.8878,0.8878,0.0,0.8878,0.8878,0.0,0.0,0.0,0.0,1.7756,0.1122
Seq245,2.7574,0.9191,0.0,0.9191,0.9191,1.8383,0.0,0.9191,0.0,1.8383,0.0,0.9191,0.0,2.7574,0.9191,1.8383,0.9191,0.0,0.0,0.9191,0.0809
Seq246,0.0,0.0,2.5646,0.8549,0.8549,0.0,0.0,1.7097,0.8549,1.7097,0.0,0.0,0.0,0.0,0.8549,2.5646,0.0,0.8549,2.5646,0.0,0.1451
Seq247,1.7593,5.2779,0.0,1.7593,0.0,2.6389,0.0,0.8796,0.0,2.6389,0.0,0.0,0.0,0.0,6.1575,2.6389,1.7593,0.8796,0.0,1.7593,0.1204
Seq248,2.7,0.0,2.7,3.6001,0.0,1.8,0.0,2.7,1.8,6.3001,0.0,1.8,0.0,0.9,1.8,3.6001,0.9,0.9,0.0,0.0,0.1
Seq249,2.7516,0.0,1.8344,2.7516,1.8344,0.9172,0.9172,2.7516,2.7516,2.7516,0.0,3.6689,0.0,1.8344,0.9172,4.5861,0.0,1.8344,0.0,0.0,0.0828
Seq250,0.8926,1.7853,0.0,0.0,0.8926,2.6779,0.0,0.0,0.8926,0.0,0.0,0.8926,0.8926,0.0,0.0,0.0,0.8926,0.0,1.7853,0.0,0.1074
Seq251,0.0,0.0,2.5589,1.7059,0.853,0.0,0.0,1.7059,0.853,1.7059,0.0,0.0,0.0,0.0,0.853,1.7059,0.0,0.853,2.5589,0.0,0.147
Seq252,5.8884,0.0,0.0,0.0,0.0,0.0,0.0,0.0,1.6824,0.0,0.0,0.0,0.0,0.0,10.0944,0.0,0.0,0.0,0.0,0.0,0.1588
Seq253,1.827,0.0,0.0,1.827,2.7406,0.0,0.0,1.827,1.827,0.9135,0.0,0.9135,3.6541,0.0,0.0,0.9135,0.0,1.827,0.0,0.0,0.0865
Seq254,1.811,0.0,0.0,1.811,2.7166,0.0,0.0,1.811,1.811,0.9055,0.9055,0.9055,2.7166,0.0,0.0,0.9055,0.0,1.811,0.0,0.0,0.0945
Seq255,0.0,0.0,2.5221,0.8407,0.8407,0.0,0.0,1.6814,0.8407,1.6814,0.0,0.0,0.0,0.0,1.6814,1.6814,0.0,0.8407,2.5221,0.0,0.1593
Seq256,2.7382,0.0,0.0,0.0,0.9127,1.8255,0.0,1.8255,0.0,1.8255,0.0,0.0,0.9127,0.9127,0.9127,0.9127,0.9127,0.9127,1.8255,0.0,0.0873
Seq257,0.0,0.9413,1.8825,0.0,0.9413,0.0,0.0,1.8825,0.0,1.8825,0.9413,0.0,0.9413,0.0,0.0,2.8238,0.0,0.0,0.0,0.0,0.0587
Seq258,2.7012,0.0,2.7012,3.6016,0.0,1.8008,0.0,1.8008,1.8008,6.3029,0.9004,1.8008,0.0,0.9004,1.8008,3.6016,0.9004,0.9004,0.0,0.0,0.0996
Seq259,0.0,0.0,0.0,0.0,1.8374,2.7561,0.0,0.0,0.9187,2.7561,0.0,0.0,0.0,0.9187,1.8374,0.0,1.8374,0.9187,0.0,0.0,0.0813
Seq260,0.0,0.0,0.0,0.0,0.8422,0.8422,0.0,0.0,0.8422,3.3687,0.0,0.0,0.8422,0.0,4.2108,0.0,1.6843,0.8422,0.8422,0.8422,0.1578
Seq261,2.7565,0.0,0.9188,0.0,0.0,0.0,0.9188,5.5131,2.7565,4.5942,0.0,2.7565,0.0,0.9188,1.8377,4.5942,1.8377,0.9188,0.0,0.9188,0.0812
Seq262,0.9263,3.7053,0.9263,0.9263,3.7053,0.0,0.9263,2.779,2.779,0.0,0.0,4.6316,4.6316,0.0,0.9263,2.779,0.9263,1.8526,0.9263,0.0,0.0737
Seq263,0.0,0.9198,0.0,0.0,0.9198,0.9198,0.9198,0.9198,0.0,4.5991,0.0,0.0,0.0,0.9198,1.8396,0.0,3.6793,1.8396,0.9198,0.0,0.0802
Seq264,0.0,0.0,1.7496,0.0,0.0,0.0,0.0,0.8748,0.8748,1.7496,0.0,1.7496,0.0,0.0,0.0,0.8748,0.0,0.8748,0.8748,0.0,0.1252
Seq265,0.0,3.4882,0.0,0.0,0.8721,2.6162,0.0,0.0,0.0,0.8721,0.0,0.0,0.0,0.0,5.2323,0.0,0.0,1.7441,0.0,0.8721,0.1279
Seq266,0.8825,0.0,0.8825,0.8825,0.8825,0.8825,0.0,2.6475,1.765,0.8825,0.0,0.0,0.0,0.0,0.0,0.8825,0.0,0.0,0.8825,0.0,0.1175
Seq267,1.7311,5.1933,0.0,1.7311,0.0,2.5967,0.0,0.8656,0.0,2.5967,0.0,0.0,0.0,0.0,6.0589,1.7311,2.5967,0.8656,0.0,1.7311,0.1344
Seq268,1.7655,5.2965,0.0,1.7655,0.0,2.6482,0.0,0.8827,0.0,2.6482,0.0,0.0,0.0,0.0,5.2965,2.6482,2.6482,0.8827,0.0,1.7655,0.1173
Seq269,0.9294,0.9294,2.7883,0.9294,0.9294,0.0,0.0,1.8589,0.0,1.8589,0.9294,0.9294,0.9294,0.0,0.0,2.7883,0.9294,0.9294,0.0,0.0,0.0706
Seq270,0.8808,0.0,0.8808,0.8808,0.8808,0.8808,0.0,2.6425,1.7616,0.8808,0.0,0.0,0.0,0.0,0.0,0.8808,0.0,0.0,0.8808,0.0,0.1192
Seq271,0.0,0.8532,1.7063,0.8532,0.0,0.0,0.0,1.7063,0.0,1.7063,0.0,0.0,0.0,0.0,0.8532,0.8532,0.0,0.8532,2.5595,0.0,0.1468
Seq272,1.8112,1.8112,0.0,1.8112,0.9056,0.0,1.8112,0.0,0.9056,3.6224,0.0,0.0,2.7168,0.0,1.8112,0.9056,0.0,0.9056,0.0,0.9056,0.0944
Seq273,0.0,0.0,0.0,0.0,1.7937,0.8968,0.0,2.6905,1.7937,2.6905,0.0,1.7937,1.7937,0.0,0.8968,0.0,1.7937,0.0,0.0,0.0,0.1032
Seq274,0.8723,0.0,0.0,0.0,1.7446,0.0,0.0,1.7446,2.6169,3.4892,0.0,0.0,0.0,0.0,1.7446,1.7446,0.0,0.8723,0.0,0.0,0.1277
Seq275,0.9283,0.0,1.8566,0.9283,0.0,1.8566,0.0,1.8566,0.0,2.7849,0.0,0.9283,0.0,1.8566,0.0,1.8566,0.9283,1.8566,0.0,0.9283,0.0717
Seq276,0.8956,0.0,0.0,0.0,0.0,0.0,0.0,2.6868,0.0,1.7912,0.8956,0.8956,0.0,0.8956,0.8956,0.0,0.0,0.0,0.0,1.7912,0.1044
Seq277,0.8967,0.0,0.0,0.0,0.0,0.0,0.0,1.7934,0.8967,1.7934,0.8967,0.8967,0.0,0.8967,0.8967,0.0,0.0,0.0,0.0,1.7934,0.1033
Seq278,1.8401,0.0,0.0,0.92,2.7601,0.0,0.0,1.8401,1.8401,0.92,0.92,0.92,3.6802,0.0,0.0,0.92,0.0,1.8401,0.0,0.0,0.08
Seq279,1.8282,0.0,0.0,1.8282,2.7422,0.0,0.0,1.8282,0.9141,0.9141,0.9141,0.9141,3.6563,0.0,0.0,0.9141,0.0,1.8282,0.0,0.0,0.0859
Seq280,0.0,0.0,0.8645,1.729,1.729,0.8645,0.0,2.5934,4.3224,0.8645,0.0,0.0,0.0,0.8645,2.5934,0.8645,0.0,0.8645,0.0,0.0,0.1355
Seq281,0.878,0.0,0.878,0.878,0.878,0.878,0.0,2.6341,1.7561,0.878,0.0,0.0,0.0,0.0,0.0,0.878,0.0,0.0,0.878,0.0,0.122
Seq282,1.8266,0.0,0.0,1.8266,2.7398,0.0,0.0,1.8266,1.8266,0.9133,0.9133,0.9133,3.6531,0.0,0.0,0.9133,0.0,0.9133,0.0,0.0,0.0867
Seq283,1.6981,0.0,0.0,0.0,6.7925,0.0,0.0,0.8491,4.2453,1.6981,0.0,0.0,0.0,0.0,3.3963,0.0,0.0,0.8491,0.0,0.0,0.1509
Seq284,0.0,0.0,0.0,4.6931,0.0,0.9386,0.0,0.9386,0.0,3.7545,0.0,0.0,0.9386,0.9386,1.8772,1.8772,0.9386,0.0,0.0,0.0,0.0614
Seq285,0.8786,0.0,0.8786,0.8786,0.8786,0.8786,0.0,2.6357,1.7571,0.8786,0.0,0.0,0.0,0.0,0.0,0.8786,0.0,0.0,0.8786,0.0,0.1214
Seq286,2.7373,0.0,2.7373,3.6497,0.0,2.7373,0.0,2.7373,1.8248,5.4745,0.0,1.8248,1.8248,0.9124,0.9124,2.7373,0.9124,0.9124,0.0,0.0,0.0876
Seq287,0.858,0.0,0.0,0.0,0.0,1.7159,0.0,0.0,0.858,1.7159,0.858,0.0,0.0,0.0,0.858,0.0,0.0,0.0,0.0,0.0,0.142
Seq288,2.5917,0.0,2.5917,1.7278,0.0,0.0,0.8639,0.0,2.5917,6.9113,0.0,0.0,0.0,0.8639,6.0473,0.8639,0.0,1.7278,0.0,0.8639,0.1361
Seq289,2.6117,0.8706,2.6117,1.7411,0.0,0.0,0.8706,0.8706,2.6117,4.3529,1.7411,0.0,0.0,0.8706,6.094,0.8706,0.8706,0.8706,0.0,0.8706,0.1294
Seq290,3.5076,0.8769,0.8769,4.3845,1.7538,0.0,0.0,0.8769,0.8769,2.6307,0.8769,0.0,0.8769,4.3845,1.7538,0.8769,0.0,0.8769,0.8769,0.0,0.1231
Seq291,1.7301,0.8651,2.5952,0.0,0.0,0.0,0.8651,0.0,1.7301,5.1903,0.0,0.0,0.0,0.0,4.3253,0.8651,0.0,0.8651,0.0,0.0,0.1349
Seq292,2.5713,0.8571,0.0,1.7142,1.7142,0.0,0.0,0.8571,0.8571,2.5713,0.0,0.0,0.8571,1.7142,1.7142,0.8571,0.0,0.8571,0.8571,0.0,0.1429
Seq293,2.5806,0.0,2.5806,0.0,0.0,0.0,0.8602,0.0,2.5806,6.8816,0.0,0.0,0.0,0.8602,6.0214,0.8602,0.0,1.7204,0.0,0.8602,0.1398
Seq294,1.7027,0.0,2.554,1.7027,0.0,0.0,0.8513,0.0,1.7027,5.9593,0.0,0.0,0.0,0.0,5.108,0.8513,0.0,0.8513,0.0,0.0,0.1487
Seq295,2.6166,0.0,2.6166,0.0,0.0,0.0,0.8722,0.0,2.6166,6.1055,0.0,0.0,0.0,0.8722,5.2333,0.8722,0.0,1.7444,0.0,0.8722,0.1278
Seq296,0.0,1.68,0.0,0.0,0.0,0.0,0.0,0.0,1.68,3.36,0.0,0.0,0.0,0.0,3.36,0.0,0.0,0.0,0.0,0.0,0.16
Seq297,2.8449,0.0,0.0,0.0,0.0,0.0,0.0,0.0,0.9483,0.0,0.0,0.9483,0.0,0.0,0.0,2.8449,0.9483,0.0,0.0,0.0,0.0517
Seq298,0.0,0.8407,0.8407,0.0,0.0,0.8407,0.0,0.0,0.8407,5.044,0.0,0.0,0.0,0.0,3.3626,0.0,0.8407,0.8407,0.8407,0.8407,0.1593
Seq299,1.7818,0.0,2.6728,3.5637,0.0,0.0,0.0,3.5637,2.6728,2.6728,0.0,0.8909,0.8909,0.0,1.7818,2.6728,0.0,0.8909,0.8909,0.0,0.1091
Seq300,2.8392,0.0,0.0,0.9464,0.0,0.0,0.0,0.9464,0.0,0.0,1.8928,0.9464,0.0,0.9464,0.0,0.9464,2.8392,0.9464,0.0,0.0,0.0536
Seq301,0.937,0.937,2.811,0.0,0.937,0.0,0.0,2.811,0.0,1.874,0.937,0.937,0.937,0.0,0.0,2.811,0.937,0.937,0.0,0.0,0.063
Seq302,2.6061,1.7374,0.0,0.0,1.7374,0.8687,0.0,0.8687,2.6061,0.8687,0.8687,0.0,0.8687,0.8687,4.3435,0.8687,0.8687,0.8687,1.7374,0.0,0.1313
Seq303,0.9511,0.0,0.0,0.0,0.9511,0.0,0.9511,0.0,0.0,0.0,0.0,0.0,3.8044,0.0,0.9511,0.0,2.8533,0.9511,0.0,0.0,0.0489
Seq304,1.7563,0.0,0.0,0.0,0.8781,0.8781,0.0,0.0,0.0,1.7563,0.0,0.0,0.8781,0.0,1.7563,0.8781,0.8781,0.8781,0.8781,0.8781,0.1219
Seq305,2.6927,0.8976,0.8976,2.6927,0.8976,0.8976,0.8976,4.4878,1.7951,0.8976,0.0,0.8976,0.0,1.7951,2.6927,0.8976,0.8976,0.0,0.0,0.8976,0.1024
Seq306,2.7646,0.0,1.8431,2.7646,1.8431,0.0,0.0,1.8431,0.0,2.7646,0.0,2.7646,0.0,2.7646,0.9215,4.6077,0.0,2.7646,0.0,0.0,0.0785
Seq307,2.7607,0.0,1.8405,2.7607,1.8405,0.9202,0.0,1.8405,0.9202,2.7607,0.0,3.681,0.0,2.7607,0.9202,4.6012,0.0,2.7607,0.0,0.0,0.0798
Seq308,2.7745,0.0,1.8497,1.8497,0.9248,0.0,0.0,1.8497,0.0,2.7745,0.0,2.7745,0.0,2.7745,0.9248,4.6242,0.0,2.7745,0.0,0.0,0.0752
Seq309,0.9181,0.0,0.0,1.8362,0.9181,2.7543,0.9181,3.6723,1.8362,4.5904,0.9181,1.8362,2.7543,0.9181,2.7543,0.0,0.0,0.9181,0.0,2.7543,0.0819
Seq310,2.82,0.0,0.0,0.0,1.88,1.88,0.0,2.82,0.0,2.82,0.0,0.0,0.94,0.0,0.0,0.94,0.94,0.94,0.94,0.0,0.06
Seq311,5.315,0.0,0.0,0.0,0.8858,0.0,0.0,6.2009,7.9726,0.0,0.0,0.0,0.0,0.0,0.0,0.0,0.0,0.0,0.0,0.0,0.1142
Seq312,1.8943,0.9471,0.0,1.8943,0.9471,0.0,0.9471,1.8943,0.0,2.8414,0.0,2.8414,1.8943,0.9471,0.0,1.8943,0.9471,1.8943,0.0,0.0,0.0529
Seq313,1.7465,5.2394,0.0,0.8732,0.0,2.6197,0.0,0.8732,0.0,2.6197,0.0,0.0,0.0,0.0,6.1127,2.6197,2.6197,0.8732,0.0,1.7465,0.1268
Seq314,1.8492,0.0,3.6985,2.7739,2.7739,0.0,0.0,2.7739,1.8492,3.6985,0.0,1.8492,1.8492,1.8492,0.9246,4.6231,0.0,1.8492,0.0,0.0,0.0754
Seq315,1.8454,0.0,2.7681,2.7681,2.7681,0.0,0.9227,2.7681,1.8454,2.7681,0.0,3.6908,0.9227,1.8454,0.9227,4.6134,0.0,1.8454,0.0,0.0,0.0773
Seq316,2.7852,0.0,1.8568,1.8568,0.9284,0.9284,0.9284,2.7852,2.7852,2.7852,0.0,3.7136,0.0,1.8568,0.9284,4.6421,1.8568,1.8568,0.0,0.0,0.0716
Seq317,0.0,0.0,0.0,0.0,0.8797,0.8797,1.7593,0.0,1.7593,1.7593,0.8797,2.639,2.639,2.639,3.5186,0.0,0.0,0.8797,3.5186,0.8797,0.1203
Seq318,0.9296,0.9296,0.0,3.7183,0.0,0.0,0.9296,3.7183,1.8591,0.9296,0.9296,1.8591,0.9296,0.9296,0.0,0.9296,1.8591,2.7887,0.0,0.9296,0.0704
Seq319,0.8904,0.0,0.0,0.0,0.0,0.0,0.0,2.6713,0.8904,1.7809,0.8904,0.8904,0.0,0.0,0.8904,0.0,0.0,0.0,0.0,1.7809,0.1096
Seq320,0.0,0.0,0.0,0.0,4.1173,2.4704,0.0,0.0,4.1173,0.0,0.0,0.0,0.0,0.0,2.4704,0.0,0.0,0.0,2.4704,0.8235,0.1765
Seq321,3.4641,0.0,0.0,0.0,0.866,1.732,0.0,0.866,6.0622,2.5981,0.0,0.0,0.0,0.0,6.0622,0.0,0.0,2.5981,0.0,0.0,0.134
Seq322,2.8197,0.0,0.0,0.0,1.8798,1.8798,0.0,0.9399,0.0,4.6995,0.9399,0.9399,0.0,0.9399,0.0,0.0,0.0,0.0,0.0,0.0,0.0601
Seq323,0.0,0.9323,2.7969,0.9323,0.9323,0.0,0.0,2.7969,0.0,1.8646,0.9323,0.9323,0.9323,0.0,0.0,2.7969,0.9323,0.9323,0.0,0.0,0.0677
Seq324,0.0,0.0,0.0,0.9221,1.8442,1.8442,0.9221,2.7662,0.0,0.9221,0.0,0.9221,0.0,0.9221,0.9221,0.0,0.9221,0.9221,0.0,0.0,0.0779
Seq325,0.0,0.0,0.857,0.857,0.857,0.857,0.0,2.571,2.571,1.714,0.0,0.857,0.0,0.857,2.571,0.0,0.0,1.714,0.857,0.0,0.14300000000000002
Seq326,0.0,0.9339,1.8678,0.9339,0.9339,0.0,0.0,2.8017,0.0,1.8678,0.9339,0.9339,0.9339,0.0,0.0,2.8017,0.0,0.0,0.0,0.0,0.0661
Seq327,0.0,0.0,0.0,0.0,4.5212,2.7127,3.617,1.8085,0.0,0.9042,0.0,0.9042,0.0,0.9042,0.9042,0.9042,0.0,3.617,0.0,0.0,0.0958
Seq328,5.3648,0.0,0.0,0.0,0.8941,0.0,0.0,0.0,8.0472,6.259,0.0,0.0,0.0,0.0,0.0,0.0,0.0,0.0,0.0,0.0,0.1059
Seq329,0.0,0.0,0.9187,0.9187,3.6746,0.0,0.9187,0.0,1.8373,0.0,0.0,2.756,2.756,0.0,0.0,0.9187,0.0,0.9187,0.0,0.0,0.0813
Seq330,2.7064,0.0,0.0,0.9021,0.0,1.8043,0.9021,3.6086,0.9021,6.315,0.0,1.8043,0.0,7.2172,1.8043,0.9021,0.9021,1.8043,0.9021,0.0,0.0979
Seq331,0.0,0.0,0.0,0.0,0.0,0.8972,0.0,0.8972,0.0,0.0,0.0,0.8972,0.0,0.0,0.0,0.8972,0.0,0.8972,1.7944,0.8972,0.1028
Seq332,0.9192,0.0,0.0,2.7575,0.0,0.0,0.0,2.7575,2.7575,2.7575,0.0,0.9192,0.0,1.8384,0.0,0.0,0.0,1.8384,0.9192,0.9192,0.0808
Seq333,0.9338,0.9338,2.8013,0.9338,0.9338,0.0,0.0,2.8013,0.0,1.8676,0.9338,0.9338,0.9338,0.0,0.0,1.8676,0.9338,0.9338,0.0,0.0,0.0662
Seq334,0.0,0.8514,2.5542,0.0,0.8514,0.0,0.0,1.7028,1.7028,1.7028,0.0,0.0,0.0,0.0,0.8514,1.7028,0.0,0.8514,2.5542,0.0,0.1486
Seq335,0.9432,0.9432,0.0,0.0,0.0,1.8863,0.0,0.0,1.8863,0.0,0.0,0.0,0.0,0.0,0.9432,0.9432,0.0,0.0,0.0,0.0,0.0568
Seq336,2.6915,0.8972,0.8972,1.7943,1.7943,0.8972,0.8972,1.7943,0.8972,0.8972,0.0,0.0,0.0,0.8972,0.0,0.0,0.0,0.0,0.0,1.7943,0.1028
Seq337,0.9318,0.9318,2.7955,0.9318,0.9318,0.0,0.0,2.7955,0.0,1.8636,0.9318,0.9318,0.9318,0.0,0.0,2.7955,0.9318,0.0,0.0,0.0,0.0682
Seq338,2.7396,0.0,2.7396,3.6528,0.0,2.7396,0.0,1.8264,1.8264,6.3923,0.0,1.8264,1.8264,0.9132,0.9132,2.7396,0.9132,0.9132,0.0,0.0,0.0868
Seq339,1.8185,0.0,0.0,0.0,0.0,0.0,1.8185,0.0,0.0,0.0,0.0,0.0,0.9093,0.0,1.8185,2.7278,0.9093,2.7278,0.9093,0.0,0.0907
Seq340,0.0,0.0,0.0,0.0,0.0,1.7125,0.0,0.0,0.8562,1.7125,0.8562,0.0,0.0,0.0,0.8562,0.8562,0.0,0.0,0.0,0.0,0.1438
Seq341,0.0,0.9411,1.8822,0.0,0.9411,0.0,0.0,1.8822,0.0,0.9411,0.9411,0.0,0.9411,0.0,0.0,2.8233,0.0,0.0,0.0,0.0,0.0589
Seq342,0.9399,0.9399,2.8196,0.9399,0.0,0.0,0.0,2.8196,0.0,1.8797,0.9399,0.9399,0.9399,0.0,0.0,2.8196,0.9399,0.9399,0.0,0.0,0.0601
Seq343,1.8056,0.0,2.7084,3.6112,0.0,0.0,0.0,3.6112,3.6112,2.7084,0.0,3.6112,0.9028,0.9028,1.8056,4.514,0.0,0.9028,0.9028,0.0,0.0972
Seq344,1.8393,0.0,3.6786,2.7589,2.7589,0.0,0.0,2.7589,1.8393,2.7589,0.0,1.8393,1.8393,1.8393,0.9196,4.5982,0.0,1.8393,0.0,0.9196,0.0804
Seq345,2.7698,0.0,2.7698,2.7698,1.8465,0.0,0.9233,2.7698,1.8465,2.7698,0.0,3.6931,0.9233,1.8465,0.9233,4.6163,0.0,1.8465,0.0,0.0,0.0767
Seq346,2.7697,0.0,2.7697,2.7697,1.8465,0.9232,0.9232,2.7697,1.8465,2.7697,0.0,3.693,0.0,1.8465,0.9232,4.6162,0.0,1.8465,0.0,0.0,0.0768
Seq347,0.8944,1.7889,0.0,0.0,0.8944,2.6833,0.0,0.0,0.8944,0.0,0.0,0.8944,0.8944,0.8944,0.0,0.0,0.0,0.0,1.7889,0.0,0.1056
Seq348,1.827,0.0,0.9135,0.0,2.7404,4.5674,0.9135,0.9135,0.9135,1.827,0.9135,0.0,0.0,0.9135,0.0,2.7404,1.827,3.6539,0.9135,0.9135,0.0865
Seq349,1.8023,0.0,1.8023,1.8023,0.0,0.0,0.0,0.0,3.6047,2.7035,0.0,1.8023,0.0,0.0,0.0,1.8023,0.9012,1.8023,0.0,0.0,0.0988
Seq350,0.0,0.0,3.6802,0.9201,0.0,0.9201,0.0,2.7602,0.0,1.8401,0.9201,0.0,0.9201,0.9201,0.0,0.9201,0.0,1.8401,0.0,2.7602,0.0799
Seq351,0.8797,0.0,0.0,4.3987,0.0,0.0,0.0,0.8797,0.0,0.0,0.0,0.0,0.8797,0.8797,0.0,0.0,3.5189,0.0,5.2784,0.8797,0.1203
Seq352,1.8826,0.0,0.9413,0.0,0.0,0.9413,0.0,0.0,0.0,0.9413,0.0,0.9413,0.0,0.0,0.0,0.0,0.0,1.8826,0.0,0.9413,0.0587
Seq353,0.0,0.0,0.0,1.8507,0.0,0.0,0.9253,1.8507,0.0,3.7014,0.0,2.776,1.8507,0.9253,1.8507,1.8507,0.9253,1.8507,0.0,0.0,0.0747
Seq354,0.9072,0.0,0.9072,2.7216,0.0,0.9072,0.9072,3.6288,1.8144,1.8144,0.9072,1.8144,0.9072,0.9072,0.9072,1.8144,0.9072,0.0,1.8144,0.9072,0.0928
Seq355,2.7296,0.0,3.6394,3.6394,0.0,2.7296,0.0,1.8197,1.8197,6.369,0.0,1.8197,1.8197,0.0,0.9099,2.7296,0.9099,0.9099,0.0,0.0,0.0901
Seq356,0.0,0.0,0.0,0.0,0.0,2.7042,0.0,2.7042,1.8028,0.9014,0.0,0.0,0.0,0.0,1.8028,1.8028,0.0,2.7042,0.0,0.0,0.0986
Seq357,3.437,0.0,0.8593,0.0,0.8593,1.7185,0.0,0.8593,4.2963,3.437,0.0,0.0,0.0,0.0,4.2963,0.0,0.0,2.5778,0.0,0.0,0.1407
Seq358,0.9271,0.9271,2.7813,0.9271,0.9271,0.0,0.0,2.7813,0.0,0.9271,0.9271,0.9271,0.9271,0.0,0.0,2.7813,0.9271,0.9271,0.0,0.0,0.0729
Seq359,6.8926,0.0,0.8616,6.031,0.0,0.0,0.0,3.4463,0.8616,5.1695,0.0,0.0,0.0,1.7232,3.4463,0.0,1.7232,0.0,1.7232,0.8616,0.1384
Seq360,4.5414,0.0,2.7248,0.9083,1.8165,0.0,0.0,2.7248,2.7248,1.8165,0.0,4.5414,0.0,1.8165,0.9083,4.5414,0.9083,0.0,0.9083,0.0,0.0917
Seq361,3.7231,0.0,0.0,0.0,1.8616,3.7231,0.0,2.7924,0.0,4.6539,0.9308,0.9308,0.0,0.9308,0.0,0.9308,0.0,0.9308,0.9308,0.0,0.0692
Seq362,4.5392,0.9078,1.8157,1.8157,0.9078,0.0,1.8157,0.9078,0.9078,3.6314,0.9078,1.8157,0.0,1.8157,1.8157,1.8157,1.8157,0.9078,1.8157,0.9078,0.0922
Seq363,0.0,0.0,1.8385,1.8385,0.9193,0.9193,1.8385,1.8385,3.677,0.9193,0.9193,0.9193,0.0,1.8385,0.0,3.677,0.0,1.8385,0.0,0.0,0.0807
Seq364,0.0,0.837,0.837,0.0,0.0,0.837,0.0,0.0,0.837,5.0219,0.0,0.0,0.0,0.0,3.348,0.0,0.0,0.837,0.837,0.837,0.163
Seq365,0.0,0.8443,2.5328,0.8443,0.8443,0.8443,0.0,0.8443,0.8443,1.6885,0.0,0.0,0.0,0.0,0.8443,1.6885,0.0,0.8443,2.5328,0.0,0.1557
Seq366,0.0,0.8497,2.549,0.8497,0.8497,0.0,0.0,0.8497,0.8497,1.6993,0.0,0.0,0.0,0.0,0.8497,2.549,0.0,0.8497,2.549,0.0,0.1503
Seq367,0.0,0.8444,2.5333,1.6889,0.8444,0.0,0.0,0.8444,0.8444,1.6889,0.0,0.0,0.0,0.0,0.8444,1.6889,0.0,0.8444,2.5333,0.0,0.1556
Seq368,0.0,0.8407,2.5222,0.8407,0.8407,0.0,0.0,0.8407,1.6814,1.6814,0.0,0.0,0.0,0.0,0.8407,1.6814,0.0,0.8407,2.5222,0.0,0.1593
Seq369,0.0,0.0,0.0,0.0,0.0,2.7387,0.0,0.9129,0.9129,1.8258,0.0,0.0,2.7387,0.0,0.9129,2.7387,0.0,0.0,0.0,0.9129,0.0871
Seq370,0.8902,0.0,0.0,0.0,1.7804,0.8902,0.0,2.6706,1.7804,0.8902,0.0,0.0,0.0,0.0,0.0,1.7804,0.0,0.0,0.8902,0.0,0.1098
Seq371,1.8586,0.0,0.0,0.9293,0.0,0.0,0.0,0.0,0.0,0.0,0.9293,0.9293,0.0,0.9293,0.0,0.9293,0.9293,0.9293,0.0,0.0,0.0707
Seq372,0.0,0.0,0.0,0.0,0.0,0.0,0.0,1.7902,0.0,1.7902,0.8951,0.0,0.0,0.8951,0.8951,0.0,0.0,0.0,0.0,1.7902,0.1049
Seq373,0.0,0.0,0.0,0.0,0.0,0.0,0.0,2.6835,0.8945,1.789,0.8945,0.8945,0.0,0.8945,0.8945,0.0,0.0,0.0,0.0,1.789,0.1055
Seq374,2.7192,0.0,2.7192,3.6256,0.0,2.7192,0.0,2.7192,1.8128,6.3448,0.0,1.8128,1.8128,0.0,0.9064,2.7192,0.9064,0.9064,0.0,0.0,0.0936
Seq375,0.9337,0.9337,2.8012,0.9337,0.9337,0.0,0.0,1.8675,0.0,1.8675,0.9337,0.9337,0.9337,0.0,0.0,2.8012,0.9337,0.9337,0.0,0.0,0.0663
Seq376,0.0,0.0,1.8321,0.916,0.916,0.0,0.0,2.7481,1.8321,0.916,0.916,0.916,1.8321,1.8321,0.916,0.0,0.0,0.916,0.0,1.8321,0.084
Seq377,1.8535,0.0,0.0,1.8535,2.7803,0.0,0.0,1.8535,0.9268,0.9268,0.9268,0.9268,3.7071,0.0,0.0,0.9268,0.0,1.8535,0.0,0.0,0.0732
Seq378,0.8179,0.0,0.8179,0.8179,0.0,0.0,0.0,0.8179,0.0,0.0,0.0,0.0,0.0,0.0,0.8179,0.0,0.0,0.8179,1.6358,0.0,0.1821
Seq379,1.8337,0.0,0.0,1.8337,1.8337,0.0,0.0,1.8337,1.8337,0.9168,0.9168,0.9168,3.6673,0.0,0.0,0.9168,0.0,1.8337,0.0,0.0,0.0832
Seq380,0.0,0.9407,1.8814,0.0,0.9407,0.0,0.0,1.8814,0.0,0.9407,0.9407,0.0,0.9407,0.0,0.0,1.8814,0.0,0.0,0.0,0.0,0.0593
Seq381,2.693,0.0,0.8977,0.0,0.0,3.5906,0.0,0.0,0.8977,1.7953,0.8977,0.0,0.0,0.0,0.8977,0.8977,0.0,0.0,0.0,0.0,0.1023
Seq382,0.0,0.0,0.0,0.0,0.0,2.4997,0.0,0.0,0.0,7.499,0.0,0.0,0.0,0.0,5.8325,0.0,0.0,0.0,0.0,0.0,0.1668
Seq383,0.9415,0.9415,1.883,0.9415,0.9415,0.0,0.0,2.8245,0.0,1.883,0.9415,0.9415,0.9415,0.0,0.0,2.8245,0.9415,0.9415,0.0,0.0,0.0585
Seq384,1.8632,0.0,0.0,0.0,1.8632,2.7948,0.0,2.7948,0.0,3.7265,0.0,0.0,0.0,0.0,0.0,0.9316,0.9316,0.9316,0.9316,0.0,0.0684
Seq385,1.8205,0.0,0.0,0.0,0.9103,0.9103,0.0,0.9103,0.0,2.7308,0.0,0.0,0.0,0.0,0.9103,0.0,0.9103,0.0,0.9103,0.9103,0.0897
Seq386,7.3161,0.0,0.0,0.0,0.9145,8.2306,0.0,0.0,12.8031,0.0,0.0,0.0,0.0,0.0,0.0,0.0,0.0,0.0,0.0,0.0,0.0855
Seq387,0.0,0.0,1.8046,0.9023,1.8046,2.7069,0.0,0.0,0.9023,0.0,0.0,0.0,0.0,0.9023,0.0,1.8046,0.9023,0.9023,0.9023,3.6091,0.0977
Seq388,0.0,0.8371,2.5112,0.8371,0.8371,0.0,0.0,1.6741,0.8371,1.6741,0.0,0.0,0.0,0.0,0.8371,1.6741,0.0,0.8371,2.5112,0.0,0.1629
Seq389,1.7014,0.8507,2.5522,0.0,0.0,0.0,0.8507,0.0,1.7014,5.955,0.0,0.0,0.0,0.0,5.1043,0.8507,0.0,0.8507,0.0,0.0,0.1493
Seq390,3.7072,0.0,0.0,0.0,1.8536,3.7072,0.0,2.7804,0.0,4.6339,0.9268,0.9268,0.0,0.9268,0.0,0.0,0.0,0.0,0.9268,0.0,0.0732
Seq391,0.0,0.8406,0.8406,0.0,0.0,0.8406,0.0,0.0,0.8406,4.203,0.0,0.0,0.8406,0.0,3.3624,0.0,0.8406,0.8406,0.8406,0.8406,0.1594
Seq392,0.8485,0.8485,2.5456,0.8485,0.8485,0.0,0.0,0.8485,0.8485,1.6971,0.0,0.0,0.0,0.0,0.8485,1.6971,0.0,0.8485,2.5456,0.0,0.1515
Seq393,0.912,0.0,1.8239,3.6479,0.912,0.0,0.912,2.7359,0.912,0.0,2.7359,2.7359,0.0,0.0,0.0,4.5599,0.0,0.912,0.0,1.8239,0.08800000000000001
Seq394,0.0,0.0,1.8076,0.9038,0.9038,0.9038,0.0,0.9038,0.0,1.8076,0.0,0.0,0.9038,0.0,0.0,0.0,0.9038,0.0,0.0,1.8076,0.0962
Seq395,0.9383,0.9383,2.8148,0.9383,0.9383,0.0,0.0,1.8766,0.0,1.8766,0.9383,0.9383,0.9383,0.0,0.0,2.8148,0.9383,0.9383,0.0,0.0,0.0617
Seq396,1.9012,0.9506,0.0,1.9012,0.0,2.8518,0.0,0.0,0.0,0.9506,0.0,0.0,1.9012,2.8518,0.0,0.0,0.0,1.9012,0.0,0.0,0.0494
Seq397,3.6608,0.0,1.8304,0.0,2.7456,5.4912,0.9152,2.7456,0.9152,2.7456,0.9152,0.0,0.0,0.9152,0.0,1.8304,1.8304,1.8304,0.9152,0.9152,0.0848
Seq398,0.0,0.934,1.8679,0.934,0.934,0.0,0.0,1.8679,0.0,1.8679,0.934,0.0,0.934,0.0,0.0,2.8019,0.0,0.0,0.0,0.0,0.066
Seq399,1.7656,0.0,0.0,0.8828,0.8828,0.8828,0.0,0.0,0.8828,2.6484,0.0,0.0,0.8828,0.8828,0.8828,0.0,0.8828,0.0,0.8828,0.8828,0.1172
Seq400,0.0,1.7662,2.6494,0.0,0.8831,0.8831,0.0,2.6494,0.0,3.5325,0.0,0.8831,0.8831,3.5325,2.6494,2.6494,0.8831,0.8831,0.8831,0.0,0.1169
Seq401,2.7593,0.0,0.0,1.8395,2.7593,0.0,0.0,1.8395,0.9198,0.9198,0.9198,0.0,3.679,0.0,0.0,0.9198,0.0,1.8395,0.0,0.0,0.0802
Seq402,0.0,0.0,0.0,0.0,0.0,3.5915,0.0,2.6937,0.8979,0.8979,0.0,0.0,0.0,0.0,2.6937,1.7958,0.0,2.6937,0.0,0.0,0.1021
Seq403,4.3854,0.0,0.0,1.7542,0.8771,3.5083,0.0,3.5083,6.1396,1.7542,0.8771,1.7542,0.8771,0.0,1.7542,0.0,0.0,2.6313,0.8771,0.0,0.1229
Seq404,0.0,0.0,0.8427,0.0,1.6854,0.0,0.0,1.6854,1.6854,0.8427,0.0,0.0,0.0,0.8427,2.5281,0.0,0.0,0.8427,0.0,0.0,0.1573
Seq405,5.1619,0.0,0.0,0.0,0.8603,2.581,0.0,0.8603,6.8825,5.1619,0.0,0.0,0.0,0.0,6.8825,0.0,0.0,3.4413,0.0,0.0,0.1397
Seq406,3.4228,0.0,0.0,0.0,0.8557,1.7114,0.0,0.8557,3.4228,2.5671,0.0,0.0,0.0,0.0,4.2785,0.0,0.0,2.5671,0.0,0.0,0.1443
Seq407,0.9091,0.0,0.9091,1.8183,0.0,0.0,0.0,0.9091,2.7274,3.6365,0.0,4.5457,0.0,0.0,0.9091,2.7274,0.9091,1.8183,0.0,0.0,0.0909
Seq408,4.5555,0.0,0.0,3.6444,0.0,1.8222,0.0,0.9111,2.7333,3.6444,0.0,2.7333,0.0,0.0,1.8222,1.8222,3.6444,4.5555,0.0,0.0,0.0889
Seq409,2.5788,0.0,0.0,0.0,0.0,1.7192,0.0,0.0,0.8596,0.0,0.0,0.0,0.8596,0.0,1.7192,0.8596,0.0,1.7192,1.7192,0.8596,0.1404
Seq410,0.0,0.0,0.0,0.0,3.3611,0.8403,0.0,0.8403,5.0416,0.8403,0.0,0.0,0.8403,0.0,2.5208,0.8403,0.0,0.0,0.0,0.0,0.1597
Seq411,2.7125,0.0,2.7125,3.6167,0.0,1.8084,0.0,2.7125,1.8084,6.3293,0.0,1.8084,0.9042,0.9042,1.8084,2.7125,0.9042,0.9042,0.0,0.0,0.0958
Seq412,5.177,0.0,0.0,0.0,6.9027,0.0,0.0,0.0,7.7655,0.0,0.0,0.0,0.0,0.0,0.0,0.0,0.0,0.0,0.0,0.0,0.1372
Seq413,0.8787,0.0,1.7574,0.0,0.0,0.0,0.8787,0.8787,3.5149,6.151,0.8787,0.0,0.0,0.8787,2.6362,0.0,0.8787,2.6362,0.0,0.0,0.1213
Seq414,1.8719,0.0,0.0,0.0,1.8719,0.0,0.0,0.936,0.936,2.8079,0.0,0.936,1.8719,0.936,0.0,0.936,2.8079,0.936,0.0,0.936,0.064
Seq415,1.8596,0.0,0.0,0.0,1.8596,0.0,0.0,0.9298,0.9298,0.9298,0.0,0.9298,1.8596,0.9298,0.0,0.9298,2.7895,0.9298,0.0,0.9298,0.0702
Seq416,1.8723,0.0,0.0,0.0,0.9361,0.0,0.0,0.9361,0.9361,0.0,0.0,0.9361,1.8723,0.9361,0.0,0.9361,2.8084,0.9361,0.0,0.9361,0.0639
Seq417,0.0,0.0,0.9457,0.0,0.9457,0.0,0.0,0.0,0.0,1.8913,0.9457,0.9457,0.9457,0.0,0.0,0.0,0.9457,0.9457,0.0,0.0,0.0543
Seq418,0.0,0.0,0.9414,0.0,0.0,0.0,0.0,0.0,0.0,1.8828,0.9414,0.9414,0.9414,0.0,0.0,0.0,0.9414,0.9414,0.0,0.0,0.0586
Seq419,0.9334,0.0,1.8667,0.0,0.9334,0.0,0.0,0.9334,0.0,1.8667,0.9334,0.9334,1.8667,0.9334,0.0,0.0,0.9334,1.8667,0.0,0.0,0.0666
Seq420,0.9232,0.0,0.9232,0.0,1.8464,0.0,0.0,0.0,0.9232,1.8464,0.9232,0.9232,1.8464,0.9232,0.0,0.0,0.9232,1.8464,0.0,0.0,0.0768
Seq421,0.0,0.8481,0.8481,0.0,0.0,0.8481,0.0,0.0,0.8481,5.0887,0.0,0.0,0.8481,0.0,3.3924,0.0,0.8481,0.8481,0.8481,0.8481,0.1519
Seq422,1.7811,0.8906,0.0,0.0,2.6717,0.0,0.0,0.8906,1.7811,0.8906,0.0,0.0,0.8906,1.7811,2.6717,0.0,1.7811,0.0,0.8906,0.8906,0.1094
Seq423,0.0,0.8296,0.0,0.0,3.3184,2.4888,0.0,0.0,4.148,0.0,0.0,0.0,0.0,0.0,2.4888,0.0,0.0,0.0,2.4888,0.8296,0.1704
Seq424,3.3756,0.0,0.0,0.0,0.8439,0.0,0.0,0.0,10.1269,0.0,0.0,0.0,0.0,0.0,0.0,0.0,0.0,3.3756,0.0,0.0,0.1561
Seq425,0.9365,0.9365,1.8729,0.9365,0.9365,0.0,0.0,2.8094,0.0,1.8729,0.9365,0.9365,0.9365,0.0,0.0,2.8094,0.9365,0.9365,0.0,0.0,0.0635
Seq426,0.9292,0.9292,2.7877,0.9292,0.9292,0.0,0.0,2.7877,0.0,1.8585,0.9292,0.9292,0.9292,0.0,0.0,2.7877,0.0,0.9292,0.0,0.0,0.0708
Seq427,0.0,0.9002,0.0,1.8003,0.9002,1.8003,0.9002,1.8003,0.0,3.6007,0.0,2.7005,3.6007,0.9002,2.7005,0.9002,1.8003,1.8003,0.9002,0.0,0.0998
Seq428,4.4802,0.0,0.896,0.896,0.896,3.5842,0.0,4.4802,6.2723,0.896,0.0,0.896,0.896,2.6881,0.896,0.0,0.896,3.5842,0.896,0.0,0.10400000000000001
Seq429,0.8714,0.0,0.0,0.0,0.0,1.7428,0.0,0.0,0.8714,1.7428,0.8714,0.0,0.0,0.0,0.8714,0.8714,0.0,0.0,0.0,0.0,0.1286
Seq430,0.9352,0.9352,2.8055,0.9352,0.9352,0.0,0.0,2.8055,0.0,0.9352,0.9352,0.9352,0.9352,0.0,0.0,2.8055,0.9352,0.9352,0.0,0.0,0.0648
Seq431,0.9279,0.9279,2.7838,0.9279,0.9279,0.0,0.0,2.7838,0.0,1.8558,0.9279,0.9279,0.9279,0.0,0.0,1.8558,0.9279,0.9279,0.0,0.0,0.0721
Seq432,2.6845,0.0,2.6845,3.5794,0.0,2.6845,0.8948,2.6845,1.7897,6.2639,0.0,1.7897,1.7897,0.0,1.7897,0.8948,0.8948,0.8948,0.0,0.0,0.1052
Seq433,0.905,0.0,1.81,3.62,0.0,0.905,0.905,1.81,3.62,2.715,0.0,2.715,0.0,1.81,1.81,5.43,1.81,0.0,1.81,0.0,0.095
Seq434,0.0,0.0,0.0,0.0,0.0,2.7461,0.0,1.8307,0.0,5.4922,0.0,0.0,0.9154,0.0,2.7461,0.9154,0.9154,2.7461,0.0,0.0,0.0846
Seq435,0.0,0.8643,2.593,0.0,0.8643,0.0,0.0,0.8643,0.8643,1.7287,0.0,0.0,0.0,0.0,0.8643,0.8643,1.7287,1.7287,2.593,0.0,0.1357
Seq436,0.0,0.0,0.0,0.0,2.7102,2.7102,3.6136,2.7102,0.9034,0.9034,0.0,0.0,0.0,0.0,1.8068,0.0,1.8068,2.7102,0.0,0.0,0.0966
Seq437,1.7621,0.8811,2.6432,1.7621,0.0,0.0,0.8811,3.5243,1.7621,2.6432,0.0,2.6432,0.0,0.0,0.8811,0.8811,0.0,0.8811,0.8811,0.0,0.1189
Seq438,1.7873,0.0,3.5746,3.5746,0.0,0.0,0.0,3.5746,3.5746,3.5746,0.0,1.7873,0.8936,0.8936,1.7873,4.4682,0.0,0.8936,0.8936,0.0,0.1064
Seq439,0.8931,0.0,2.6793,3.5725,0.0,0.8931,0.8931,3.5725,3.5725,2.6793,0.0,2.6793,0.0,1.7862,1.7862,4.4656,0.0,0.0,1.7862,0.0,0.1069
Seq440,0.8969,0.0,1.7938,3.5877,0.0,0.8969,0.8969,3.5877,3.5877,2.6908,0.0,2.6908,0.0,1.7938,1.7938,5.3815,0.0,0.0,1.7938,0.0,0.1031
Seq441,0.9004,0.0,1.8008,3.6015,0.0,0.9004,0.9004,2.7012,3.6015,2.7012,0.0,2.7012,0.0,1.8008,1.8008,5.4023,0.9004,0.0,1.8008,0.0,0.0996
Seq442,1.8741,0.0,0.0,0.0,1.8741,1.8741,2.8111,0.0,0.0,1.8741,0.937,0.0,1.8741,0.937,0.0,0.937,0.937,2.8111,0.937,0.937,0.063
Seq443,0.0,0.0,0.0,0.0,4.6561,1.8624,0.0,0.9312,0.0,0.0,0.0,1.8624,0.0,0.9312,0.9312,1.8624,1.8624,1.8624,0.9312,0.0,0.0688
Seq444,0.0,0.8447,0.0,0.0,0.8447,0.8447,0.0,0.0,0.8447,3.379,0.0,0.0,0.8447,0.0,3.379,0.0,1.6895,0.8447,0.8447,0.8447,0.1553
Seq445,1.8094,0.0,0.9047,2.7141,0.0,0.9047,0.9047,2.7141,0.9047,2.7141,0.0,0.9047,0.0,0.0,0.9047,1.8094,2.7141,1.8094,0.0,0.0,0.0953
Seq446,0.8991,0.0,1.7982,1.7982,0.0,0.0,0.0,0.0,3.5964,3.5964,0.0,1.7982,0.0,0.0,0.0,1.7982,0.8991,1.7982,0.0,0.0,0.1009
Seq447,1.795,0.0,1.795,0.8975,0.0,0.8975,0.0,3.59,0.0,0.0,0.0,0.0,0.0,0.8975,0.8975,0.0,0.8975,0.8975,0.0,0.0,0.1025
Seq448,0.0,0.0,0.0,0.0,2.7602,0.9201,0.0,0.0,0.9201,2.7602,0.0,0.9201,0.0,0.0,0.0,0.0,0.0,0.0,0.0,0.0,0.0799
Seq449,2.6896,0.0,2.6896,3.5861,0.0,2.6896,0.0,2.6896,1.7931,6.2758,0.0,1.7931,1.7931,0.0,1.7931,1.7931,0.8965,0.8965,0.0,0.0,0.1035
Seq450,0.0,0.8668,2.6004,0.8668,0.8668,0.8668,0.0,1.7336,0.8668,1.7336,0.0,0.0,0.0,0.0,0.8668,2.6004,0.0,0.8668,2.6004,0.0,0.1332
Seq451,0.0,0.8581,2.5743,0.8581,0.8581,0.0,0.0,1.7162,0.8581,1.7162,0.0,0.0,0.0,0.0,0.8581,1.7162,0.8581,0.8581,2.5743,0.0,0.1419
Seq452,0.0,0.8345,0.8345,0.8345,0.8345,0.0,0.0,1.6691,0.8345,1.6691,0.0,0.0,0.0,0.0,2.5036,1.6691,0.0,0.8345,2.5036,0.0,0.1655
Seq453,0.8723,0.0,0.0,0.8723,0.0,0.0,0.0,0.0,0.0,0.0,0.0,0.8723,0.0,1.7446,7.8508,0.0,0.8723,0.0,0.8723,0.0,0.1277
Seq454,7.1262,0.0,0.0,1.7816,0.0,0.0,0.0,2.6723,1.7816,1.7816,0.8908,0.0,0.8908,0.0,0.8908,0.0,0.0,0.0,1.7816,0.8908,0.1092
Seq455,0.8854,0.0,0.0,0.8854,0.0,0.0,0.0,1.7709,0.0,0.0,1.7709,1.7709,0.8854,0.0,0.8854,0.8854,0.0,0.0,0.8854,0.0,0.1146
Seq456,0.0,0.0,0.8674,1.7348,2.6022,0.8674,0.0,1.7348,2.6022,1.7348,0.0,0.8674,0.0,0.8674,2.6022,0.0,0.0,0.8674,0.0,0.0,0.1326
Seq457,0.0,0.0,1.7619,2.6429,1.7619,1.7619,0.0,2.6429,5.2858,5.2858,0.0,0.881,0.881,0.881,4.4049,1.7619,0.881,1.7619,0.0,0.0,0.11900000000000001
Seq458,1.8128,0.0,0.9064,0.0,2.7192,5.4384,0.9064,0.9064,0.9064,1.8128,0.0,0.0,0.0,0.9064,0.0,1.8128,1.8128,4.532,0.9064,0.9064,0.0936
Seq459,0.0,0.0,0.0,0.0,2.8722,0.0,0.0,0.9574,1.9148,0.0,0.0,0.0,0.0,0.0,1.9148,0.0,0.0,0.9574,0.0,0.9574,0.0426
Seq460,0.9304,0.9304,2.7913,0.9304,0.9304,0.0,0.0,2.7913,0.0,1.8609,0.0,0.9304,0.9304,0.0,0.0,2.7913,0.9304,0.9304,0.0,0.0,0.0696
Seq461,0.0,0.8568,2.5703,0.8568,0.8568,0.0,0.0,0.8568,0.8568,2.5703,0.0,0.0,0.0,0.0,0.8568,1.7135,0.0,0.8568,2.5703,0.0,0.1432
Seq462,0.0,0.8574,2.5722,0.8574,0.8574,0.0,0.0,0.0,0.8574,3.4297,0.0,0.0,0.0,0.0,0.8574,1.7148,0.0,0.8574,2.5722,0.0,0.1426
Seq463,0.0,0.8543,2.5629,0.8543,0.8543,0.0,0.0,0.8543,0.8543,1.7086,0.0,0.0,0.0,0.0,0.8543,1.7086,0.0,1.7086,2.5629,0.0,0.1457
Seq464,0.9417,0.9417,1.8834,0.9417,0.9417,0.0,0.0,2.8251,0.0,1.8834,0.9417,0.9417,0.9417,0.0,0.0,2.8251,0.9417,0.9417,0.0,0.0,0.0583
Seq465,0.929,0.0,0.929,6.5028,0.0,0.0,0.929,2.7869,1.8579,4.6448,0.0,3.7159,0.0,3.7159,0.929,3.7159,0.929,0.0,0.929,0.929,0.071
Seq466,0.9196,0.0,0.0,1.8393,3.6786,0.9196,0.0,1.8393,0.9196,1.8393,0.9196,0.0,3.6786,0.0,0.0,0.9196,0.0,0.9196,0.0,0.0,0.0804
Seq467,2.2745,0.0,0.0,0.0,6.0652,0.0,0.0,0.7582,4.5489,0.7582,0.0,0.0,0.0,0.0,4.5489,0.0,0.0,0.0,0.0,0.0,0.2418
Seq468,0.0,0.0,0.0,5.703,0.0,0.0,0.9505,2.8515,0.9505,3.802,0.0,3.802,0.0,3.802,0.0,2.8515,0.9505,0.0,0.0,0.9505,0.0495
Seq469,0.0,0.0,0.0,0.873,0.873,0.873,0.0,1.7459,0.873,3.4919,1.7459,0.873,0.0,0.873,3.4919,1.7459,0.0,0.873,2.6189,0.0,0.127
Seq470,0.0,0.9322,2.7966,0.9322,0.9322,0.0,0.0,2.7966,0.0,1.8644,0.9322,0.9322,0.9322,0.0,0.0,2.7966,0.0,0.9322,0.0,0.0,0.0678
Seq471,0.0,0.8562,2.5686,0.8562,0.8562,0.0,0.0,0.8562,0.8562,2.5686,0.0,0.0,0.0,0.0,0.8562,1.7124,0.0,0.8562,2.5686,0.0,0.1438
Seq472,0.0,0.8557,2.5671,0.8557,0.8557,0.0,0.0,1.7114,0.8557,2.5671,0.0,0.0,0.0,0.0,0.8557,1.7114,0.0,0.0,2.5671,0.0,0.1443
Seq473,0.0,0.8576,2.5728,0.8576,0.8576,0.0,0.0,0.0,0.8576,4.2879,0.0,0.0,0.0,0.0,0.8576,1.7152,0.0,0.0,2.5728,0.0,0.1424
Seq474,1.8632,0.0,0.0,0.0,0.0,2.7948,0.0,2.7948,2.7948,3.7264,0.0,0.0,0.9316,1.8632,1.8632,0.9316,1.8632,1.8632,0.9316,0.0,0.0684
Seq475,0.9009,0.0,1.8018,3.6036,0.0,0.9009,0.0,2.7027,2.7027,4.5045,0.0,2.7027,0.0,1.8018,0.9009,0.9009,0.0,0.9009,0.0,0.0,0.0991
Seq476,2.8269,0.0,0.0,1.8846,0.9423,0.0,0.0,2.8269,1.8846,0.9423,0.0,2.8269,0.0,4.7115,0.0,2.8269,3.7692,0.0,0.0,0.9423,0.0577
Seq477,0.0,0.9358,1.8716,0.9358,0.9358,0.0,0.0,1.8716,0.0,1.8716,0.9358,0.9358,0.9358,0.0,0.0,2.8074,0.0,0.0,0.0,0.0,0.0642
Seq478,0.0,0.0,0.0,0.0,2.8398,0.9466,1.8932,0.0,0.0,2.8398,0.0,0.0,0.0,0.0,0.0,0.0,0.0,0.0,0.0,0.0,0.0534
Seq479,2.7396,0.0,2.7396,3.6527,0.0,1.8264,0.0,2.7396,1.8264,6.3923,0.0,1.8264,1.8264,0.9132,0.9132,2.7396,0.9132,0.9132,0.0,0.0,0.0868
Seq480,0.0,0.0,0.8629,0.8629,1.7258,0.8629,0.0,2.5888,2.5888,1.7258,0.0,0.8629,0.0,0.8629,2.5888,0.0,0.0,1.7258,0.0,0.0,0.1371
Seq481,1.8219,0.0,0.9109,1.8219,0.0,0.9109,0.0,2.7328,1.8219,1.8219,0.0,3.6437,0.0,0.9109,0.9109,0.9109,0.0,2.7328,0.0,0.0,0.0891
Seq482,0.9386,0.0,0.0,0.0,1.8772,2.8157,0.0,1.8772,0.9386,3.7543,0.0,0.0,0.9386,0.0,0.0,1.8772,0.0,0.9386,0.0,0.0,0.0614
Seq483,1.744,0.0,0.872,2.616,0.872,0.872,0.0,0.872,2.616,2.616,0.0,0.0,0.0,0.0,1.744,1.744,0.0,0.872,0.872,0.872,0.128
Seq484,1.804,0.0,2.7059,3.6079,0.0,0.0,0.0,3.6079,2.7059,3.6079,0.0,3.6079,0.902,0.902,1.804,4.5099,0.0,0.902,0.902,0.0,0.098
Seq485,1.7867,0.0,3.5734,3.5734,0.0,0.0,0.0,3.5734,3.5734,3.5734,0.0,1.7867,0.8934,0.8934,1.7867,4.4668,0.0,0.8934,0.8934,0.0,0.1066
Seq486,0.8987,0.0,1.7974,3.5949,0.0,0.8987,0.8987,2.6962,3.5949,2.6962,0.0,2.6962,0.0,1.7974,1.7974,6.2911,0.0,0.0,1.7974,0.0,0.1013
Seq487,0.0,1.8739,0.0,0.0,0.0,0.0,0.0,0.0,0.937,1.8739,0.0,0.0,0.0,0.0,0.0,0.0,2.8109,0.0,0.0,0.937,0.063
Seq488,0.9297,0.9297,0.9297,2.7891,0.0,0.9297,0.0,0.9297,0.9297,5.5782,0.0,0.0,0.0,0.9297,1.8594,1.8594,1.8594,0.9297,0.0,0.0,0.0703
Seq489,1.8679,1.8679,0.0,1.8679,2.8018,0.0,0.0,1.8679,0.9339,0.9339,0.9339,0.9339,3.7358,0.0,0.0,0.0,0.0,0.9339,0.0,0.0,0.0661
Seq490,0.0,0.0,0.9227,6.4587,0.0,0.0,0.9227,2.768,0.9227,3.6907,0.9227,3.6907,0.0,3.6907,0.9227,1.8454,0.9227,0.0,2.768,0.9227,0.0773
Seq491,7.1203,0.0,0.0,1.7801,0.0,0.89,0.0,3.5601,2.6701,1.7801,0.89,0.0,0.89,0.89,0.89,0.0,0.0,0.0,1.7801,0.89,0.11
Seq492,0.0,0.8643,2.5928,0.8643,0.0,0.0,0.0,1.7285,0.0,1.7285,0.0,0.0,0.0,0.0,0.8643,1.7285,0.0,0.8643,2.5928,0.0,0.1357
Seq493,0.0,0.0,0.8586,0.0,1.7173,0.8586,0.0,1.7173,1.7173,1.7173,0.0,0.8586,0.0,0.8586,2.5759,0.0,0.0,1.7173,0.0,0.0,0.1414
Seq494,7.8847,0.0,0.0,0.0,0.8761,0.0,0.0,0.8761,6.1325,1.7522,0.0,0.0,0.0,0.0,5.2565,0.0,0.0,0.8761,0.0,0.0,0.1239
Seq495,0.9453,1.8906,0.0,0.9453,3.7812,0.0,0.0,1.8906,0.9453,0.9453,0.0,0.9453,3.7812,0.0,0.0,0.9453,0.0,1.8906,0.0,0.0,0.0547
Seq496,0.0,0.0,0.8655,0.0,1.731,0.8655,0.0,2.5965,2.5965,1.731,0.0,0.8655,0.0,1.731,2.5965,0.0,0.0,1.731,0.0,0.0,0.1345
Seq497,0.0,0.0,0.9335,0.0,0.9335,0.0,0.0,0.0,0.9335,2.8005,0.9335,0.9335,0.9335,0.0,0.0,0.0,0.9335,0.9335,0.0,0.0,0.0665
Seq498,0.0,0.8273,0.0,0.0,0.8273,0.0,0.0,1.6547,1.6547,1.6547,0.0,0.0,0.0,0.0,3.3094,1.6547,0.0,0.8273,2.482,0.0,0.1727
Seq499,1.7609,0.0,0.0,0.8804,0.0,0.8804,0.0,2.6413,0.0,1.7609,0.0,0.0,0.0,1.7609,0.8804,0.0,0.8804,0.8804,0.8804,0.0,0.1196
Seq500,0.9313,0.0,0.0,0.0,0.0,0.9313,0.0,1.8627,2.794,2.794,0.0,0.0,0.9313,1.8627,1.8627,0.9313,1.8627,0.9313,0.9313,0.0,0.0687
Seq501,0.0,0.8328,0.8328,0.0,0.8328,0.0,0.0,1.6655,1.6655,1.6655,0.0,0.0,0.0,0.0,2.4983,1.6655,0.0,0.8328,2.4983,0.0,0.1672
Seq502,0.0,0.0,0.0,0.0,2.8891,0.0,2.8891,0.0,0.0,2.8891,0.0,0.0,0.0,0.0,0.0,0.0,0.0,0.0,0.0,0.0,0.037000000000000005
Seq503,0.9628,0.0,0.0,0.0,0.0,0.0,0.0,0.9628,0.0,1.9256,0.0,0.9628,0.0,1.9256,0.0,4.8141,1.9256,0.9628,0.0,0.0,0.0372
Seq504,2.6276,0.8759,2.6276,0.0,0.0,0.0,0.8759,0.0,2.6276,6.1311,0.0,0.0,0.0,0.8759,5.2552,0.8759,0.0,1.7517,0.0,0.8759,0.1241
Seq505,0.8752,0.0,0.0,0.0,0.0,1.7503,0.8752,0.0,0.8752,1.7503,1.7503,0.0,0.0,0.0,1.7503,0.8752,0.0,0.0,0.0,0.0,0.1248
Seq506,1.8249,0.0,1.8249,2.7374,0.0,0.9125,0.0,3.6498,1.8249,3.6498,0.0,4.5623,0.0,0.9125,0.9125,1.8249,0.0,2.7374,0.0,0.0,0.0875
Seq507,0.0,0.8555,2.5666,0.8555,0.8555,0.0,0.0,1.7111,0.8555,1.7111,0.0,0.0,0.0,0.0,0.8555,1.7111,0.0,0.8555,2.5666,0.0,0.1445
Seq508,0.8819,0.0,0.0,0.0,0.0,2.6457,0.0,0.0,0.8819,1.7638,0.8819,0.0,0.0,0.0,0.8819,0.8819,0.0,0.0,0.0,0.0,0.1181
Seq509,0.0,0.8569,2.5708,0.8569,0.8569,0.0,0.0,0.8569,0.8569,3.4277,0.0,0.0,0.0,0.0,0.8569,1.7139,0.0,0.0,2.5708,0.0,0.1431
Seq510,1.7938,0.0,3.5877,3.5877,0.0,0.0,0.0,4.4846,3.5877,2.6908,0.0,2.6908,0.8969,0.8969,1.7938,4.4846,0.0,0.8969,0.8969,0.0,0.1031
Seq511,1.7947,0.0,4.4867,3.5893,0.0,0.0,0.0,3.5893,3.5893,2.692,0.0,2.692,0.8973,0.8973,1.7947,4.4867,0.0,0.8973,0.8973,0.0,0.1027
Seq512,0.9266,0.0,0.9266,5.5599,0.9266,0.0,0.9266,1.8533,2.7799,5.5599,0.0,2.7799,0.0,3.7066,0.0,2.7799,0.9266,0.0,2.7799,0.9266,0.0734
Seq513,5.8305,0.0,0.0,0.0,0.0,0.0,0.0,0.0,1.9435,5.8305,0.0,0.0,1.9435,0.0,1.9435,0.0,0.0,1.9435,0.0,0.0,0.0283
Seq514,1.8832,0.0,0.0,0.0,1.8832,0.0,0.0,0.9416,0.9416,2.8248,0.0,1.8832,2.8248,0.9416,0.0,0.9416,3.7665,1.8832,0.0,0.9416,0.0584
Seq515,0.9316,0.0,0.0,1.8632,3.7264,0.0,0.0,1.8632,0.9316,0.9316,0.9316,0.9316,3.7264,0.0,0.0,0.9316,0.0,1.8632,0.0,0.0,0.0684
Seq516,0.0,0.0,0.9212,0.0,0.9212,0.0,0.0,0.0,0.9212,2.7635,0.9212,0.9212,0.9212,0.0,0.0,0.0,0.9212,1.8423,0.0,0.0,0.0788
Seq517,1.8116,0.0,1.8116,4.5291,0.0,1.8116,0.0,3.6233,2.7175,4.5291,0.0,4.5291,0.0,1.8116,0.9058,1.8116,0.0,2.7175,0.0,0.9058,0.0942
Seq518,0.0,0.0,0.9213,4.6066,0.0,0.0,0.9213,3.6853,0.0,2.764,1.8427,4.6066,0.0,3.6853,0.9213,3.6853,1.8427,0.0,2.764,0.9213,0.0787
Seq519,0.0,0.0,0.9272,5.563,0.0,0.0,0.9272,3.7087,0.9272,1.8543,1.8543,5.563,0.0,2.7815,0.9272,2.7815,1.8543,0.0,2.7815,0.9272,0.0728
Seq520,0.8866,0.0,0.8866,7.0932,0.8866,0.0,0.0,3.5466,5.3199,0.8866,0.8866,0.8866,0.0,0.0,0.8866,0.8866,2.6599,0.8866,3.5466,2.6599,0.1134
Seq521,0.0,0.8553,2.566,0.0,0.8553,0.0,0.0,1.7107,0.8553,0.8553,0.0,0.0,0.0,0.0,0.8553,1.7107,0.0,2.566,2.566,0.0,0.1447
Seq522,0.0,0.8614,2.5843,0.8614,0.8614,0.8614,0.0,1.7229,0.8614,1.7229,0.0,0.0,0.0,0.0,0.8614,1.7229,0.0,0.8614,2.5843,0.0,0.1386
Seq523,0.0,0.8572,2.5716,0.8572,0.8572,0.0,0.0,1.7144,0.8572,1.7144,0.0,0.0,0.0,0.0,0.8572,1.7144,0.8572,0.8572,3.4288,0.0,0.1428
Seq524,2.5953,0.8651,2.5953,1.7302,0.0,0.0,0.8651,0.0,2.5953,6.9207,0.0,0.0,0.0,0.8651,6.0556,0.8651,0.0,1.7302,0.0,0.8651,0.1349
Seq525,0.8661,0.0,0.0,0.0,0.0,1.7322,0.8661,0.0,0.8661,1.7322,0.8661,0.0,0.0,0.0,1.7322,0.8661,0.0,0.0,0.0,0.0,0.1339
Seq526,1.8809,0.0,0.0,0.0,1.8809,0.0,0.0,0.9404,0.9404,2.8213,0.0,0.9404,2.8213,0.9404,0.0,0.9404,3.7618,0.9404,0.0,0.9404,0.0596
Seq527,0.0,0.8555,2.5666,0.8555,0.8555,0.0,0.0,1.7111,0.8555,1.7111,0.0,0.0,0.0,0.0,0.8555,1.7111,0.0,0.8555,2.5666,0.0,0.1445
Seq528,1.551,0.0,0.0,0.0,0.7755,0.0,0.0,1.551,3.8774,2.3264,0.0,0.0,0.0,0.0,2.3264,0.0,0.0,0.7755,0.0,0.0,0.2245
Seq529,0.9254,0.0,0.9254,5.5523,0.9254,0.0,0.9254,1.8508,1.8508,5.5523,0.0,2.7761,0.9254,3.7015,0.0,2.7761,0.9254,0.0,2.7761,0.9254,0.0746
Seq530,0.0,0.8633,2.5898,0.8633,0.8633,0.0,0.0,1.7265,0.8633,1.7265,0.0,0.0,0.0,0.0,0.8633,1.7265,0.0,0.8633,2.5898,0.0,0.1367
Seq531,0.9312,0.0,0.9312,5.5874,0.0,0.0,0.9312,2.7937,1.8625,5.5874,0.0,3.725,0.0,3.725,0.0,3.725,0.9312,0.0,1.8625,0.9312,0.0688
Seq532,0.9328,1.8656,0.0,0.9328,3.7312,0.9328,0.0,1.8656,0.9328,1.8656,0.0,0.0,3.7312,0.0,0.0,0.9328,0.0,0.9328,0.0,0.0,0.0672
Seq533,0.9238,0.0,0.9238,5.5426,0.9238,0.0,0.9238,1.8475,1.8475,5.5426,0.0,2.7713,0.0,3.6951,0.9238,2.7713,0.9238,0.0,2.7713,0.9238,0.0762
Seq534,1.7895,0.0,4.4738,3.579,0.0,0.0,0.0,3.579,3.579,3.579,0.0,1.7895,0.8948,0.8948,1.7895,4.4738,0.0,0.8948,0.8948,0.0,0.1052
Seq535,4.4276,0.8855,0.0,0.8855,0.0,0.0,0.0,0.0,0.0,0.0,0.0,0.8855,0.0,1.771,7.9697,0.0,0.8855,0.0,0.8855,0.0,0.1145
Seq536,0.0,0.0,0.0,0.0,3.3485,0.8371,0.0,0.8371,5.8599,0.8371,0.0,0.0,0.0,0.0,2.5114,0.8371,0.0,0.0,0.0,0.0,0.1629
Seq537,1.8589,0.0,0.0,0.9294,0.0,0.9294,0.9294,1.8589,0.9294,5.5766,0.0,1.8589,0.0,6.5061,1.8589,0.9294,0.0,0.9294,0.0,0.0,0.0706
Seq538,1.8851,0.0,1.8851,0.0,0.9426,0.0,1.8851,0.9426,0.0,0.0,0.0,0.9426,2.8277,0.0,0.9426,0.9426,2.8277,0.9426,0.0,0.0,0.0574
Seq539,0.9244,0.0,0.9244,0.0,0.9244,0.0,0.9244,0.0,0.9244,2.7733,0.9244,0.9244,1.8489,0.9244,0.0,0.0,0.0,1.8489,0.0,0.0,0.0756
Seq540,0.8652,0.0,0.0,0.0,0.0,1.7304,0.0,0.0,0.8652,1.7304,0.8652,0.0,0.0,0.0,1.7304,0.8652,0.0,0.0,0.0,0.0,0.1348
Seq541,0.9271,0.0,0.9271,6.4895,0.9271,0.0,0.9271,1.8542,1.8542,5.5625,0.0,2.7812,0.0,3.7083,0.0,2.7812,0.9271,0.0,2.7812,0.9271,0.0729
Seq542,0.935,1.8701,0.0,0.935,3.7401,0.935,0.0,1.8701,0.935,0.935,0.0,0.0,3.7401,0.0,0.0,0.935,0.0,1.8701,0.0,0.0,0.065
Seq543,1.8663,1.8663,0.0,0.9331,3.7325,0.0,0.0,1.8663,0.9331,0.9331,0.0,0.9331,3.7325,0.0,0.0,0.9331,0.0,0.9331,0.0,0.0,0.0669
Seq544,0.9372,0.0,0.9372,0.0,0.9372,0.0,0.9372,1.8744,1.8744,5.6232,0.0,2.8116,0.0,9.372,0.0,3.7488,0.9372,0.0,2.8116,0.9372,0.0628
Seq545,0.9078,0.0,0.9078,3.6311,0.9078,0.0,0.0,2.7233,2.7233,5.4467,0.0,4.5389,0.0,3.6311,0.0,1.8156,0.9078,0.0,4.5389,0.0,0.0922
Seq546,0.9184,0.0,0.9184,5.5105,0.9184,0.0,0.0,1.8368,1.8368,5.5105,0.0,4.592,0.0,3.6736,0.0,1.8368,0.9184,0.0,4.592,0.0,0.0816
Seq547,0.9122,0.0,0.9122,4.561,0.9122,0.0,0.0,1.8244,2.7366,5.4732,0.0,4.561,0.0,3.6488,0.0,1.8244,0.9122,0.0,4.561,0.0,0.0878
Seq548,0.9076,0.0,0.9076,3.6306,1.8153,0.0,0.0,3.6306,2.7229,5.4458,0.0,4.5382,0.0,2.7229,0.0,0.9076,0.9076,0.0,4.5382,0.0,0.0924
Seq549,0.9081,0.0,0.9081,3.6325,1.8162,0.0,0.0,2.7244,2.7244,5.4487,0.0,4.5406,0.0,3.6325,0.0,0.9081,0.9081,0.0,4.5406,0.0,0.0919
Seq550,0.8085,0.0,0.0,0.0,0.0,0.0,0.0,0.8085,1.617,0.8085,0.0,0.0,0.0,0.0,1.617,0.8085,0.0,0.8085,0.0,0.0,0.1915
Seq551,0.9033,0.0,0.0,0.9033,0.9033,0.0,0.9033,3.6133,0.0,2.71,0.0,0.0,0.0,1.8066,0.9033,0.0,0.0,0.9033,0.0,0.0,0.0967
Seq552,0.8227,0.0,0.0,0.0,0.0,0.0,0.0,0.8227,1.6454,0.8227,0.0,0.0,0.0,0.8227,1.6454,0.8227,0.0,0.8227,0.0,0.0,0.1773
Seq553,0.9269,0.0,1.8538,5.5614,0.9269,0.0,0.9269,1.8538,1.8538,5.5614,0.0,2.7807,0.0,3.7076,0.0,2.7807,0.9269,0.0,2.7807,0.9269,0.0731
Seq554,0.9263,0.0,0.9263,5.5578,0.9263,0.0,1.8526,1.8526,1.8526,5.5578,0.0,2.7789,0.0,3.7052,0.0,2.7789,0.9263,0.0,2.7789,0.9263,0.0737
Seq555,1.7947,0.0,2.692,3.5894,0.0,0.0,0.0,3.5894,3.5894,3.5894,0.0,2.692,0.8973,0.8973,1.7947,4.4867,0.0,0.8973,0.8973,0.0,0.1027
Seq556,0.8932,0.0,3.5727,3.5727,0.0,0.8932,0.0,4.4659,3.5727,2.6795,0.0,2.6795,0.8932,0.8932,1.7864,4.4659,0.0,0.0,0.8932,0.0,0.1068
Seq557,0.0,0.0,0.0,0.0,0.0,3.25,0.0,0.8125,0.0,0.0,0.0,0.0,0.0,0.0,5.6875,0.0,0.8125,0.0,0.0,0.8125,0.1875
Seq558,0.0,0.9254,0.0,1.8507,0.9254,0.0,0.9254,1.8507,0.0,2.7761,0.0,2.7761,1.8507,0.9254,1.8507,1.8507,0.9254,1.8507,0.0,0.0,0.0746
Seq559,0.0,1.8321,0.0,1.8321,0.9161,1.8321,0.9161,1.8321,0.0,4.5804,0.0,2.7482,1.8321,0.9161,1.8321,1.8321,1.8321,1.8321,0.9161,0.0,0.0839
Seq560,1.8807,1.8807,0.0,0.9403,2.821,0.0,0.0,1.8807,0.9403,0.9403,0.0,0.9403,3.7613,0.0,0.0,0.9403,0.0,1.8807,0.0,0.0,0.0597
Seq561,0.0,0.0,0.829,0.829,0.0,0.829,0.0,0.829,0.829,0.0,0.0,0.829,0.0,0.829,0.829,0.0,0.0,0.829,2.487,0.0,0.171
Seq562,0.0,0.0,0.9198,1.8396,1.8396,0.9198,1.8396,1.8396,3.6792,1.8396,0.9198,1.8396,0.0,1.8396,0.0,2.7594,0.0,0.9198,0.0,0.0,0.0802
Seq563,0.7937,0.0,0.7937,0.0,0.0,0.0,0.0,0.7937,0.0,0.0,0.0,0.0,0.0,0.0,0.7937,0.0,0.0,0.7937,2.381,0.0,0.2063
Seq564,8.6237,0.0,0.8624,6.0366,0.0,0.0,0.0,2.5871,0.8624,4.3118,0.0,0.0,0.0,1.7247,3.4495,0.0,1.7247,0.0,1.7247,0.8624,0.1376
Seq565,0.0,0.0,0.0,0.0,2.7708,0.0,0.0,0.9236,1.8472,0.0,0.0,0.0,0.0,0.0,2.7708,0.0,0.0,0.0,0.0,0.9236,0.0764
Seq566,0.7892,0.0,0.7892,0.7892,0.0,0.0,0.0,0.0,0.0,0.0,0.0,0.0,0.0,0.0,0.7892,0.0,0.0,0.7892,2.3676,0.0,0.2108
Seq567,0.9177,0.0,0.9177,5.506,0.9177,0.0,0.0,1.8353,1.8353,5.506,0.0,4.5883,0.0,3.6707,0.0,2.753,0.9177,0.0,3.6707,0.0,0.0823
Seq568,2.8342,0.0,0.0,1.8895,0.9447,1.8895,0.0,3.779,1.8895,1.8895,0.0,4.7237,0.0,5.6685,0.0,2.8342,4.7237,1.8895,0.0,0.9447,0.0553
Seq569,0.0,0.0,0.9253,0.0,0.9253,0.0,0.0,0.0,0.9253,2.776,0.9253,0.9253,1.8507,0.0,0.0,0.0,0.9253,1.8507,0.0,0.0,0.0747
Seq570,0.9378,0.0,0.9378,5.6268,0.9378,0.0,0.9378,1.8756,1.8756,5.6268,0.0,2.8134,0.9378,3.7512,0.0,3.7512,0.9378,0.0,1.8756,0.9378,0.0622
Seq571,0.0,0.0,1.7665,0.8832,0.0,3.5329,0.0,0.8832,0.0,3.5329,0.0,0.0,1.7665,0.0,0.8832,0.0,0.0,0.8832,0.0,1.7665,0.1168
Seq572,0.0,0.8906,2.6717,0.8906,0.0,3.5622,0.8906,0.8906,0.0,3.5622,0.0,0.0,1.7811,0.0,0.8906,0.0,0.0,0.8906,0.0,1.7811,0.1094
Seq573,1.7842,0.0,3.5684,3.5684,0.0,0.0,0.0,4.4606,3.5684,3.5684,0.0,1.7842,0.8921,0.8921,1.7842,4.4606,0.0,0.0,0.8921,0.0,0.1079
Seq574,3.5324,0.0,0.0,0.0,0.8831,0.8831,1.7662,0.8831,0.0,2.6493,0.0,0.8831,0.0,0.0,1.7662,0.8831,1.7662,0.0,0.8831,0.8831,0.1169
Seq575,4.5501,0.0,0.91,0.0,2.7301,5.4601,0.91,1.82,0.91,1.82,0.0,0.0,0.0,0.91,0.0,1.82,0.91,1.82,0.91,0.91,0.09
Seq576,2.7425,0.0,0.9142,0.0,1.8283,4.5708,0.9142,0.9142,0.9142,2.7425,0.9142,0.9142,0.0,0.9142,0.0,2.7425,0.9142,2.7425,0.9142,0.9142,0.0858
Seq577,0.7958,0.0,0.0,0.7958,0.0,0.0,0.0,0.7958,0.0,0.0,0.0,0.0,0.0,0.0,0.7958,0.0,0.0,0.7958,2.3875,0.0,0.2042
Seq578,0.0,0.0,0.0,0.0,4.7139,0.0,0.0,0.9428,0.0,0.9428,0.0,0.0,0.0,0.0,0.9428,0.0,0.0,1.8856,0.9428,0.9428,0.0572
Seq579,3.6881,0.0,0.922,0.922,0.922,0.0,1.8441,0.922,1.8441,0.922,0.922,0.922,0.0,1.8441,0.0,0.0,0.922,1.8441,0.0,0.922,0.078
Seq580,0.0,0.0,0.0,0.0,1.7692,5.3077,0.8846,0.0,1.7692,1.7692,0.8846,0.0,6.1924,2.6539,7.077,1.7692,0.0,0.8846,0.8846,0.0,0.1154
Seq581,0.0,0.0,0.9178,4.5892,0.0,0.0,0.9178,3.6714,0.9178,2.7535,1.8357,5.5071,0.0,1.8357,0.9178,3.6714,1.8357,0.0,2.7535,0.9178,0.0822
Seq582,0.89,0.0,2.6701,3.5601,0.0,0.89,0.0,4.4501,3.5601,2.6701,0.0,2.6701,0.89,0.89,1.7801,4.4501,0.0,0.0,1.7801,0.0,0.11
Seq583,0.7946,0.0,0.7946,0.7946,0.0,0.0,0.0,0.7946,0.0,0.0,0.0,0.0,0.0,0.0,0.7946,0.0,0.0,0.0,2.3837,0.0,0.2054
Seq584,2.6926,0.0,2.6926,2.6926,0.0,2.6926,0.8975,2.6926,1.7951,7.1802,0.0,1.7951,1.7951,0.0,1.7951,0.8975,0.8975,0.8975,0.0,0.0,0.1025
Seq585,0.0,0.0,0.919,4.5948,0.0,0.0,0.919,3.6759,0.919,2.7569,1.8379,4.5948,0.0,2.7569,0.919,3.6759,1.8379,0.0,2.7569,0.919,0.081
Seq586,0.9322,0.0,0.9322,5.5931,0.0,0.0,0.9322,2.7966,1.8644,5.5931,0.0,3.7288,0.0,3.7288,0.0,3.7288,0.9322,0.0,0.9322,0.9322,0.0678
Seq587,0.0,0.0,0.8044,0.8044,0.0,0.0,0.0,0.8044,0.0,0.0,0.0,0.0,0.0,0.0,0.8044,0.0,0.0,0.8044,2.4132,0.0,0.1956
Seq588,2.7672,0.0,1.8448,1.8448,1.8448,0.9224,0.9224,2.7672,2.7672,2.7672,0.0,3.6896,0.0,1.8448,0.9224,4.612,0.9224,1.8448,0.0,0.0,0.0776
Seq589,1.7118,0.8559,0.8559,0.0,0.0,0.0,0.8559,1.7118,1.7118,0.0,0.0,1.7118,0.0,0.0,1.7118,0.8559,0.0,0.0,0.8559,0.0,0.1441
Seq590,1.7196,0.8598,1.7196,0.0,0.0,0.0,0.8598,1.7196,0.8598,0.0,0.0,1.7196,0.0,0.0,1.7196,0.8598,0.0,0.0,0.8598,0.0,0.1402
Seq591,0.0,0.0,0.9219,5.5313,0.0,0.0,0.9219,3.6875,0.0,2.7656,1.8438,4.6094,0.0,3.6875,0.9219,2.7656,1.8438,0.0,2.7656,0.9219,0.0781
Seq592,0.9164,0.0,0.9164,5.4987,0.9164,0.0,0.0,1.8329,1.8329,5.4987,0.0,4.5822,0.0,3.6658,0.0,1.8329,0.9164,0.0,4.5822,0.0,0.0836
Seq593,0.0,0.0,0.9321,6.5246,0.0,0.0,0.9321,2.7962,0.9321,3.7283,0.9321,3.7283,0.9321,3.7283,0.9321,1.8642,0.9321,0.0,1.8642,0.9321,0.0679
Seq594,0.0,0.0,0.9262,0.0,0.9262,0.0,0.0,2.7786,0.0,0.9262,0.9262,1.8524,2.7786,0.9262,0.0,0.0,0.0,0.9262,0.0,0.9262,0.0738
Seq595,0.9288,0.9288,0.9288,0.0,0.9288,0.0,0.0,0.0,0.9288,2.7864,0.9288,0.9288,1.8576,0.9288,0.0,0.0,0.0,1.8576,0.0,0.0,0.0712
Seq596,0.9279,0.0,0.9279,0.0,0.9279,0.0,0.0,0.0,0.9279,2.7838,0.9279,0.9279,1.8559,0.9279,0.0,0.0,0.9279,1.8559,0.0,0.0,0.0721
Seq597,0.9216,0.0,3.6863,0.9216,0.0,0.0,0.0,3.6863,3.6863,1.8431,0.9216,0.9216,0.0,4.6079,0.0,5.5294,1.8431,2.7647,0.0,1.8431,0.0784
Seq598,1.8176,0.0,0.0,0.9088,0.0,0.9088,0.9088,1.8176,0.9088,5.4529,0.0,1.8176,0.0,6.3617,0.9088,0.0,0.9088,1.8176,0.9088,0.0,0.0912
Seq599,0.9191,0.0,0.9191,5.5146,0.9191,0.0,0.9191,1.8382,1.8382,4.5955,0.0,4.5955,0.0,3.6764,0.0,2.7573,0.9191,0.0,3.6764,0.0,0.0809
Seq600,0.9294,0.0,0.9294,0.0,0.9294,0.0,0.0,0.0,0.9294,2.7882,0.9294,0.9294,1.8588,0.0,0.0,0.0,0.9294,1.8588,0.0,0.0,0.0706
Seq601,1.7891,0.0,0.8945,0.8945,0.0,0.8945,0.8945,1.7891,1.7891,5.3672,0.0,0.0,0.0,4.4726,1.7891,0.0,0.8945,1.7891,0.8945,0.8945,0.1055
Seq602,1.8724,0.0,0.9362,0.0,0.9362,0.0,0.0,0.9362,0.9362,2.8087,0.9362,1.8724,1.8724,0.9362,0.0,0.9362,1.8724,1.8724,0.0,0.0,0.0638
Seq603,0.9271,0.0,0.9271,5.5625,0.9271,0.0,0.9271,1.8542,1.8542,5.5625,0.0,2.7812,0.0,4.6354,0.0,2.7812,0.9271,0.0,2.7812,0.9271,0.0729
Seq604,6.9424,0.0,0.8678,6.0746,0.0,0.0,0.0,3.4712,0.8678,4.339,0.0,0.8678,0.0,1.7356,3.4712,0.0,1.7356,0.0,1.7356,0.8678,0.1322
Seq605,0.8911,0.0,3.5644,3.5644,0.0,0.8911,0.0,4.4555,3.5644,3.5644,0.0,1.7822,0.8911,0.8911,1.7822,4.4555,0.0,0.0,0.8911,0.0,0.1089
Seq606,0.0,0.0,0.8445,0.8445,0.0,0.8445,0.0,1.689,0.0,0.0,0.0,0.8445,0.8445,0.0,0.8445,0.0,0.0,0.8445,2.5335,0.0,0.1555
Seq607,2.7519,0.0,0.0,0.9173,0.0,0.0,0.9173,1.8346,0.0,5.5037,0.0,1.8346,0.0,8.2556,1.8346,0.9173,0.0,0.9173,0.0,0.0,0.0827
Seq608,1.8669,0.0,0.9334,0.0,0.9334,0.0,0.0,0.9334,0.9334,2.8003,0.9334,1.8669,1.8669,0.9334,0.0,0.0,0.9334,1.8669,0.0,0.0,0.0666
Seq609,0.9222,0.0,0.9222,5.5329,0.9222,0.0,0.9222,2.7665,1.8443,4.6108,0.0,4.6108,0.0,3.6886,0.0,2.7665,0.9222,0.0,2.7665,0.0,0.0778
Seq610,0.9166,0.0,0.9166,5.4998,0.9166,0.0,0.9166,1.8333,1.8333,5.4998,0.0,2.7499,0.0,3.6666,0.0,2.7499,0.9166,0.0,3.6666,0.9166,0.0834
Seq611,2.7456,0.0,0.0,0.9152,0.0,0.0,0.0,1.8304,0.0,4.576,0.9152,1.8304,0.0,6.4065,1.8304,0.9152,1.8304,1.8304,0.0,0.0,0.0848
Seq612,0.9288,0.0,0.9288,5.5726,0.0,0.0,0.9288,1.8575,1.8575,5.5726,0.0,4.6438,0.0,3.7151,0.0,3.7151,0.9288,0.0,1.8575,0.9288,0.0712
Seq613,2.7606,0.9202,1.8404,0.9202,0.9202,3.6808,0.9202,1.8404,0.0,2.7606,0.0,0.9202,1.8404,0.0,0.9202,0.9202,2.7606,2.7606,0.0,3.6808,0.0798
Seq614,3.5941,0.0,0.0,7.1881,0.0,1.797,0.0,6.2896,7.1881,0.0,0.0,0.0,0.0,0.8985,0.0,0.0,0.0,0.0,0.0,0.8985,0.1015
Seq615,0.922,0.0,0.922,5.532,0.922,0.0,0.922,1.844,1.844,5.532,0.0,2.766,0.0,3.688,0.0,2.766,0.922,0.0,2.766,1.844,0.078
Seq616,0.0,0.0,2.7034,1.8023,0.9011,2.7034,0.9011,2.7034,3.6046,3.6046,0.9011,2.7034,1.8023,1.8023,2.7034,0.9011,0.0,0.9011,0.0,1.8023,0.0989
Seq617,0.0,0.0,2.7285,1.819,0.0,2.7285,0.9095,0.9095,0.0,3.638,0.0,0.0,1.819,0.0,0.0,0.9095,0.0,0.9095,0.0,1.819,0.0905
Seq618,4.5945,0.0,0.0,2.7567,0.0,0.0,0.9189,1.8378,1.8378,1.8378,0.0,2.7567,0.0,0.9189,0.9189,0.9189,0.9189,1.8378,0.0,0.0,0.0811
Seq619,5.7558,0.0,0.0,0.0,1.9186,5.7558,0.0,0.9593,0.0,1.9186,1.9186,0.0,0.0,0.0,0.0,1.9186,0.9593,0.9593,0.0,0.0,0.0407
Seq620,0.9275,0.0,1.855,6.4924,0.0,0.0,0.9275,2.7825,1.855,4.6374,0.0,3.71,0.0,3.71,0.9275,2.7825,0.9275,0.0,0.9275,0.9275,0.0725
Seq621,0.9202,0.0,0.9202,0.0,0.9202,0.0,0.0,0.0,0.9202,2.7607,0.9202,0.9202,1.8405,0.9202,0.0,0.0,0.0,1.8405,0.0,0.9202,0.0798
Seq622,0.0,0.0,1.8523,6.4831,0.0,0.0,0.9262,2.7785,1.8523,4.6308,0.0,3.7046,0.0,3.7046,0.9262,2.7785,0.9262,0.0,1.8523,0.9262,0.0738
Seq623,9.1892,0.0,0.9189,3.6757,0.0,0.0,0.9189,2.7568,0.9189,4.5946,1.8378,2.7568,0.0,2.7568,0.9189,0.0,0.9189,0.0,1.8378,0.9189,0.0811
Seq624,1.815,0.9075,2.7224,0.9075,0.9075,4.5374,0.9075,0.9075,0.0,5.4449,0.0,0.0,1.815,0.0,0.9075,1.815,0.9075,2.7224,0.0,2.7224,0.0925
Seq625,2.7036,0.0,2.7036,3.6048,0.0,1.8024,0.0,2.7036,1.8024,6.3085,0.9012,1.8024,0.0,0.9012,1.8024,3.6048,0.9012,0.9012,0.0,0.0,0.0988
Seq626,0.0,0.0,0.8291,0.8291,0.0,0.0,0.0,0.8291,0.8291,0.8291,0.0,0.0,0.0,1.6581,0.8291,0.0,0.0,0.8291,2.4872,0.0,0.1709
Seq627,1.7639,0.0,0.8819,0.8819,0.0,2.6458,0.0,2.6458,1.7639,4.4097,0.0,0.0,0.0,3.5278,1.7639,0.0,0.0,1.7639,1.7639,0.8819,0.1181
Seq628,0.9269,0.0,0.9269,5.5613,0.9269,0.0,0.9269,1.8538,1.8538,5.5613,0.0,3.7076,0.0,3.7076,0.0,2.7807,0.9269,0.0,2.7807,0.9269,0.0731
Seq629,0.9272,0.0,0.9272,5.5633,0.9272,0.0,0.9272,1.8544,1.8544,5.5633,0.0,2.7816,0.0,3.7088,0.0,4.636,0.9272,0.0,1.8544,0.9272,0.0728
Seq630,1.8565,0.0,0.0,0.9282,0.0,0.0,0.9282,1.8565,0.0,6.4977,0.0,1.8565,0.0,7.4259,1.8565,0.9282,0.9282,0.9282,0.0,0.0,0.0718
Seq631,0.0,0.0,0.9332,6.5321,0.0,0.0,0.9332,2.7995,0.9332,1.8663,1.8663,5.5989,0.0,3.7326,0.9332,2.7995,1.8663,0.0,1.8663,0.9332,0.0668
Seq632,0.8886,0.0,2.6659,3.5545,0.0,0.8886,0.8886,4.4431,3.5545,2.6659,0.0,2.6659,0.0,0.8886,1.7772,4.4431,0.0,0.0,1.7772,0.0,0.1114
Seq633,0.9312,0.0,0.9312,3.7249,0.9312,0.0,0.9312,1.8624,1.8624,5.5873,0.0,2.7937,0.0,5.5873,0.0,3.7249,0.9312,0.0,2.7937,0.9312,0.0688
Seq634,7.8117,0.0,0.868,6.0758,0.0,0.0,0.0,2.6039,0.868,4.3398,0.0,0.868,0.0,1.7359,3.4719,0.0,1.7359,0.0,1.7359,0.868,0.132
Seq635,0.9359,0.0,0.0,0.0,0.9359,0.0,0.0,0.9359,0.9359,2.8078,0.9359,1.8718,1.8718,0.9359,0.0,0.0,0.9359,0.9359,0.0,0.0,0.0641
Seq636,0.9199,0.0,2.7597,0.9199,0.0,0.0,0.0,2.7597,2.7597,3.6796,0.9199,1.8398,0.9199,4.5995,0.9199,6.4393,0.9199,1.8398,0.0,0.9199,0.0801
Seq637,0.0,0.0,0.8624,0.8624,0.0,1.7247,0.0,1.7247,1.7247,1.7247,0.0,0.8624,0.8624,2.5871,0.8624,0.0,0.0,0.8624,2.5871,0.8624,0.1376
Seq638,7.8045,0.0,0.8672,6.0702,0.0,0.0,0.0,2.6015,0.8672,3.4687,0.0,0.0,0.0,2.6015,3.4687,0.0,1.7343,0.8672,1.7343,0.8672,0.1328
Seq639,0.0,0.0,1.8548,7.4193,0.0,0.0,0.9274,2.7823,1.8548,4.6371,0.0,3.7097,0.0,3.7097,0.9274,2.7823,0.9274,0.0,0.9274,0.9274,0.0726
Seq640,1.8522,0.0,0.9261,5.5566,0.9261,0.0,0.9261,1.8522,1.8522,5.5566,0.0,2.7783,0.0,3.7044,0.0,3.7044,0.9261,0.0,1.8522,0.9261,0.0739
Seq641,8.6682,0.0,0.8668,6.0677,0.0,0.0,0.0,2.6005,0.8668,3.4673,0.0,0.0,0.0,2.6005,3.4673,0.0,1.7336,0.0,1.7336,0.8668,0.1332
Seq642,0.0,0.8973,2.6918,0.8973,1.7946,5.3837,1.7946,0.8973,0.0,4.4864,0.0,0.8973,1.7946,0.0,1.7946,0.8973,0.8973,2.6918,0.0,1.7946,0.1027
Seq643,0.0,0.0,0.9267,7.4136,0.0,0.0,0.9267,2.7801,0.9267,3.7068,0.9267,3.7068,0.0,3.7068,0.9267,2.7801,1.8534,0.0,1.8534,0.9267,0.0733
Seq644,6.9784,0.0,0.8723,6.1061,0.0,0.0,0.0,3.4892,0.8723,3.4892,0.0,0.8723,0.0,2.6169,3.4892,0.0,1.7446,0.0,1.7446,0.8723,0.1277
Seq645,0.0,0.0,1.8494,7.3976,0.0,0.0,0.9247,2.7741,0.9247,4.6235,0.9247,3.6988,0.0,3.6988,0.9247,2.7741,0.9247,0.0,0.9247,0.9247,0.0753
Seq646,0.0,0.0,0.9302,6.5114,0.0,0.0,0.9302,2.7906,0.9302,3.7208,1.8604,3.7208,0.0,3.7208,0.9302,2.7906,1.8604,0.0,1.8604,0.9302,0.0698
Seq647,0.92,0.0,0.92,5.5199,1.84,0.0,0.92,1.84,1.84,5.5199,0.0,2.7599,0.0,3.6799,0.0,2.7599,0.92,0.0,2.7599,0.92,0.08
Seq648,0.9178,0.0,0.9178,5.5068,0.9178,0.0,0.9178,1.8356,1.8356,6.4246,0.0,1.8356,0.0,3.6712,0.0,3.6712,0.9178,0.0,2.7534,0.9178,0.0822
Seq649,7.8523,0.0,0.8725,6.1074,0.0,0.0,0.0,2.6174,0.8725,3.4899,0.0,0.8725,0.0,2.6174,3.4899,0.0,1.745,0.0,1.745,0.8725,0.1275
Seq650,1.7887,0.0,3.5774,3.5774,0.0,0.0,0.0,4.4717,3.5774,3.5774,0.0,1.7887,0.8943,0.8943,1.7887,4.4717,0.0,0.8943,0.8943,0.0,0.1057
Seq651,0.0,0.0,0.9257,7.406,0.0,0.0,0.9257,2.7772,0.9257,4.6287,1.8515,3.703,0.0,3.703,0.9257,2.7772,1.8515,0.0,1.8515,0.9257,0.0743
Seq652,0.0,0.0,0.0,0.0,0.9335,0.0,0.0,1.867,0.9335,2.8005,0.9335,1.867,1.867,0.9335,0.0,0.0,0.9335,0.9335,0.0,0.0,0.0665
Seq653,0.9267,0.0,0.0,5.5601,0.9267,0.0,0.9267,1.8534,1.8534,5.5601,0.0,3.7067,0.0,3.7067,0.0,3.7067,0.9267,0.0,2.78,0.9267,0.0733
Seq654,8.7253,0.0,0.8725,6.1077,0.0,0.0,0.0,2.6176,0.8725,2.6176,0.8725,0.8725,0.0,2.6176,3.4901,0.0,0.8725,0.0,1.7451,0.8725,0.1275
Seq655,0.9264,0.0,0.9264,4.6318,0.9264,0.0,0.9264,1.8527,1.8527,5.5582,0.0,2.7791,0.0,4.6318,0.0,3.7055,0.9264,0.0,2.7791,0.9264,0.0736
Seq656,8.686,0.0,0.8686,6.0802,0.0,0.0,0.0,2.6058,0.8686,3.4744,0.0,0.8686,0.0,1.7372,3.4744,0.0,1.7372,0.0,1.7372,0.8686,0.1314
Seq657,7.8565,0.0,0.8729,6.1106,0.0,0.0,0.0,3.4918,0.8729,2.6188,0.0,0.8729,0.0,2.6188,3.4918,0.0,1.7459,0.0,1.7459,0.8729,0.1271
Seq658,1.829,0.0,1.829,3.6581,0.0,0.9145,0.0,4.5726,1.829,4.5726,0.0,4.5726,0.0,1.829,0.9145,2.7436,0.0,2.7436,0.0,0.0,0.0855
Seq659,0.9252,0.0,0.9252,4.6259,0.9252,0.0,0.9252,1.8503,1.8503,5.551,0.0,2.7755,0.0,4.6259,0.0,3.7007,0.9252,0.0,2.7755,0.9252,0.0748
Seq660,8.7312,0.0,0.8731,6.1118,0.0,0.0,0.0,2.6194,0.8731,2.6194,0.0,0.8731,0.0,2.6194,3.4925,0.0,1.7462,0.0,1.7462,0.8731,0.1269
Seq661,0.0,0.0,0.8916,9.808,0.0,0.0,0.0,2.6749,0.8916,2.6749,0.0,1.7833,0.0,3.5665,3.5665,2.6749,2.6749,0.0,1.7833,0.8916,0.1084
Seq662,1.835,0.0,0.9175,5.505,0.0,0.9175,0.0,4.5875,3.67,4.5875,0.0,3.67,0.0,1.835,0.0,2.7525,0.0,1.835,0.0,0.0,0.0825
Seq663,0.9238,0.0,0.9238,5.543,0.0,0.0,0.9238,1.8477,1.8477,5.543,0.0,3.6954,0.0,3.6954,0.0,3.6954,0.9238,0.0,2.7715,0.9238,0.0762
Seq664,0.9243,0.0,0.9243,5.546,0.9243,0.0,0.9243,1.8487,1.8487,4.6217,0.0,2.773,0.9243,3.6973,0.0,3.6973,0.9243,0.0,2.773,0.9243,0.0757
Seq665,0.9229,0.0,0.9229,0.0,1.8458,0.0,0.0,0.0,0.9229,2.7686,0.9229,0.9229,1.8458,0.9229,0.0,0.0,0.0,1.8458,0.0,0.0,0.0771
Seq666,0.9109,0.0,0.9109,0.0,0.9109,0.0,0.0,0.0,0.9109,2.7328,0.9109,0.9109,1.8219,0.9109,0.0,0.0,0.0,1.8219,0.9109,0.0,0.0891
Seq667,0.0,0.0,0.9321,6.525,0.0,0.0,0.9321,2.7964,0.9321,3.7286,0.9321,3.7286,0.0,3.7286,0.9321,1.8643,1.8643,0.0,1.8643,0.9321,0.0679
Seq668,0.9225,0.0,0.9225,5.5347,0.9225,0.0,0.9225,2.7674,1.8449,5.5347,0.0,3.6898,0.0,3.6898,0.0,2.7674,0.9225,0.0,2.7674,0.0,0.0775
Seq669,0.9294,0.0,0.9294,4.6468,0.9294,0.0,0.9294,1.8587,1.8587,5.5762,0.0,2.7881,0.0,4.6468,0.0,3.7175,0.9294,0.0,2.7881,0.9294,0.0706
Seq670,6.9461,0.0,0.8683,6.9461,0.0,0.0,0.0,2.6048,0.8683,2.6048,0.0,0.8683,0.0,2.6048,3.4731,0.8683,1.7365,0.0,1.7365,0.8683,0.1317
Seq671,0.9283,0.0,0.9283,6.4978,0.0,0.0,0.9283,2.7848,0.9283,3.713,0.9283,3.713,0.0,3.713,0.9283,1.8565,0.9283,0.0,1.8565,0.9283,0.0717
Seq672,0.0,0.0,0.9281,6.4968,0.0,0.0,0.9281,2.7843,0.9281,4.6406,0.9281,3.7125,0.0,3.7125,0.9281,1.8562,0.9281,0.0,1.8562,0.9281,0.0719
Seq673,0.0,0.0,0.9271,7.4171,0.0,0.0,0.9271,2.7814,0.9271,4.6357,0.9271,3.7085,0.0,3.7085,0.9271,2.7814,0.9271,0.0,1.8543,0.9271,0.0729
Seq674,0.0,0.0,0.9017,7.2134,0.0,0.0,0.0,2.705,6.3118,0.9017,0.0,0.9017,0.0,1.8034,0.0,0.9017,0.9017,0.0,1.8034,0.9017,0.0983
Seq675,1.8742,0.9371,0.9371,0.0,0.9371,0.9371,0.9371,0.0,0.0,1.8742,0.0,0.0,0.0,0.0,0.0,1.8742,0.9371,1.8742,0.0,0.9371,0.0629
Seq676,1.8968,0.9484,0.9484,0.0,0.9484,0.0,0.9484,1.8968,0.0,0.9484,0.0,0.9484,0.0,0.0,0.0,0.9484,1.8968,0.9484,0.0,0.9484,0.0516
Seq677,1.8333,0.9167,2.75,0.9167,0.9167,4.5833,0.9167,0.9167,0.0,5.5,0.0,0.0,1.8333,0.0,0.9167,1.8333,0.9167,2.75,0.0,2.75,0.0833
Seq678,0.0,0.8973,3.5891,1.7946,1.7946,4.4864,0.8973,0.8973,0.0,4.4864,0.0,0.8973,1.7946,0.0,1.7946,0.8973,0.8973,2.6919,0.0,1.7946,0.1027
Seq679,0.0,0.0,0.9289,6.5025,0.0,0.0,0.9289,2.7868,0.9289,2.7868,1.8579,4.6446,0.0,3.7157,0.9289,2.7868,1.8579,0.0,1.8579,0.9289,0.0711
Seq680,0.0,0.0,0.9255,4.6274,0.0,0.0,0.9255,3.7019,0.9255,1.851,1.851,5.5529,0.0,3.7019,0.9255,2.7764,1.851,0.0,2.7764,0.9255,0.0745
Seq681,0.9221,0.0,0.9221,5.5329,0.9221,0.0,0.9221,2.7664,1.8443,5.5329,0.0,3.6886,0.0,3.6886,0.0,3.6886,0.0,0.0,2.7664,0.0,0.0779
Seq682,0.921,0.0,0.921,5.5258,0.921,0.921,0.921,1.8419,1.8419,5.5258,0.0,2.7629,0.0,3.6839,0.0,2.7629,0.921,0.0,2.7629,0.921,0.079
Seq683,0.9277,0.0,0.9277,4.6384,0.9277,0.0,0.0,1.8554,1.8554,5.5661,0.0,2.783,0.0,5.5661,0.0,3.7107,0.9277,0.0,2.783,0.9277,0.0723
Seq684,2.8408,0.0,0.0,0.0,0.0,0.0,0.9469,0.0,0.0,0.0,0.0,0.9469,0.9469,0.0,0.0,0.9469,0.9469,1.8939,0.0,0.9469,0.0531
Seq685,1.8398,0.0,0.0,0.0,2.7597,0.0,0.0,0.9199,0.0,0.9199,0.0,0.0,0.0,0.0,0.9199,0.0,0.0,1.8398,0.9199,0.9199,0.0801
Seq686,1.7936,0.0,0.0,0.0,0.8968,0.8968,0.0,0.0,0.8968,0.0,0.0,0.0,0.8968,0.0,0.0,1.7936,0.8968,1.7936,0.8968,0.0,0.1032
Seq687,0.0,0.0,0.0,0.0,4.7769,0.0,0.0,0.9554,1.9108,0.9554,0.0,0.0,0.0,0.0,2.8661,0.0,0.0,1.9108,0.9554,0.9554,0.0446
Seq688,0.0,0.0,0.0,0.0,4.6735,0.0,0.0,0.9347,1.8694,0.9347,0.0,0.0,0.0,0.0,2.8041,0.0,0.0,1.8694,0.9347,0.9347,0.0653
Seq689,0.0,0.8565,2.5695,0.8565,0.8565,0.0,0.0,1.713,0.8565,1.713,0.0,0.0,0.0,0.0,0.8565,1.713,0.0,0.8565,2.5695,0.0,0.1435
Seq690,0.0,0.0,1.725,0.8625,0.8625,0.0,0.8625,0.0,0.8625,2.5875,0.0,0.0,0.0,0.0,0.0,1.725,0.0,2.5875,3.45,0.0,0.1375
Seq691,1.7223,0.8611,1.7223,0.0,0.8611,0.0,0.0,0.8611,0.8611,1.7223,0.0,0.0,0.0,0.0,0.8611,0.0,2.5834,0.8611,2.5834,0.0,0.1389
Seq692,0.0,0.8645,2.5935,0.0,0.8645,0.0,0.0,0.0,0.8645,1.729,0.0,0.0,0.0,0.0,0.8645,1.729,0.8645,2.5935,2.5935,0.0,0.1355
Seq693,2.7171,0.0,0.0,0.0,0.0,1.8114,0.0,1.8114,0.0,0.9057,0.0,0.0,0.9057,0.9057,0.9057,1.8114,0.9057,0.9057,0.9057,1.8114,0.0943
Seq694,0.946,0.946,2.8381,0.946,0.0,1.8921,0.0,0.0,2.8381,0.946,0.0,0.946,0.946,0.946,0.0,0.946,0.0,0.946,0.0,0.0,0.054000000000000006
Seq695,0.0,0.8564,2.5691,0.8564,0.8564,0.0,0.0,0.8564,0.8564,3.4254,0.0,0.0,0.0,0.0,0.8564,1.7127,0.0,0.0,2.5691,0.0,0.1436
Seq696,4.5322,0.0,0.0,0.0,0.9064,0.0,0.0,0.0,11.7836,0.0,0.0,0.0,0.0,0.0,0.0,0.0,0.0,7.2515,0.0,0.0,0.0936
Seq697,0.8431,0.0,0.0,0.0,5.0588,0.0,0.0,1.6863,5.0588,2.5294,0.0,0.0,0.0,0.0,6.7451,0.0,0.0,0.8431,0.0,0.0,0.1569
Seq698,1.8153,0.0,0.9077,1.8153,2.723,0.9077,0.0,2.723,0.9077,1.8153,0.9077,0.9077,0.0,0.9077,1.8153,3.6307,2.723,3.6307,0.0,0.9077,0.0923
Seq699,9.072,0.0,0.0,0.0,0.9072,0.0,0.0,0.0,13.608,0.0,0.0,0.0,0.0,0.0,0.0,0.0,0.0,9.9792,0.0,0.0,0.0928
Seq700,2.7751,0.0,3.7002,2.7751,2.7751,0.925,0.925,2.7751,2.7751,3.7002,0.0,4.6252,1.8501,1.8501,0.925,5.5503,0.0,2.7751,0.0,0.925,0.075
Seq701,4.6782,0.0,0.9356,0.9356,0.9356,0.9356,0.0,2.8069,3.7425,4.6782,0.0,4.6782,0.0,8.4207,0.0,2.8069,4.6782,2.8069,0.0,0.0,0.0644
Seq702,0.9463,0.0,1.8926,2.8389,0.9463,0.9463,0.0,1.8926,2.8389,4.7316,0.0,7.5705,0.0,8.5168,0.0,3.7853,4.7316,1.8926,0.0,0.0,0.0537
Seq703,2.724,3.632,0.908,0.908,0.908,1.816,0.0,2.724,2.724,0.0,0.908,0.908,3.632,5.4481,7.2641,3.632,0.908,3.632,1.816,0.0,0.092
Seq704,2.79,0.0,2.79,1.86,0.0,1.86,0.93,2.79,5.5801,9.3002,0.0,4.6501,0.93,0.93,0.0,6.5101,1.86,8.3701,0.0,0.93,0.07
Seq705,1.8175,0.0,5.4525,6.3613,0.9088,2.7263,0.9088,4.5438,5.4525,6.3613,0.0,5.4525,1.8175,1.8175,0.9088,3.635,0.9088,3.635,0.0,1.8175,0.0912
Seq706,6.0852,0.0,3.4773,6.0852,1.7386,0.0,0.8693,0.8693,3.4773,9.5625,0.8693,0.0,0.8693,5.2159,7.8239,1.7386,0.0,2.608,0.8693,0.8693,0.1307
Seq707,0.893,0.0,2.6791,6.2512,0.893,0.0,0.0,2.6791,4.4652,6.2512,0.893,0.893,0.0,0.893,0.0,1.7861,0.893,0.893,0.0,1.7861,0.107
Seq708,1.762,4.405,0.0,0.0,1.762,3.524,0.881,2.643,1.762,0.0,0.0,1.762,1.762,0.881,2.643,0.0,0.881,0.881,0.881,0.0,0.11900000000000001
Seq709,0.0,0.9102,0.9102,0.0,0.9102,0.9102,0.9102,0.9102,0.9102,0.0,0.0,0.9102,1.8203,0.9102,2.7305,0.0,2.7305,0.0,1.8203,2.7305,0.0898
Seq710,0.9253,0.0,0.9253,5.5516,0.9253,0.0,0.9253,1.8505,1.8505,5.5516,0.0,2.7758,0.0,3.7011,0.0,3.7011,0.9253,0.0,2.7758,0.9253,0.0747
Seq711,2.7678,0.0,4.613,0.9226,3.6904,3.6904,1.8452,0.0,1.8452,2.7678,0.0,7.3808,6.4582,0.9226,0.0,1.8452,0.9226,1.8452,1.8452,0.0,0.0774
Seq712,0.0,0.0,1.786,8.0368,0.0,0.0,0.0,2.6789,0.0,2.6789,0.0,1.786,0.0,3.5719,4.4649,1.786,1.786,0.0,1.786,1.786,0.107
