ID,SEP_PC,SEP_PO,SEP_NP,SEP_CY,SEP_AR,SEP_BS,SEP_HB,SEP_HL,SEP_SC,SEP_SM,SEP_LR
Seq1,0.787,0.523,0.998,0.323,0,0.787,0.874,0.977,0,0.937,0.937
Seq2,0.918,0.65,1,0,0,0.918,0.98,0.918,0.65,0.65,0.65
Seq3,0.544,0.811,0.954,0.544,0,0.544,0.811,0.954,0,0.811,0.811
Seq4,0.684,0.439,0.994,0.439,0,0.684,0.845,0.994,0,0.845,0.845
Seq5,0.787,0.672,0.998,0.323,0,0.787,0.874,0.937,0,0.977,0.977
Seq6,0.439,0.684,0.946,0,0.684,0.439,0.946,0.439,0.439,0.994,0.994
Seq7,0.439,0.684,0.946,0,0.684,0.439,0.994,0.439,0.439,0.994,0.994
Seq8,0.439,0.439,0.845,0,0.845,0.439,0.845,0.439,0.439,0.994,0.994
Seq9,0.439,0.684,0.845,0,0.845,0.439,0.845,0.439,0.439,0.994,0.994
Seq10,0.439,0.684,0.946,0,0.845,0.439,0.946,0.439,0.439,0.946,0.946
Seq11,0.65,0.65,0.918,0,0.65,0.65,0.918,0.65,0,0.98,0.98
Seq12,0.65,0.65,0.918,0,0.811,0.65,0.918,0.65,0,0.98,0.98
Seq13,0.65,0.65,0.918,0,0.811,0.65,0.918,0.65,0,0.98,0.98
Seq14,0.65,0.65,0.918,0,0.65,0.65,0.918,0.65,0,0.98,0.98
Seq15,0.65,0.65,0.918,0,0.65,0.65,0.918,0.65,0,0.918,0.918
Seq16,1,0.544,0.954,0,0.544,1,0.544,1,0,0.811,0.811
Seq17,0.684,0.684,0.994,0.439,0,0.684,0.845,0.946,0,0.946,0.946
Seq18,0,0,0.811,0,0,0,0.954,0.544,0,0.544,0.544
Seq19,0,0,0.764,0,0,0,0.918,0.503,0,0.503,0.503
Seq20,0.286,0.722,0.971,0.469,0.286,0.286,0.971,0.722,0,0.934,0.934
Seq21,0,0.934,0.993,0.286,0.286,0,0.934,0.722,0.286,0.934,0.934
Seq22,0.439,0.439,0.845,0,0.845,0.439,0.946,0.439,0,0.946,0.946
Seq23,0.469,0.61,0.934,0.286,0.61,0.469,0.881,0.811,0,0.993,0.993
Seq24,0.764,0.764,0.991,0,0,0.764,0.918,0.764,0.918,0.503,0.503
Seq25,0.503,0.991,0.991,0.503,0.503,0.503,0.764,0.764,0.764,0.991,0.991
Seq26,0.469,0.993,0.971,0,0.811,0.469,0.993,0.61,0.286,0.971,0.971
Seq27,0.286,0.881,0.993,0,0.469,0.286,0.971,0.722,0,0.993,0.993
Seq28,0,0.934,1,0.469,0.811,0,0.993,0.722,0.286,0.971,0.971
Seq29,0.469,0.61,0.934,0,0.469,0.469,0.934,0.469,0,1,1
Seq30,0.629,0.742,0.982,0,0.629,0.629,0.949,0.742,0,0.998,0.998
Seq31,0.523,0.787,0.977,0,0.523,0.523,0.977,0.523,0,0.998,0.998
Seq32,0.439,0.684,0.946,0,0.684,0.439,0.946,0.439,0.439,0.994,0.994
Seq33,0.874,0.672,0.874,0.672,0.523,0.874,0.874,0.937,0,0.998,0.998
Seq34,0.75,0.75,0.94,0,0.371,0.75,0.94,0.863,0,0.592,0.592
Seq35,0.61,0.993,0.811,0.286,0.811,0.61,0.881,0.722,0.286,0.934,0.934
Seq36,0.629,0.297,0.998,0.742,0.742,0.629,0.998,0.998,0,0.982,0.982
Seq37,0.863,0.863,0.592,0,0.592,0.863,0.863,0.863,0,0.592,0.592
Seq38,0.469,0.469,0.722,0.722,0.722,0.469,0.971,0.881,0,1,1
Seq39,0.65,0.811,1,0.414,0.65,0.65,1,0.918,0,0.65,0.65
Seq40,0.837,0.722,0.997,0,0.567,0.837,0.997,0.837,0.353,0.837,0.837
Seq41,0.684,0.746,0.983,0,0.533,0.684,0.983,0.746,0,0.994,0.994
Seq42,0.863,0.371,0.985,0.371,0,0.863,0.75,1,0,0.94,0.94
Seq43,0.65,0.414,0.811,0,0.65,0.65,0.811,0.65,0,0.98,0.98
Seq44,0.792,0.592,0.918,0.592,0.592,0.792,0.918,0.985,0,0.998,0.998
Seq45,0.837,0.722,0.997,0.353,0.722,0.837,0.997,0.918,0,0.722,0.722
Seq46,0.65,0.65,0.918,0,0.65,0.65,0.918,0.65,0,0.98,0.98
Seq47,0.795,0.855,0.943,0.529,0.242,0.795,0.999,0.999,0.634,0.971,0.971
Seq48,0.764,0.826,0.975,0.605,0.229,0.764,0.991,0.999,0.605,0.951,0.951
Seq49,0.65,0.811,1,0,0.65,0.65,1,0.811,0.414,0.65,0.65
Seq50,0.736,0.85,0.978,0.362,0.579,0.736,0.992,0.894,0.663,0.992,0.992
Seq51,0.65,1,0.918,0,0.414,0.65,1,0.65,0.918,0.918,0.918
Seq52,0.863,0.592,0.985,0.371,0,0.863,0.75,0.985,0,0.985,0.985
Seq53,0.918,0.65,1,0,0,0.918,0.98,0.918,0.811,0.65,0.65
Seq54,0.353,0.722,0.971,0,0.567,0.353,0.971,0.353,0,0.997,0.997
Seq55,0,0.94,1,0,0,0,0.863,0.371,0.371,0.863,0.863
Seq56,0.811,0.544,0.954,0,0,0.811,0.989,0.811,0,1,1
Seq57,0.738,1,0.811,0.25,0.811,0.738,0.871,0.811,0.25,0.918,0.918
Seq58,0,0.961,0.996,0,0,0,0.89,0.391,0.391,0.89,0.89
Seq59,0.918,0.65,1,0,0,0.918,0.98,0.918,0.65,0.65,0.65
Seq60,0.544,0.811,0.954,0,0.544,0.544,0.954,0.544,0.544,0,0
Seq61,0.567,0.837,0.971,0,0,0.567,0.971,0.567,0,0.722,0.722
Seq62,0.831,0.297,0.982,0.297,0.485,0.831,0.998,0.949,0,0.982,0.982
Seq63,0,0.934,0.971,0.286,0,0,0.971,0.469,0,0.934,0.934
Seq64,0.65,0.65,0.918,0,0.811,0.65,0.811,0.65,0,0.918,0.918
Seq65,0.985,0,0.985,0,0.276,0.985,0.985,0.985,0,0.998,0.998
Seq66,0.811,0.764,0.764,0,0.581,0.811,0.918,0.811,0.183,0.65,0.65
Seq67,0.65,0.65,0.918,0,0.811,0.65,0.918,0.65,0,0.98,0.98
Seq68,0.414,0.65,0.811,0,0.811,0.414,0.811,0.414,0,0.98,0.98
Seq69,0,0.863,0.985,0,0,0,0.863,0.371,0.592,0.94,0.94
Seq70,0.513,0.422,0.985,0.422,0.187,0.513,0.999,0.822,0,0.995,0.995
Seq71,0.513,0.513,0.995,0.316,0.187,0.513,0.999,0.776,0,0.999,0.999
Seq72,0.592,0.513,0.995,0.316,0.187,0.592,0.999,0.822,0,0.999,0.999
Seq73,0.422,0.722,0.952,0.316,0.187,0.422,0.985,0.822,0,0.995,0.995
Seq74,0.422,0.661,0.971,0.316,0.187,0.422,0.995,0.822,0,0.995,0.995
Seq75,0.422,0.592,0.985,0.316,0.187,0.422,0.995,0.822,0,0.999,0.999
Seq76,0.513,0.592,0.971,0.187,0.187,0.513,0.985,0.822,0,0.999,0.999
Seq77,0.592,0.592,0.971,0.187,0.187,0.592,0.985,0.822,0,0.995,0.995
Seq78,0.422,0.776,0.985,0.316,0.592,0.422,0.985,0.776,0,0.999,0.999
Seq79,0.863,0.316,0.863,0,0,0.863,0.863,0.952,0,0.592,0.592
Seq80,0.764,0.31,1,0,0.764,0.764,1,0.764,0,0.918,0.918
Seq81,0.764,0.31,1,0,0.764,0.764,1,0.764,0,0.918,0.918
Seq82,0.544,0,0.811,0.544,0.811,0.544,0.811,0.954,0.544,0.954,0.954
Seq83,0,0.918,0.991,0,0,0,0.918,0.503,0.503,0.764,0.764
Seq84,0.65,0.414,0.811,0,0.811,0.65,0.918,0.65,0,0.918,0.918
Seq85,0.469,0.286,0.881,0.722,0.61,0.469,0.881,0.934,0.286,1,1
Seq86,0.469,0.286,0.811,0.722,0.61,0.469,0.811,0.934,0.286,1,1
Seq87,0.469,0.286,0.881,0.722,0.469,0.469,0.881,0.934,0.286,1,1
Seq88,0.469,0.286,0.881,0.722,0.61,0.469,0.881,0.934,0.286,0.993,0.993
Seq89,0.469,0.286,0.881,0.722,0.469,0.469,0.881,0.934,0.286,1,1
Seq90,0.422,0.776,0.995,0.316,0.592,0.422,0.995,0.776,0,0.999,0.999
Seq91,0.422,0.722,0.999,0.316,0.592,0.422,0.999,0.776,0,0.995,0.995
Seq92,0.592,0.422,0.995,0.316,0.187,0.592,0.999,0.822,0,0.995,0.995
Seq93,0.439,0.684,0.946,0,0.845,0.439,0.845,0.439,0.439,0.946,0.946
Seq94,0.918,0.414,0.98,0,0,0.918,0.98,0.918,0.811,0.414,0.414
Seq95,0.722,0.567,0.918,0,0.722,0.722,0.997,0.722,0,0.971,0.971
Seq96,0.592,0.513,0.999,0.316,0.187,0.592,0.999,0.822,0,0.995,0.995
Seq97,0.736,0.48,0.992,0.48,0.579,0.736,0.992,0.958,0.216,0.929,0.929
Seq98,0.722,0.722,0.995,0.513,0.592,0.722,0.985,0.985,0.513,0.995,0.995
Seq99,0.792,0.592,0.998,0.592,0.454,0.792,0.985,0.959,0.276,0.959,0.959
Seq100,0,0.811,1,0,0.544,0,0.954,0,0,0.544,0.544
Seq101,0,0.722,0.997,0.353,0.353,0,0.997,0.567,0.353,0.997,0.997
Seq102,0.592,0.661,0.952,0.187,0.187,0.592,0.971,0.863,0,0.999,0.999
Seq103,0,0.918,0.997,0.353,0.353,0,0.997,0.837,0.567,0.997,0.997
Seq104,0.65,0.811,1,0,0.65,0.65,1,0.811,0,0.65,0.65
Seq105,0.75,0,0.863,0,0,0.75,0.863,0.863,0,0.94,0.94
Seq106,0.567,0.837,0.918,0.353,0,0.567,0.997,0.837,0.353,0.971,0.971
Seq107,0.619,0.391,0.961,0,0.619,0.619,0.996,0.619,0,0.89,0.89
Seq108,0.619,0.391,0.961,0,0.619,0.619,0.996,0.619,0,0.89,0.89
Seq109,0.98,0.414,0.98,0,0.414,0.98,0.98,0.98,0,0.65,0.65
Seq110,0.592,0.661,0.971,0.187,0.187,0.592,0.985,0.822,0,0.995,0.995
Seq111,0,0.684,0.845,0,0.845,0,0.845,0,0.439,0.994,0.994
Seq112,0.286,0.971,0.934,0.286,0.286,0.286,0.993,0.61,0.286,0.881,0.881
Seq113,0.863,0.592,0.985,0.371,0.371,0.863,0.94,0.94,0,0.985,0.985
Seq114,0.286,0.881,0.971,0.286,0.469,0.286,0.971,0.61,0.469,0.934,0.934
Seq115,0.811,0.918,0.811,0,0.414,0.811,0.98,0.918,0.414,0.98,0.98
Seq116,0.961,0.391,0.996,0,0.619,0.961,0.996,0.961,0,0.619,0.619
Seq117,0.918,0.65,1,0,0,0.918,0.98,0.918,0.65,0.65,0.65
Seq118,0.811,0.65,0.98,0,0,0.811,0.918,0.811,0.811,0.65,0.65
Seq119,0.918,0.65,1,0,0,0.918,0.98,0.918,0.811,0.414,0.414
Seq120,0.918,0.65,1,0,0,0.918,0.98,0.918,0.811,0.65,0.65
Seq121,0.837,0.353,0.997,0.918,0.353,0.837,0.997,0.918,0.353,0.971,0.971
Seq122,0.544,0,0.954,0,0.811,0.544,0.954,0.544,0,0.954,0.954
Seq123,0.544,0,0.954,0,0.811,0.544,0.954,0.544,0,0.954,0.954
Seq124,0.722,0.567,0.918,0.353,0.567,0.722,0.997,0.837,0,0.918,0.918
Seq125,0.918,0.414,0.98,0.811,0.414,0.918,1,0.98,0.414,0.98,0.98
Seq126,0.722,0.567,0.971,0.567,0.722,0.722,0.997,0.918,0,0.918,0.918
Seq127,0,0.831,0.998,0.297,0.297,0,0.982,0.485,0.485,0.982,0.982
Seq128,0,0.742,0.998,0.297,0.297,0,0.982,0.485,0.297,0.982,0.982
Seq129,0,0.881,0.971,0,0.469,0,0.722,0,0.722,1,1
Seq130,0,0.89,0.996,0.391,0.391,0,0.89,0.391,0.619,0.961,0.961
Seq131,0,0.89,0.961,0.391,0.391,0,0.996,0.619,0.391,0.961,0.961
Seq132,0,0.918,0.991,0,0.503,0,0.918,0,0.764,0.991,0.991
Seq133,0,0.811,0.954,0,0.544,0,0.811,0,0.811,0.954,0.954
Seq134,0.845,0.439,0.946,0.439,0.439,0.845,0.946,0.994,0,0.845,0.845
Seq135,0.982,0.742,0.949,0,0,0.982,0.742,0.982,0,0.998,0.998
Seq136,0.971,0,0.971,0,0.837,0.971,0.918,0.971,0,0.353,0.353
Seq137,0,0.469,0.811,0.286,0,0,0.934,0.286,0,0.971,0.971
Seq138,0.764,0.991,0.503,0,0.503,0.764,0.991,0.918,0.764,0.918,0.918
Seq139,0.949,0,0.949,0,0,0.949,0.998,0.949,0,0.629,0.629
Seq140,0.764,0.503,0.991,0.918,0.31,0.764,1,0.918,0,0.991,0.991
Seq141,0.985,0,0.985,0,0.276,0.985,0.985,0.985,0,0.959,0.959
Seq142,0.439,0.684,0.946,0,0.684,0.439,0.994,0.439,0.439,0.994,0.994
Seq143,0.9,0.742,0.998,0.9,0.297,0.9,0.998,0.949,0,0.982,0.982
Seq144,0.65,0.811,1,0,0.65,0.65,1,0.811,0.414,0.65,0.65
Seq145,0.722,0.567,0.918,0.353,0.722,0.722,0.997,0.837,0,0.971,0.971
Seq146,1,0,1,0,0,1,1,1,0.544,0,0
Seq147,0.353,0.918,0.971,0,0.353,0.353,0.997,0.567,0.353,0.837,0.837
Seq148,0.196,0.918,0.999,0.33,0.799,0.196,0.994,0.614,0.196,0.999,0.999
Seq149,0.918,0.702,0.998,0.276,0.276,0.918,0.985,0.959,0,0.985,0.985
Seq150,0.985,0,0.985,0,0,0.985,0.985,0.985,0,0.985,0.985
Seq151,0.881,0.61,0.971,0.286,0.286,0.881,0.993,0.971,0,0.934,0.934
Seq152,0.65,0.65,0.98,0,0.414,0.65,0.98,0.811,0.414,0.65,0.65
Seq153,0.985,0.592,0.918,0,0.276,0.985,0.863,0.985,0,0.918,0.918
Seq154,0.426,0.755,0.966,0.667,0.258,0.426,0.988,0.828,0,0.988,0.988
Seq155,0.755,0.426,0.932,0,0.559,0.755,0.988,0.755,0.258,0.988,0.988
Seq156,0.222,0.906,0.863,0,0.222,0.222,0.863,0.677,0,0.906,0.906
Seq157,0.828,0.426,0.999,0.559,0.258,0.828,0.988,0.999,0,0.887,0.887
Seq158,0.792,0.592,0.998,0,0.276,0.792,0.998,0.863,0,0.863,0.863
Seq159,0.629,0.949,0.982,0,0.629,0.629,0.831,0.629,0.629,0.982,0.982
Seq160,0,0.881,0.971,0.469,0.469,0,0.881,0.469,0.722,1,1
Seq161,0.738,0.544,1,0,0.25,0.738,0.995,0.918,0,0.954,0.954
Seq162,0.932,0.426,0.988,0,0.258,0.932,0.932,0.932,0,0.755,0.755
Seq163,0.855,0.634,0.99,0,0.402,0.855,0.99,0.855,0,0.855,0.855
Seq164,0.634,0.971,0.971,0.722,0.529,0.634,0.971,0.971,0.634,0.943,0.943
Seq165,0.722,0.61,0.934,0,0,0.722,0.971,0.881,0,0.971,0.971
Seq166,0.65,0.811,1,0,0.65,0.65,1,0.811,0.414,0.65,0.65
Seq167,0.61,0.881,0.993,0.469,0.469,0.61,1,0.881,0.286,0.971,0.971
Seq168,0.994,0.684,0.946,0,0.439,0.994,0.684,0.994,0,0.946,0.946
Seq169,0.918,0.65,1,0,0,0.918,0.98,0.918,0.811,0.65,0.65
Seq170,0.918,0.414,0.98,0,0,0.918,0.918,0.918,0.811,0.65,0.65
Seq171,0.795,0.529,0.999,0,0.722,0.795,0.943,0.855,0,0.99,0.99
Seq172,0.414,0.811,0.98,0,0.65,0.414,0.98,0.65,0.414,0.65,0.65
Seq173,0.98,0.414,0.811,0.414,0.414,0.98,0.65,0.811,0,0.811,0.811
Seq174,0.918,0.567,0.997,0,0.353,0.918,0.997,0.918,0,0.722,0.722
Seq175,0.904,0.529,0.971,0,0.242,0.904,0.943,0.971,0,0.855,0.855
Seq176,0.439,0.684,0.946,0,0.684,0.439,0.946,0.439,0.439,0.994,0.994
Seq177,0.722,0.918,0.997,0,0.567,0.722,0.997,0.722,0.353,0.722,0.722
Seq178,0.934,0.722,0.934,0,0.469,0.934,0.934,0.934,0.469,0.722,0.722
Seq179,0.738,0.544,0.98,0,0.65,0.738,0.995,0.811,0.414,0.738,0.738
Seq180,0.513,0.722,0.995,0.316,0.422,0.513,0.995,0.776,0,0.995,0.995
Seq181,0.454,0.918,0.998,0.702,0.454,0.454,0.959,0.959,0.276,0.985,0.985
Seq182,0.469,0,0.881,0,0,0.469,0.971,0.469,0,1,1
Seq183,0,0.544,0.954,0,0.544,0,1,0.544,0,0.811,0.811
Seq184,0.619,0.391,0.961,0,0.619,0.619,0.996,0.619,0,0.89,0.89
Seq185,0,0.918,1,0,0.414,0,1,0.414,0,0.65,0.65
Seq186,0.779,0,0.779,0.779,0.961,0.779,0.779,0.996,0,0.779,0.779
Seq187,0.414,0.852,0.944,0,0.31,0.414,0.964,0.65,0,0.944,0.944
Seq188,0.592,0.985,0.863,0.371,0.94,0.592,0.94,0.75,0.371,0.94,0.94
Seq189,0.722,0.722,0.997,0,0.353,0.722,0.997,0.837,0.353,0.971,0.971
Seq190,0.977,0.787,0.937,0.323,0.323,0.977,0.787,0.998,0,0.977,0.977
Seq191,0.469,0.722,1,0,0.722,0.469,0.971,0.469,0.469,0.971,0.971
Seq192,0.544,0.811,0.954,0,0.544,0.544,1,0.544,0.544,1,1
Seq193,0.391,0.619,0.996,0,0.779,0.391,0.961,0.391,0.391,0.961,0.961
Seq194,0.414,0.65,1,0,0.811,0.414,0.98,0.414,0.414,0.918,0.918
Seq195,0.469,0.469,0.971,0,0.881,0.469,0.971,0.469,0,0.881,0.881
Seq196,0.544,0.544,1,0,0.811,0.544,1,0.544,0,0.954,0.954
Seq197,0.544,0.544,1,0,0.696,0.544,0.989,0.544,0.337,0.954,0.954
Seq198,0.371,0.592,1,0,0.75,0.371,0.985,0.371,0.371,0.985,0.985
Seq199,0.414,0.65,1,0,0.811,0.414,0.98,0.414,0.414,0.98,0.98
Seq200,0.391,0.779,0.983,0.619,0.391,0.391,0.983,0.779,0,1,1
Seq201,0.31,0.711,0.98,0,0.65,0.31,0.991,0.711,0,0.852,0.852
Seq202,0.31,0.918,1,0.31,0.65,0.31,1,0.65,0,0.991,0.991
Seq203,0.31,0.852,0.991,0.31,0.65,0.31,0.991,0.65,0,0.991,0.991
Seq204,0,0.31,0.503,0,0.65,0,0.852,0.31,0.31,0.964,0.964
Seq205,0,0.65,0.65,0,0.31,0,0.852,0,0.503,1,1
Seq206,0,0.65,0.764,0,0.503,0,0.964,0.31,0.503,0.991,0.991
Seq207,0,0.65,0.764,0,0.31,0,0.852,0,0.503,1,1
Seq208,0.544,0.758,0.989,0.449,0.625,0.544,0.974,0.954,0.544,0.974,0.974
Seq209,0.792,0,0.792,0,0,0.792,0.792,0.792,0,0.792,0.792
Seq210,0.977,0.874,0.874,0,0.323,0.977,0.672,0.977,0,0.977,0.977
Seq211,0.469,0.286,0.881,0.61,0.61,0.469,0.881,0.881,0.286,0.993,0.993
Seq212,0.469,0.286,0.881,0.722,0.61,0.469,0.881,0.934,0.286,1,1
Seq213,0.619,0.779,0.996,0.391,0.779,0.619,0.996,0.779,0.619,0.996,0.996
Seq214,0,0.469,0.881,0,0.469,0,0.971,0.469,0,0.881,0.881
Seq215,0.758,0.989,0.857,0,0.337,0.758,0.997,0.758,0.696,0.989,0.989
Seq216,0.31,0.852,0.918,0.31,0.65,0.31,0.964,0.503,0,1,1
Seq217,0.868,0.629,0.992,0.297,0,0.868,0.992,0.927,0.629,0.982,0.982
Seq218,0.65,0.65,0.918,0,0.811,0.65,0.918,0.65,0,0.918,0.918
Seq219,0.619,0.391,0.961,0,0.619,0.619,0.996,0.619,0,0.89,0.89
Seq220,0.422,0.776,0.985,0.316,0.592,0.422,0.985,0.722,0,0.999,0.999
Seq221,0.811,0.722,0.993,0.469,0.469,0.811,0.993,0.934,0.469,0.971,0.971
Seq222,0.906,0.94,0.811,0.371,0,0.906,0.967,0.985,0.222,0.996,0.996
Seq223,0.792,0.702,0.998,0.276,0.592,0.792,0.959,0.863,0.276,0.918,0.918
Seq224,0.845,0.684,1,0.267,0.575,0.845,0.976,0.902,0.267,0.902,0.902
Seq225,0.918,0.65,1,0.31,0.503,0.918,0.991,0.964,0,0.852,0.852
Seq226,0.764,0.31,1,0,0.764,0.764,1,0.764,0,0.918,0.918
Seq227,0.89,0.619,0.996,0.779,0.391,0.89,0.996,0.996,0.391,0.961,0.961
Seq228,0.885,0.684,0.946,0.33,0.439,0.885,0.983,0.946,0.439,0.885,0.885
Seq229,0.513,0.722,0.985,0.187,0.422,0.513,0.985,0.776,0,0.999,0.999
Seq230,0.918,0.918,0.837,0,0.353,0.918,0.918,0.971,0.353,0.997,0.997
Seq231,0,0.831,0.998,0.297,0.297,0,0.949,0.297,0.485,0.982,0.982
Seq232,0.985,0,0.985,0,0.276,0.985,0.985,0.985,0,0.959,0.959
Seq233,0.414,0.918,0.98,0.811,0.65,0.414,0.918,0.918,0,0.98,0.98
Seq234,0.469,0.286,0.811,0.722,0.61,0.469,0.811,0.881,0.286,0.993,0.993
Seq235,0.722,0.61,0.993,0,0.286,0.722,0.971,0.722,0,0.934,0.934
Seq236,0,0.787,0.998,0.323,0.323,0,0.977,0.523,0.523,0.998,0.998
Seq237,0.371,0.75,0.863,0.371,0.75,0.371,0.75,0.592,0,0.94,0.94
Seq238,0.469,0.286,0.881,0.61,0.61,0.469,0.881,0.881,0.286,0.993,0.993
Seq239,0.391,0,0.391,0.961,0.961,0.391,0.391,0.996,0,0.961,0.961
Seq240,0,0.831,0.998,0,0.297,0,0.982,0.297,0.485,0.982,0.982
Seq241,0.828,0.667,0.999,0.258,0.559,0.828,0.966,0.887,0.258,0.887,0.887
Seq242,0.625,0.544,0.974,0,0.337,0.625,0.989,0.625,0.337,0.997,0.997
Seq243,0.469,0.286,0.881,0.722,0.61,0.469,0.881,0.934,0.286,0.993,0.993
Seq244,0.65,0.811,1,0,0.65,0.65,1,0.811,0.414,0.65,0.65
Seq245,0.286,0.971,0.993,0,0.469,0.286,0.993,0.469,0.286,1,1
Seq246,0.503,0.65,1,0,0.764,0.503,1,0.503,0,0.964,0.964
Seq247,0.758,0.974,0.896,0,0.337,0.758,0.997,0.758,0.696,0.997,0.997
Seq248,0.513,0.661,0.995,0,0,0.513,0.985,0.661,0,0.995,0.995
Seq249,0.592,0.722,0.971,0,0.316,0.592,0.952,0.822,0,0.999,0.999
Seq250,0.391,0.779,0.961,0.391,0.779,0.391,0.961,0.779,0.619,0.89,0.89
Seq251,0.503,0.503,1,0,0.764,0.503,1,0.503,0,0.918,0.918
Seq252,0.918,0,0.918,0,0,0.918,0.918,0.918,0,0.918,0.918
Seq253,0.469,0.286,0.881,0.722,0.61,0.469,0.881,0.934,0,1,1
Seq254,0.469,0.286,0.881,0.61,0.61,0.469,0.881,0.881,0.286,0.993,0.993
Seq255,0.65,0.503,1,0,0.764,0.65,1,0.65,0,0.918,0.918
Seq256,0.31,0.65,0.764,0.31,0.65,0.31,0.852,0.503,0,1,1
Seq257,0,0.89,0.996,0.391,0.391,0,0.961,0.391,0.619,0.996,0.996
Seq258,0.513,0.661,0.995,0,0,0.513,0.985,0.661,0.187,0.995,0.995
Seq259,0.722,0.722,0.971,0,0.567,0.722,0.997,0.722,0,0.971,0.971
Seq260,0.918,0.65,1,0.31,0.65,0.918,0.991,0.964,0,0.852,0.852
Seq261,0.672,0.834,0.99,0,0.191,0.672,1,0.834,0,0.99,0.99
Seq262,0.581,0.764,0.991,0.581,0.581,0.581,0.98,0.98,0.503,0.964,0.964
Seq263,0.61,0.881,0.993,0,0.469,0.61,0.811,0.61,0.286,0.971,0.971
Seq264,0.439,0.439,0.994,0,0.439,0.439,0.994,0.845,0,0.994,0.994
Seq265,0.918,0.852,0.964,0,0.503,0.918,0.991,0.918,0.764,1,1
Seq266,0.619,0.391,0.961,0,0.619,0.619,0.996,0.619,0,0.89,0.89
Seq267,0.758,0.974,0.896,0,0.337,0.758,1,0.758,0.696,0.997,0.997
Seq268,0.696,0.989,0.896,0,0.337,0.696,1,0.696,0.696,0.989,0.989
Seq269,0,0.831,0.998,0.297,0.297,0,0.982,0.485,0.485,0.949,0.949
Seq270,0.619,0.391,0.961,0,0.619,0.619,0.996,0.619,0,0.89,0.89
Seq271,0.371,0.592,0.985,0,0.75,0.371,0.94,0.371,0.371,0.94,0.94
Seq272,0.773,0.684,1,0.575,0.439,0.773,0.976,0.946,0.439,0.976,0.976
Seq273,0.65,0.503,0.964,0.503,0.503,0.65,0.918,0.964,0,0.964,0.964
Seq274,0.874,0.523,0.977,0,0.523,0.874,0.977,0.874,0,0.787,0.787
Seq275,0,0.881,1,0,0.286,0,0.993,0.286,0,0.993,0.993
Seq276,0.414,0.811,0.98,0,0.65,0.414,0.98,0.65,0.414,0.65,0.65
Seq277,0.65,0.811,1,0,0.65,0.65,1,0.811,0.414,0.65,0.65
Seq278,0.469,0.286,0.811,0.722,0.61,0.469,0.811,0.934,0.286,1,1
Seq279,0.286,0.286,0.811,0.722,0.61,0.286,0.811,0.881,0.286,1,1
Seq280,0.959,0.454,0.959,0,0.454,0.959,0.918,0.959,0,0.702,0.702
Seq281,0.619,0.391,0.961,0,0.619,0.619,0.996,0.619,0,0.89,0.89
Seq282,0.469,0.286,0.881,0.722,0.61,0.469,0.881,0.934,0.286,0.993,0.993
Seq283,0.966,0,0.966,0,0.932,0.966,0.966,0.966,0,0.559,0.559
Seq284,0.503,0.764,0.964,0.31,0,0.503,0.964,0.65,0,0.852,0.852
Seq285,0.619,0.391,0.961,0,0.619,0.619,0.996,0.619,0,0.89,0.89
Seq286,0.422,0.592,0.999,0.316,0,0.422,0.995,0.722,0,0.999,0.999
Seq287,0.811,0,0.811,0,0,0.811,1,0.811,0.544,0.954,0.954
Seq288,0.928,0.449,0.974,0,0.201,0.928,0.974,0.928,0,0.857,0.857
Seq289,0.918,0.614,0.946,0,0.196,0.918,0.983,0.918,0.439,0.885,0.885
Seq290,0.469,0.784,0.997,0.211,0.469,0.469,1,0.567,0.353,0.881,0.881
Seq291,0.946,0.439,0.976,0,0,0.946,0.994,0.946,0.267,0.946,0.946
Seq292,0.592,0.702,0.985,0.276,0.592,0.592,0.959,0.702,0.276,0.918,0.918
Seq293,0.948,0.469,0.987,0,0.211,0.948,0.987,0.948,0,0.881,0.881
Seq294,0.943,0.242,0.971,0,0,0.943,0.971,0.943,0,0.855,0.855
Seq295,0.94,0.491,0.985,0,0.222,0.94,0.985,0.94,0,0.906,0.906
Seq296,1,0.65,0.918,0,0,1,1,1,0.65,0.65,0.65
Seq297,0.503,0.991,0.918,0,0,0.503,0.991,0.764,0,0.503,0.503
Seq298,0.852,0.65,1,0,0.503,0.852,0.991,0.852,0.31,0.852,0.852
Seq299,0.677,0.491,0.985,0.222,0.222,0.677,0.985,0.811,0,0.967,0.967
Seq300,0,0.94,1,0,0,0,0.863,0.371,0.592,0.94,0.94
Seq301,0,0.831,0.998,0.297,0.297,0,0.949,0.485,0.485,0.949,0.949
Seq302,0.89,0.706,1,0.235,0.619,0.89,0.983,0.931,0.516,0.961,0.961
Seq303,0.65,0.811,0.98,0.918,0.414,0.65,0.65,1,0,0.811,0.811
Seq304,0.592,0.75,0.94,0.371,0.75,0.592,0.94,0.75,0,1,1
Seq305,0.75,0.75,0.967,0,0.371,0.75,0.985,0.811,0.222,0.906,0.906
Seq306,0.211,0.837,0.987,0,0.353,0.211,0.987,0.567,0,0.997,0.997
Seq307,0.33,0.799,0.983,0,0.33,0.33,0.967,0.684,0,0.994,0.994
Seq308,0.222,0.863,0.985,0,0.222,0.222,0.985,0.592,0,0.985,0.985
Seq309,0.684,0.533,0.983,0.439,0.533,0.684,0.999,0.918,0.196,0.885,0.885
Seq310,0,0.503,0.503,0.31,0.65,0,0.65,0.31,0,1,1
Seq311,0.966,0,0.966,0,0.258,0.966,0.966,0.966,0,0.828,0.828
Seq312,0.258,0.755,0.999,0.426,0.258,0.258,0.966,0.828,0.258,0.988,0.988
Seq313,0.758,0.989,0.896,0,0.337,0.758,1,0.758,0.696,0.989,0.989
Seq314,0.422,0.722,0.995,0.316,0.422,0.422,0.995,0.722,0,0.999,0.999
Seq315,0.513,0.722,0.971,0.187,0.422,0.513,0.971,0.822,0,0.999,0.999
Seq316,0.592,0.822,0.952,0,0.187,0.592,0.971,0.822,0,0.995,0.995
Seq317,0.863,0.592,0.996,0.491,0.75,0.863,0.985,1,0.222,0.863,0.863
Seq318,0.516,0.779,0.983,0.235,0.235,0.516,0.996,0.779,0.391,0.983,0.983
Seq319,0.65,0.65,0.98,0,0.65,0.65,0.98,0.811,0.414,0.65,0.65
Seq320,0.971,0.286,0.993,0,0.993,0.971,0.971,0.971,0,0.61,0.61
Seq321,1,0,1,0,0.222,1,0.985,1,0,0.906,0.906
Seq322,0,0.337,0.544,0,0.544,0,0.811,0.337,0.337,0.954,0.954
Seq323,0,0.831,0.998,0.297,0.297,0,0.982,0.485,0.485,0.982,0.982
Seq324,0.567,0.567,0.971,0,0.567,0.567,0.997,0.722,0,0.918,0.918
Seq325,0.881,0.286,1,0,0.469,0.881,0.993,0.934,0,0.811,0.811
Seq326,0,0.811,1,0.337,0.337,0,0.989,0.544,0.544,1,1
Seq327,0.755,0.426,0.932,0,0.755,0.755,0.999,0.828,0,0.966,0.966
Seq328,0.966,0,0.966,0,0.258,0.966,0.966,0.966,0,0.828,0.828
Seq329,0.672,0.323,0.998,0.672,0.787,0.672,0.998,0.998,0,0.998,0.998
Seq330,0.503,0.852,0.998,0,0.183,0.503,1,0.65,0,0.888,0.888
Seq331,0,0.811,0.954,0,0.954,0,1,0.544,0,1,1
Seq332,0.61,0.61,1,0,0.469,0.61,1,0.722,0,0.722,0.722
Seq333,0,0.742,0.998,0.297,0.297,0,0.949,0.485,0.485,0.982,0.982
Seq334,0.65,0.65,1,0,0.764,0.65,0.991,0.65,0.31,0.964,0.964
Seq335,0.954,0.811,0.954,0,0,0.954,0.811,0.954,0.544,0.954,0.954
Seq336,0.503,0.764,1,0,0.764,0.503,1,0.503,0.31,0.918,0.918
Seq337,0,0.831,0.998,0.297,0.297,0,0.982,0.485,0.485,0.982,0.982
Seq338,0.422,0.592,0.999,0.316,0,0.422,0.995,0.722,0,0.999,0.999
Seq339,0.837,0.837,0.997,0.353,0.353,0.837,0.997,0.918,0,0.918,0.918
Seq340,0.811,0.544,0.954,0,0,0.811,0.954,0.811,0.544,0.954,0.954
Seq341,0,0.918,1,0.414,0.414,0,0.98,0.414,0.65,0.98,0.98
Seq342,0,0.831,0.998,0.297,0,0,0.982,0.485,0.485,0.949,0.949
Seq343,0.661,0.661,0.928,0.187,0.187,0.661,0.928,0.898,0,0.995,0.995
Seq344,0.422,0.776,0.985,0.316,0.513,0.422,0.985,0.722,0,0.999,0.999
Seq345,0.513,0.722,0.971,0.187,0.316,0.513,0.971,0.822,0,0.999,0.999
Seq346,0.513,0.722,0.971,0,0.316,0.513,0.952,0.776,0,0.999,0.999
Seq347,0.391,0.779,0.961,0.391,0.779,0.391,0.996,0.779,0.619,0.961,0.961
Seq348,0.362,0.797,0.929,0,0.663,0.362,0.992,0.362,0.216,0.978,0.978
Seq349,0.722,0.61,0.934,0,0,0.722,0.971,0.881,0,0.993,0.993
Seq350,0,0.811,1,0.286,0.61,0,0.993,0.286,0.286,0.993,0.993
Seq351,0,0.881,0.993,0.286,0.934,0,0.934,0.286,0,0.881,0.881
Seq352,0,0.503,0.918,0,0.503,0,0.991,0.503,0,0.764,0.764
Seq353,0.575,0.684,0.994,0.439,0,0.575,1,0.946,0,0.994,0.994
Seq354,0.605,0.691,0.991,0.229,0.503,0.605,0.991,0.826,0.229,0.918,0.918
Seq355,0.422,0.513,0.999,0.316,0,0.422,0.995,0.722,0,0.995,0.995
Seq356,0.811,0.544,0.954,0,0,0.811,0.989,0.811,0,1,1
Seq357,0.961,0,0.983,0,0.235,0.961,1,0.961,0,0.961,0.961
Seq358,0,0.831,0.998,0.297,0.297,0,0.982,0.485,0.485,0.949,0.949
Seq359,0.562,0.562,0.998,0,0.398,0.562,0.982,0.562,0,0.868,0.868
Seq360,0.523,0.787,0.96,0,0.431,0.523,0.977,0.834,0,0.99,0.99
Seq361,0,0.414,0.544,0,0.544,0,0.871,0.25,0.25,0.995,0.995
Seq362,0.602,0.787,0.99,0,0.523,0.602,0.998,0.734,0.323,0.99,0.99
Seq363,0.795,0.795,0.904,0,0.242,0.795,0.855,0.855,0.242,0.971,0.971
Seq364,0.874,0.523,0.998,0,0.523,0.874,0.998,0.874,0.323,0.787,0.787
Seq365,0.503,0.65,1,0,0.764,0.503,1,0.503,0.31,0.991,0.991
Seq366,0.503,0.764,0.991,0,0.764,0.503,1,0.503,0.31,0.991,0.991
Seq367,0.503,0.65,0.991,0,0.764,0.503,1,0.503,0.31,0.964,0.964
Seq368,0.65,0.65,0.991,0,0.764,0.65,1,0.65,0.31,0.964,0.964
Seq369,0.567,0.837,0.971,0.722,0.353,0.567,0.971,0.918,0,0.971,0.971
Seq370,0.619,0.619,0.89,0,0.779,0.619,0.961,0.619,0,0.89,0.89
Seq371,0,0.918,0.991,0,0,0,0.991,0.503,0.503,0.918,0.918
Seq372,0.503,0.918,0.991,0,0.764,0.503,0.991,0.503,0.503,0,0
Seq373,0.65,0.811,1,0,0.65,0.65,1,0.811,0.414,0.414,0.414
Seq374,0.422,0.513,0.995,0.316,0,0.422,0.999,0.722,0,0.999,0.999
Seq375,0,0.831,0.998,0.297,0.297,0,0.982,0.485,0.485,0.949,0.949
Seq376,0.61,0.722,0.993,0.469,0.61,0.61,0.993,0.881,0.286,0.881,0.881
Seq377,0.286,0.286,0.811,0.722,0.61,0.286,0.811,0.881,0.286,1,1
Seq378,0.544,0,0.954,0,0.811,0.544,0.954,0.544,0,0.954,0.954
Seq379,0.469,0.286,0.881,0.722,0.469,0.469,0.881,0.934,0.286,1,1
Seq380,0,0.845,0.994,0.439,0.439,0,0.946,0.439,0.684,0.994,0.994
Seq381,0.592,0.371,0.863,0,0,0.592,0.985,0.592,0.371,0.94,0.94
Seq382,0.949,0,0.949,0,0,0.949,0.998,0.949,0,0.629,0.629
Seq383,0,0.831,0.998,0.297,0.297,0,0.949,0.485,0.485,0.982,0.982
Seq384,0,0.503,0.503,0,0.65,0,0.764,0,0,0.991,0.991
Seq385,0.414,0.65,0.811,0,0.811,0.414,0.811,0.414,0,0.918,0.918
Seq386,0.989,0,0.989,0,0.201,0.989,0.857,0.989,0,0.997,0.997
Seq387,0.297,0.982,0.949,0,0.949,0.297,0.831,0.297,0,0.998,0.998
Seq388,0.503,0.65,1,0,0.764,0.503,0.991,0.503,0.31,0.964,0.964
Seq389,0.954,0.414,0.98,0,0,0.954,0.995,0.954,0.25,0.918,0.918
Seq390,0,0.267,0.439,0,0.575,0,0.845,0.267,0.267,0.976,0.976
Seq391,0.852,0.65,1,0.31,0.503,0.852,0.991,0.918,0.31,0.918,0.918
Seq392,0.503,0.65,1,0,0.764,0.503,0.991,0.503,0.31,0.991,0.991
Seq393,0.381,0.826,0.918,0,0.503,0.381,0.918,0.691,0.503,0.991,0.991
Seq394,0,0.811,1,0.414,0.811,0,1,0.414,0,0.98,0.98
Seq395,0,0.831,0.998,0.297,0.297,0,0.982,0.485,0.485,0.949,0.949
Seq396,0,0.811,0.954,0.544,0,0,1,0.544,0.337,0.954,0.954
Seq397,0.33,0.684,0.885,0,0.614,0.33,0.983,0.33,0.196,0.994,0.994
Seq398,0,0.863,1,0.371,0.371,0,0.985,0.371,0.592,1,1
Seq399,0.567,0.722,0.971,0.353,0.722,0.567,0.971,0.722,0,0.918,0.918
Seq400,0.48,0.929,0.978,0.216,0.362,0.48,0.999,0.663,0.362,0.992,0.992
Seq401,0.286,0.286,0.722,0.722,0.61,0.286,0.722,0.811,0.286,1,1
Seq402,0.787,0.523,0.937,0,0,0.787,0.977,0.787,0,0.998,0.998
Seq403,0.822,0,0.952,0.187,0.316,0.822,0.999,0.928,0.187,0.985,0.985
Seq404,0.961,0.391,0.996,0,0.619,0.961,0.996,0.961,0,0.619,0.619
Seq405,0.987,0,0.987,0,0.179,0.987,0.999,0.987,0,0.935,0.935
Seq406,0.966,0,0.966,0,0.258,0.966,0.999,0.966,0,0.966,0.966
Seq407,0.65,0.65,0.918,0,0,0.65,0.954,0.954,0,0.995,0.995
Seq408,0.592,0.661,0.999,0,0,0.592,0.995,0.776,0,0.971,0.971
Seq409,0.722,0.567,0.918,0.353,0.722,0.722,0.997,0.837,0,0.971,0.971
Seq410,1,0.31,0.991,0.31,0.764,1,0.964,0.991,0,0.65,0.65
Seq411,0.513,0.592,0.999,0.187,0,0.513,0.995,0.722,0,0.995,0.995
Seq412,0.966,0,0.966,0,0.932,0.966,0.966,0.966,0,0.828,0.828
Seq413,0.904,0.402,0.999,0,0,0.904,0.99,0.904,0.242,0.855,0.855
Seq414,0.297,0.9,0.982,0.485,0.629,0.297,0.831,0.742,0,0.998,0.998
Seq415,0.323,0.937,0.998,0.523,0.672,0.323,0.874,0.787,0,0.977,0.977
Seq416,0.353,0.971,0.997,0.567,0.567,0.353,0.918,0.837,0,0.918,0.918
Seq417,0,0.503,0.918,0.503,0.503,0,0.764,0.764,0.503,0.991,0.991
Seq418,0,0.544,0.954,0.544,0,0,0.811,0.811,0.544,0.954,0.954
Seq419,0,0.567,0.918,0.567,0.353,0,0.837,0.722,0.353,0.971,0.971
Seq420,0.353,0.567,0.918,0.567,0.567,0.353,0.837,0.837,0.353,0.997,0.997
Seq421,0.831,0.629,0.998,0.297,0.485,0.831,0.982,0.9,0.297,0.9,0.9
Seq422,0.811,0.881,0.993,0.286,0.811,0.811,0.971,0.881,0.286,0.881,0.881
Seq423,0.971,0.469,1,0,0.971,0.971,0.971,0.971,0.286,0.722,0.722
Seq424,0.985,0,0.985,0,0.276,0.985,0.985,0.985,0,0.959,0.959
Seq425,0,0.831,0.998,0.297,0.297,0,0.949,0.485,0.485,0.982,0.982
Seq426,0,0.742,0.998,0.297,0.297,0,0.982,0.485,0.485,0.982,0.982
Seq427,0.567,0.65,0.997,0.567,0.353,0.567,0.987,0.948,0.211,1,1
Seq428,0.753,0.494,0.974,0.179,0.303,0.753,0.999,0.842,0,0.995,0.995
Seq429,0.764,0.503,0.918,0,0,0.764,0.991,0.764,0.503,0.991,0.991
Seq430,0,0.831,0.998,0.297,0.297,0,0.982,0.485,0.485,0.949,0.949
Seq431,0,0.742,0.998,0.297,0.297,0,0.949,0.485,0.485,0.982,0.982
Seq432,0.592,0.316,0.995,0.316,0,0.592,0.999,0.822,0,0.995,0.995
Seq433,0.722,0.863,0.822,0,0.316,0.722,0.863,0.863,0,0.985,0.985
Seq434,0.61,0.469,0.811,0.286,0,0.61,0.934,0.722,0,0.993,0.993
Seq435,0.503,0.764,1,0,0.764,0.503,0.918,0.503,0.31,1,1
Seq436,0.902,0.439,0.976,0,0.575,0.902,0.994,0.902,0,0.946,0.946
Seq437,0.634,0.402,0.99,0,0.242,0.634,0.999,0.855,0.242,0.99,0.99
Seq438,0.661,0.661,0.952,0.187,0.187,0.661,0.952,0.822,0,0.985,0.985
Seq439,0.722,0.722,0.898,0,0.316,0.722,0.863,0.863,0,0.952,0.952
Seq440,0.722,0.776,0.898,0,0.316,0.722,0.863,0.863,0,0.952,0.952
Seq441,0.722,0.822,0.863,0,0.316,0.722,0.863,0.863,0,0.971,0.971
Seq442,0.575,0.684,0.902,0.439,0.684,0.575,0.946,0.773,0.267,1,1
Seq443,0.297,0.831,0.982,0,0.9,0.297,0.982,0.629,0,0.998,0.998
Seq444,0.852,0.764,1,0.31,0.65,0.852,0.964,0.918,0.31,0.918,0.918
Seq445,0.544,0.738,0.995,0,0,0.544,0.995,0.65,0,1,1
Seq446,0.722,0.61,0.934,0,0,0.722,0.971,0.881,0,1,1
Seq447,0.371,0.592,0.985,0,0,0.371,0.985,0.371,0,1,1
Seq448,0.503,0,0.764,0,0.918,0.503,0.918,0.764,0,0.764,0.764
Seq449,0.513,0.422,0.995,0.316,0,0.513,0.999,0.776,0,0.999,0.999
Seq450,0.469,0.722,1,0,0.722,0.469,1,0.469,0.286,0.993,0.993
Seq451,0.485,0.742,0.998,0,0.742,0.485,0.982,0.485,0.297,0.982,0.982
Seq452,0.764,0.65,1,0,0.764,0.764,0.991,0.764,0.31,0.852,0.852
Seq453,0.989,0.696,0.544,0,0.337,0.989,0.696,0.954,0,0.696,0.696
Seq454,0.559,0.258,0.828,0.258,0.559,0.559,0.828,0.667,0.258,0.966,0.966
Seq455,0.414,0.414,0.98,0.414,0.414,0.414,0.98,0.918,0.65,0.98,0.98
Seq456,0.881,0.286,0.993,0,0.61,0.881,0.971,0.934,0,0.722,0.722
Seq457,0.878,0.494,0.987,0.179,0.303,0.878,0.974,0.935,0,0.878,0.878
Seq458,0.362,0.736,0.894,0,0.663,0.362,0.992,0.362,0,0.958,0.958
Seq459,0.971,0.469,1,0,0.971,0.971,1,0.971,0,0.469,0.469
Seq460,0,0.831,0.998,0.297,0.297,0,0.982,0.485,0.297,0.949,0.949
Seq461,0.503,0.65,1,0,0.764,0.503,0.991,0.503,0.31,0.964,0.964
Seq462,0.503,0.65,1,0,0.764,0.503,0.991,0.503,0.31,0.964,0.964
Seq463,0.503,0.65,1,0,0.764,0.503,0.991,0.503,0.31,0.991,0.991
Seq464,0,0.831,0.998,0.297,0.297,0,0.949,0.485,0.485,0.982,0.982
Seq465,0.503,0.852,0.852,0,0.31,0.503,0.888,0.764,0,0.888,0.888
Seq466,0.286,0.286,0.722,0.722,0.722,0.286,0.811,0.811,0.286,0.971,0.971
Seq467,0.999,0,0.999,0,0.904,0.999,0.999,0.999,0,0.529,0.529
Seq468,0.371,0.906,0.811,0,0.222,0.371,0.863,0.75,0,0.863,0.863
Seq469,0.738,0.544,0.98,0,0.65,0.738,0.995,0.811,0.414,0.738,0.738
Seq470,0,0.764,1,0.31,0.31,0,0.991,0.503,0.503,0.991,0.991
Seq471,0.503,0.65,1,0,0.764,0.503,0.991,0.503,0.31,0.964,0.964
Seq472,0.503,0.65,1,0,0.764,0.503,0.991,0.503,0.31,0.918,0.918
Seq473,0.503,0.65,1,0,0.764,0.503,0.991,0.503,0.31,0.918,0.918
Seq474,0.706,0.706,0.961,0.235,0.235,0.706,0.983,0.779,0,0.983,0.983
Seq475,0.605,0.503,0.975,0,0,0.605,0.951,0.826,0,0.918,0.918
Seq476,0.371,0.996,0.863,0,0.371,0.371,0.985,0.677,0,0.996,0.996
Seq477,0,0.837,0.997,0.353,0.353,0,0.997,0.567,0.567,0.997,0.997
Seq478,0.764,0,0.764,0,0.918,0.764,0.918,0.764,0,0.503,0.503
Seq479,0.422,0.592,0.999,0.316,0,0.422,0.999,0.722,0,0.999,0.999
Seq480,0.881,0.286,1,0,0.469,0.881,0.993,0.934,0,0.811,0.811
Seq481,0.559,0.426,0.999,0,0,0.559,0.988,0.887,0,0.999,0.999
Seq482,0.323,0.523,0.672,0.323,0.523,0.323,0.937,0.523,0,0.998,0.998
Seq483,0.773,0.575,0.994,0,0.575,0.773,0.976,0.773,0,0.902,0.902
Seq484,0.592,0.661,0.952,0.187,0.187,0.592,0.952,0.863,0,0.995,0.995
Seq485,0.661,0.661,0.952,0.187,0.187,0.661,0.952,0.822,0,0.985,0.985
Seq486,0.722,0.822,0.863,0,0.316,0.722,0.822,0.863,0,0.971,0.971
Seq487,0.503,0.918,0.764,0,0.503,0.503,0.764,0.503,0.764,0.991,0.991
Seq488,0.559,0.828,0.988,0,0,0.559,0.999,0.559,0.258,0.966,0.966
Seq489,0.286,0.469,0.881,0.722,0.61,0.286,0.722,0.881,0.61,1,1
Seq490,0.431,0.787,0.908,0,0.523,0.431,0.937,0.734,0.191,0.787,0.787
Seq491,0.605,0.381,0.877,0.229,0.503,0.605,0.918,0.691,0.229,0.951,0.951
Seq492,0.337,0.696,1,0,0.696,0.337,0.989,0.337,0.337,0.989,0.989
Seq493,0.874,0.323,0.998,0,0.523,0.874,0.998,0.937,0,0.874,0.874
Seq494,0.999,0,0.999,0,0.229,0.999,0.999,0.999,0,0.951,0.951
Seq495,0.286,0.61,0.881,0.722,0.722,0.286,0.722,0.881,0.469,0.993,0.993
Seq496,0.881,0.469,1,0,0.469,0.881,0.993,0.934,0,0.811,0.811
Seq497,0.439,0.439,0.946,0.439,0.439,0.439,0.845,0.845,0.439,0.994,0.994
Seq498,0.918,0.65,1,0,0.764,0.918,0.991,0.918,0.31,0.764,0.764
Seq499,0.353,0.722,0.918,0,0.353,0.353,0.918,0.353,0,0.918,0.918
Seq500,0.811,0.811,1,0.286,0.286,0.811,0.993,0.881,0,0.934,0.934
Seq501,0.852,0.65,1,0,0.764,0.852,0.991,0.852,0.31,0.852,0.852
Seq502,0.918,0,0.918,0,0.918,0.918,0.918,0.918,0,0,0
Seq503,0,0.971,0.918,0,0,0,0.997,0.353,0,0.918,0.918
Seq504,0.929,0.579,0.978,0,0.216,0.929,0.992,0.929,0.216,0.929,0.929
Seq505,0.918,0.414,0.98,0,0,0.918,0.98,0.918,0.65,0.918,0.918
Seq506,0.469,0.469,0.997,0,0,0.469,0.987,0.837,0,1,1
Seq507,0.503,0.65,1,0,0.764,0.503,0.991,0.503,0.31,0.964,0.964
Seq508,0.722,0.469,0.881,0,0,0.722,0.971,0.722,0.469,1,1
Seq509,0.503,0.65,1,0,0.764,0.503,0.991,0.503,0.31,0.918,0.918
Seq510,0.65,0.65,0.944,0.183,0.183,0.65,0.944,0.852,0,0.991,0.991
Seq511,0.65,0.65,0.918,0.183,0.183,0.65,0.918,0.852,0,0.998,0.998
Seq512,0.503,0.811,0.944,0,0.581,0.503,0.964,0.711,0,0.811,0.811
Seq513,0.722,0,0.722,0.469,0,0.722,0.722,0.881,0,1,1
Seq514,0.258,0.887,0.988,0.559,0.559,0.258,0.828,0.828,0,0.966,0.966
Seq515,0.286,0.286,0.811,0.722,0.722,0.286,0.811,0.881,0.286,0.993,0.993
Seq516,0.414,0.414,0.918,0.414,0.414,0.414,0.811,0.811,0.414,1,1
Seq517,0.494,0.571,0.987,0,0.179,0.494,0.957,0.8,0,0.987,0.987
Seq518,0.31,0.888,0.918,0,0.503,0.31,0.964,0.711,0.31,0.918,0.918
Seq519,0.414,0.811,0.888,0,0.503,0.414,0.944,0.811,0.31,0.918,0.918
Seq520,0.7,0.7,0.935,0,0.753,0.7,0.987,0.753,0.179,0.753,0.753
Seq521,0.503,0.65,0.991,0,0.764,0.503,0.964,0.503,0.31,1,1
Seq522,0.485,0.629,0.998,0,0.742,0.485,0.998,0.485,0.297,0.982,0.982
Seq523,0.469,0.722,1,0,0.811,0.469,0.971,0.469,0.286,0.971,0.971
Seq524,0.918,0.533,0.967,0,0.196,0.918,0.983,0.918,0.196,0.885,0.885
Seq525,0.946,0.439,0.994,0,0,0.946,0.946,0.946,0.439,0.946,0.946
Seq526,0.276,0.918,0.985,0.592,0.592,0.276,0.792,0.792,0,0.985,0.985
Seq527,0.503,0.65,1,0,0.764,0.503,0.991,0.503,0.31,0.964,0.964
Seq528,0.998,0,0.998,0,0.323,0.998,0.998,0.998,0,0.672,0.672
Seq529,0.414,0.811,0.964,0.183,0.581,0.414,0.98,0.711,0,0.852,0.852
Seq530,0.503,0.65,1,0,0.764,0.503,0.991,0.503,0.31,0.964,0.964
Seq531,0.414,0.852,0.918,0,0.414,0.414,0.944,0.711,0,0.888,0.888
Seq532,0.286,0.61,0.811,0.722,0.722,0.286,0.722,0.811,0.469,1,1
Seq533,0.503,0.811,0.944,0,0.581,0.503,0.964,0.711,0,0.811,0.811
Seq534,0.65,0.65,0.944,0.183,0.183,0.65,0.944,0.811,0,0.991,0.991
Seq535,0.985,0.702,0.863,0,0.276,0.985,0.959,0.998,0.276,0.959,0.959
Seq536,0.991,0.31,0.964,0,0.764,0.991,0.918,0.991,0,0.503,0.503
Seq537,0.605,0.877,0.991,0,0,0.605,0.975,0.764,0,0.826,0.826
Seq538,0.65,0.764,0.991,0.65,0.31,0.65,0.964,0.964,0,0.852,0.852
Seq539,0.567,0.353,0.918,0.567,0.353,0.567,0.918,0.918,0.353,0.997,0.997
Seq540,0.881,0.469,0.971,0,0,0.881,0.971,0.881,0.469,0.971,0.971
Seq541,0.414,0.811,0.944,0,0.581,0.414,0.964,0.65,0,0.811,0.811
Seq542,0.286,0.61,0.811,0.722,0.722,0.286,0.722,0.811,0.469,0.993,0.993
Seq543,0.286,0.61,0.881,0.722,0.722,0.286,0.722,0.881,0.469,0.993,0.993
Seq544,0.414,0.991,0.944,0,0.581,0.414,0.964,0.65,0,0.852,0.852
Seq545,0.414,0.711,0.991,0,0.65,0.414,0.998,0.764,0,0.852,0.852
Seq546,0.31,0.711,0.98,0,0.65,0.31,0.991,0.711,0,0.852,0.852
Seq547,0.414,0.711,0.98,0,0.65,0.414,0.991,0.764,0,0.852,0.852
Seq548,0.414,0.581,1,0,0.711,0.414,0.998,0.764,0,0.811,0.811
Seq549,0.414,0.65,0.998,0,0.711,0.414,1,0.764,0,0.811,0.811
Seq550,0.991,0.503,0.991,0,0,0.991,0.991,0.991,0,0.918,0.918
Seq551,0.567,0.567,0.918,0,0.353,0.567,0.918,0.567,0,0.567,0.567
Seq552,0.971,0.722,0.971,0,0,0.971,0.971,0.971,0,0.881,0.881
Seq553,0.414,0.811,0.944,0,0.581,0.414,0.964,0.65,0,0.852,0.852
Seq554,0.503,0.811,0.944,0,0.581,0.503,0.964,0.711,0,0.811,0.811
Seq555,0.661,0.661,0.952,0.187,0.187,0.661,0.952,0.863,0,0.985,0.985
Seq556,0.661,0.661,0.928,0.187,0.187,0.661,0.898,0.863,0,0.985,0.985
Seq557,1,0.592,0.94,0,0.371,1,0.592,1,0,0.94,0.94
Seq558,0.559,0.755,0.988,0.426,0.258,0.559,0.999,0.932,0.258,0.999,0.999
Seq559,0.469,0.784,1,0.353,0.353,0.469,0.987,0.837,0.353,1,1
Seq560,0.286,0.61,0.881,0.722,0.61,0.286,0.722,0.881,0.469,0.971,0.971
Seq561,0.65,0.414,1,0,0.811,0.65,0.98,0.811,0,0.918,0.918
Seq562,0.795,0.722,0.943,0,0.402,0.795,0.904,0.904,0.242,0.904,0.904
Seq563,0.544,0,0.811,0,0.954,0.544,0.811,0.544,0,0.954,0.954
Seq564,0.562,0.562,0.998,0,0.398,0.562,0.982,0.562,0,0.927,0.927
Seq565,1,0.469,0.971,0,0.971,1,0.971,1,0,0,0
Seq566,0.544,0,0.954,0,0.954,0.544,0.954,0.544,0,0.954,0.954
Seq567,0.31,0.764,0.964,0,0.581,0.31,0.98,0.711,0,0.888,0.888
Seq568,0.297,0.968,0.949,0,0.297,0.297,0.992,0.689,0,0.998,0.998
Seq569,0.391,0.391,0.89,0.619,0.391,0.391,0.779,0.89,0.391,0.996,0.996
Seq570,0.414,0.852,0.944,0.183,0.503,0.414,0.964,0.711,0,0.888,0.888
Seq571,0.31,0.503,0.918,0.503,0.503,0.31,0.991,0.65,0,1,1
Seq572,0.454,0.592,0.985,0.454,0.454,0.454,0.985,0.702,0.276,0.998,0.998
Seq573,0.661,0.661,0.952,0.187,0.187,0.661,0.952,0.822,0,0.971,0.971
Seq574,0.722,0.722,0.993,0,0.61,0.722,0.971,0.811,0,0.993,0.993
Seq575,0.362,0.663,0.85,0,0.663,0.362,0.992,0.362,0,0.978,0.978
Seq576,0.362,0.736,0.929,0,0.579,0.362,0.999,0.48,0.216,0.978,0.978
Seq577,0.544,0,0.811,0,0.954,0.544,0.811,0.544,0,0.811,0.811
Seq578,0.414,0.414,0.65,0,0.98,0.414,0.65,0.414,0,0.65,0.65
Seq579,0.702,0.702,0.998,0,0.454,0.702,0.998,0.792,0.276,0.985,0.985
Seq580,0.888,0.581,0.991,0.711,0.414,0.888,0.964,1,0.183,0.991,0.991
Seq581,0.414,0.811,0.918,0,0.503,0.414,0.964,0.811,0.31,0.944,0.944
Seq582,0.661,0.661,0.952,0.187,0.316,0.661,0.928,0.863,0,0.971,0.971
Seq583,0.544,0,0.954,0,0.954,0.544,0.954,0.544,0,0.811,0.811
Seq584,0.592,0.316,0.985,0.316,0,0.592,0.999,0.822,0,0.995,0.995
Seq585,0.414,0.852,0.918,0,0.503,0.414,0.964,0.764,0.31,0.918,0.918
Seq586,0.422,0.863,0.898,0,0.316,0.422,0.928,0.722,0,0.898,0.898
Seq587,0.544,0,0.954,0,0.954,0.544,0.954,0.544,0,0.811,0.811
Seq588,0.592,0.776,0.971,0,0.316,0.592,0.971,0.822,0,0.999,0.999
Seq589,0.918,0.567,0.918,0,0.353,0.918,0.971,0.997,0.353,0.997,0.997
Seq590,0.837,0.567,0.918,0,0.353,0.837,0.971,0.971,0.353,0.997,0.997
Seq591,0.31,0.852,0.918,0,0.503,0.31,0.964,0.711,0.31,0.888,0.888
Seq592,0.31,0.711,0.98,0,0.65,0.31,0.991,0.711,0,0.852,0.852
Seq593,0.431,0.787,0.908,0.191,0.431,0.431,0.937,0.787,0.191,0.834,0.834
Seq594,0,0.567,0.918,0.722,0.567,0,0.918,0.918,0.353,0.997,0.997
Seq595,0.353,0.567,0.918,0.567,0.353,0.353,0.837,0.837,0.567,0.997,0.997
Seq596,0.353,0.567,0.918,0.567,0.353,0.353,0.837,0.837,0.353,0.997,0.997
Seq597,0.503,0.98,0.888,0,0.31,0.503,0.944,0.581,0.183,0.998,0.998
Seq598,0.491,0.863,1,0,0.222,0.491,1,0.677,0,0.863,0.863
Seq599,0.414,0.764,0.944,0,0.581,0.414,0.964,0.764,0,0.888,0.888
Seq600,0.371,0.371,0.863,0.592,0.371,0.371,0.75,0.863,0.371,0.985,0.985
Seq601,0.677,0.811,1,0,0.371,0.677,1,0.677,0,0.811,0.811
Seq602,0.286,0.722,0.971,0.469,0.286,0.286,0.881,0.811,0.286,0.971,0.971
Seq603,0.414,0.852,0.944,0,0.581,0.414,0.964,0.65,0,0.811,0.811
Seq604,0.562,0.562,1,0,0.398,0.562,0.992,0.629,0,0.9,0.9
Seq605,0.661,0.661,0.952,0.187,0.187,0.661,0.928,0.822,0,0.971,0.971
Seq606,0.414,0,0.918,0.414,0.811,0.414,0.98,0.811,0,0.98,0.98
Seq607,0.491,0.94,0.985,0,0,0.491,0.985,0.677,0,0.811,0.811
Seq608,0.31,0.503,0.918,0.503,0.31,0.31,0.852,0.852,0.31,0.991,0.991
Seq609,0.414,0.764,0.944,0,0.503,0.414,0.964,0.764,0,0.888,0.888
Seq610,0.414,0.811,0.964,0,0.65,0.414,0.98,0.65,0,0.811,0.811
Seq611,0.371,0.94,0.996,0,0,0.371,0.996,0.592,0.222,0.94,0.94
Seq612,0.414,0.852,0.888,0,0.414,0.414,0.918,0.764,0,0.918,0.918
Seq613,0.33,0.845,0.994,0.33,0.614,0.33,0.994,0.614,0.196,0.967,0.967
Seq614,0.824,0.345,0.981,0,0.206,0.824,0.938,0.824,0,0.709,0.709
Seq615,0.414,0.852,0.944,0,0.65,0.414,0.964,0.65,0,0.811,0.811
Seq616,0.764,0.581,0.98,0.31,0.414,0.764,0.918,0.944,0.183,0.944,0.944
Seq617,0.286,0.61,0.993,0.469,0.469,0.286,0.971,0.61,0,1,1
Seq618,0.65,0.544,0.995,0,0,0.65,1,0.871,0,1,1
Seq619,0,0.559,0.559,0,0.426,0,0.932,0,0.426,0.887,0.887
Seq620,0.503,0.811,0.852,0,0.31,0.503,0.888,0.764,0,0.888,0.888
Seq621,0.353,0.567,0.918,0.567,0.567,0.353,0.918,0.837,0.353,0.997,0.997
Seq622,0.503,0.811,0.852,0,0.414,0.503,0.888,0.764,0,0.852,0.852
Seq623,0.398,0.562,0.982,0,0.398,0.398,0.968,0.629,0.297,0.968,0.968
Seq624,0.33,0.746,0.967,0.33,0.533,0.33,0.999,0.533,0.196,0.983,0.983
Seq625,0.503,0.65,0.998,0,0,0.503,0.991,0.65,0.183,0.991,0.991
Seq626,0.65,0.65,1,0,0.811,0.65,1,0.65,0,0.65,0.65
Seq627,0.592,0.677,0.967,0,0.491,0.592,1,0.592,0,0.863,0.863
Seq628,0.414,0.811,0.944,0,0.581,0.414,0.964,0.711,0,0.852,0.852
Seq629,0.414,0.888,0.918,0,0.503,0.414,0.944,0.65,0,0.888,0.888
Seq630,0.491,0.94,0.985,0,0,0.491,0.996,0.677,0,0.811,0.811
Seq631,0.414,0.852,0.811,0,0.414,0.414,0.888,0.811,0.31,0.918,0.918
Seq632,0.722,0.661,0.928,0,0.316,0.722,0.898,0.863,0,0.952,0.952
Seq633,0.414,0.918,0.944,0,0.581,0.414,0.964,0.65,0,0.852,0.852
Seq634,0.562,0.562,1,0,0.398,0.562,0.992,0.629,0,0.927,0.927
Seq635,0.353,0.567,0.918,0.567,0.353,0.353,0.837,0.918,0.353,0.997,0.997
Seq636,0.503,0.964,0.918,0.183,0.183,0.503,0.944,0.711,0.183,0.998,0.998
Seq637,0.592,0.702,0.998,0.276,0.702,0.592,0.985,0.792,0,0.863,0.863
Seq638,0.562,0.629,1,0,0.398,0.562,0.992,0.562,0,0.927,0.927
Seq639,0.503,0.811,0.811,0,0.31,0.503,0.852,0.764,0,0.852,0.852
Seq640,0.414,0.852,0.944,0,0.503,0.414,0.964,0.65,0,0.888,0.888
Seq641,0.562,0.629,1,0,0.398,0.562,0.992,0.562,0,0.927,0.927
Seq642,0.533,0.614,0.983,0.33,0.533,0.533,0.994,0.746,0.196,0.994,0.994
Seq643,0.414,0.852,0.852,0,0.414,0.414,0.918,0.711,0.183,0.852,0.852
Seq644,0.562,0.629,0.998,0,0.398,0.562,0.998,0.629,0,0.9,0.9
Seq645,0.414,0.811,0.852,0,0.31,0.414,0.888,0.711,0.183,0.852,0.852
Seq646,0.414,0.852,0.888,0,0.414,0.414,0.944,0.711,0.31,0.852,0.852
Seq647,0.414,0.811,0.964,0,0.65,0.414,0.98,0.65,0,0.811,0.811
Seq648,0.414,0.852,0.964,0,0.581,0.414,0.98,0.581,0,0.811,0.811
Seq649,0.562,0.629,0.998,0,0.398,0.562,0.998,0.629,0,0.927,0.927
Seq650,0.65,0.65,0.964,0.183,0.183,0.65,0.964,0.811,0,0.98,0.98
Seq651,0.398,0.831,0.9,0,0.398,0.398,0.949,0.689,0.297,0.831,0.831
Seq652,0.353,0.567,0.918,0.567,0.353,0.353,0.837,0.918,0.353,0.971,0.971
Seq653,0.414,0.852,0.944,0,0.581,0.414,0.964,0.711,0,0.852,0.852
Seq654,0.562,0.562,1,0,0.398,0.562,0.998,0.629,0.176,0.927,0.927
Seq655,0.414,0.888,0.944,0,0.581,0.414,0.964,0.65,0,0.852,0.852
Seq656,0.562,0.562,1,0,0.398,0.562,0.992,0.629,0,0.949,0.949
Seq657,0.562,0.629,0.998,0,0.398,0.562,0.998,0.629,0,0.927,0.927
Seq658,0.422,0.592,0.995,0,0,0.422,0.985,0.776,0,0.995,0.995
Seq659,0.414,0.888,0.944,0,0.581,0.414,0.964,0.65,0,0.852,0.852
Seq660,0.562,0.629,0.998,0,0.398,0.562,0.998,0.629,0,0.949,0.949
Seq661,0.562,0.868,0.742,0,0.398,0.562,0.868,0.689,0,0.79,0.79
Seq662,0.513,0.592,0.985,0,0,0.513,0.971,0.776,0,0.952,0.952
Seq663,0.414,0.852,0.918,0,0.503,0.414,0.944,0.711,0,0.888,0.888
Seq664,0.414,0.852,0.944,0.183,0.581,0.414,0.964,0.711,0,0.888,0.888
Seq665,0.353,0.353,0.837,0.567,0.567,0.353,0.837,0.837,0.353,0.997,0.997
Seq666,0.353,0.353,0.837,0.567,0.567,0.353,0.837,0.837,0.353,0.997,0.997
Seq667,0.431,0.834,0.874,0,0.431,0.431,0.937,0.734,0.191,0.834,0.834
Seq668,0.414,0.764,0.964,0,0.503,0.414,0.98,0.711,0,0.852,0.852
Seq669,0.414,0.888,0.944,0,0.581,0.414,0.964,0.65,0,0.852,0.852
Seq670,0.562,0.689,0.982,0,0.398,0.562,0.998,0.629,0,0.927,0.927
Seq671,0.431,0.787,0.908,0,0.431,0.431,0.937,0.734,0.191,0.834,0.834
Seq672,0.431,0.787,0.908,0,0.431,0.431,0.937,0.734,0.191,0.787,0.787
Seq673,0.414,0.811,0.888,0,0.414,0.414,0.918,0.711,0.183,0.811,0.811
Seq674,0.811,0.677,0.75,0,0.491,0.811,0.811,0.863,0,0.592,0.592
Seq675,0.353,0.918,0.997,0,0.567,0.353,0.971,0.353,0.353,0.918,0.918
Seq676,0.353,0.918,0.997,0,0.567,0.353,0.918,0.567,0.353,0.971,0.971
Seq677,0.33,0.746,0.967,0.33,0.533,0.33,0.999,0.533,0.196,0.983,0.983
Seq678,0.439,0.614,0.994,0.33,0.533,0.439,0.994,0.684,0.196,0.994,0.994
Seq679,0.414,0.852,0.852,0,0.414,0.414,0.918,0.764,0.31,0.888,0.888
Seq680,0.414,0.852,0.888,0,0.503,0.414,0.944,0.811,0.31,0.918,0.918
Seq681,0.414,0.764,0.964,0,0.503,0.414,0.964,0.711,0,0.852,0.852
Seq682,0.414,0.811,0.964,0,0.581,0.414,0.964,0.65,0,0.852,0.852
Seq683,0.31,0.918,0.944,0,0.581,0.31,0.964,0.581,0,0.852,0.852
Seq684,0.439,0.845,0.994,0.439,0.439,0.439,0.946,0.845,0,0.684,0.684
Seq685,0.414,0.414,0.65,0,0.98,0.414,0.65,0.414,0,0.918,0.918
Seq686,0.414,0.811,0.918,0.414,0.65,0.414,0.918,0.65,0,0.811,0.811
Seq687,0.896,0.337,0.954,0,0.989,0.896,0.954,0.896,0,0.544,0.544
Seq688,0.896,0.337,0.954,0,0.989,0.896,0.954,0.896,0,0.544,0.544
Seq689,0.503,0.65,1,0,0.764,0.503,0.991,0.503,0.31,0.964,0.964
Seq690,0.503,0.503,0.964,0,0.852,0.503,0.964,0.503,0,0.964,0.964
Seq691,0.503,0.764,0.991,0,0.764,0.503,0.764,0.503,0.31,1,1
Seq692,0.503,0.764,1,0,0.764,0.503,0.964,0.503,0.31,0.991,0.991
Seq693,0.31,0.918,0.964,0.31,0.65,0.31,0.991,0.503,0,0.991,0.991
Seq694,0.672,0.672,0.937,0.323,0,0.672,0.874,0.874,0.323,0.937,0.937
Seq695,0.503,0.65,1,0,0.764,0.503,0.991,0.503,0.31,0.918,0.918
Seq696,0.999,0,0.999,0,0.229,0.999,0.999,0.999,0,0.999,0.999
Seq697,0.999,0,0.999,0,0.764,0.999,0.999,0.999,0,0.381,0.381
Seq698,0.449,0.857,1,0,0.544,0.449,0.989,0.544,0.201,1,1
Seq699,0.974,0,0.974,0,0.179,0.974,0.974,0.974,0,0.987,0.987
Seq700,0.503,0.722,0.982,0.262,0.433,0.503,0.971,0.837,0,0.997,0.997
Seq701,0.426,0.95,0.966,0,0.151,0.426,0.999,0.713,0,1,1
Seq702,0.348,0.966,0.828,0,0.151,0.348,0.932,0.794,0,1,1
Seq703,0.768,0.889,0.976,0.408,0.332,0.768,0.997,0.911,0.475,1,1
Seq704,0.544,0.715,1,0.129,0.129,0.544,1,0.782,0,0.985,0.985
Seq705,0.567,0.61,0.971,0.211,0.286,0.567,0.948,0.837,0,0.997,0.997
Seq706,0.777,0.604,0.99,0.121,0.349,0.777,0.99,0.805,0.121,0.854,0.854
Seq707,0.581,0.65,0.964,0,0.414,0.581,0.98,0.65,0.183,0.811,0.811
Seq708,0.722,0.784,1,0.353,0.469,0.722,0.987,0.918,0.65,0.987,0.987
Seq709,0.773,0.946,0.902,0.439,0.845,0.773,0.994,0.946,0.267,0.976,0.976
Seq710,0.414,0.852,0.944,0,0.581,0.414,0.964,0.65,0,0.852,0.852
Seq711,0.42,0.42,0.997,0.607,0.551,0.42,0.997,0.973,0,0.903,0.903
Seq712,0.581,0.852,0.764,0,0.503,0.581,0.852,0.711,0,0.764,0.764